g Mesh1
v -0.3633417 0.184461 0.1717875
v -0.362238 0.1786198 0.157496
v -0.3645346 0.1893233 0.1651944
v -0.3604377 0.212324 0.1778622
v -0.363025 0.1946734 0.159048
v -0.3596636 0.1839871 0.1517258
v -0.363512 0.2177603 0.1723865
v -0.363512 0.2177603 0.1723865
v -0.3596884 0.2002104 0.1538517
v -0.3570574 0.1895643 0.1461758
v -0.3641559 0.2234614 0.1663592
v -0.3641559 0.2234614 0.1663592
v -0.3554198 0.2469716 0.175666
v -0.3572421 0.2059394 0.1483696
v -0.3569455 0.1953159 0.1402219
v -0.3628058 0.2292986 0.1605701
v -0.3581035 0.253533 0.1712073
v -0.3580135 0.211675 0.1424247
v -0.3605313 0.2007384 0.1351137
v -0.3605776 0.2352792 0.1552075
v -0.3594501 0.260089 0.1661441
v -0.3594501 0.260089 0.1661441
v -0.3616768 0.2170429 0.1372784
v -0.3662488 0.2056929 0.1318059
v -0.3602413 0.2412373 0.1493911
v -0.36045 0.2665457 0.1608796
v -0.348864 0.2892294 0.1719233
v -0.3650208 0.2220368 0.1315782
v -0.3681167 0.2105372 0.1254186
v -0.3614583 0.2464214 0.1429949
v -0.3610446 0.2718405 0.154427
v -0.3510344 0.2983306 0.1654327
v -0.3650204 0.2262234 0.1244298
v -0.3654051 0.2142141 0.1184784
v -0.3624694 0.2507429 0.1359564
v -0.3610968 0.2761307 0.1472211
v -0.3532352 0.3025662 0.1578547
v -0.3651586 0.2297329 0.1169346
v -0.3666829 0.217713 0.1112556
v -0.3630614 0.25434 0.1284711
v -0.3612692 0.2799233 0.139727
v -0.356051 0.3059521 0.1509011
v -0.3655047 0.2324867 0.1091644
v -0.3673833 0.2205015 0.1036244
v -0.3634148 0.2569737 0.1205732
v -0.3614487 0.2822893 0.1316448
v -0.3547665 0.3070284 0.1421001
v -0.3654336 0.2348026 0.1012115
v -0.3677611 0.2229159 0.09578426
v -0.3633742 0.2591294 0.1125099
v -0.3614724 0.2842044 0.1234188
v -0.3534544 0.308178 0.1333919
v -0.3651028 0.2370317 0.09320553
v -0.3680164 0.225327 0.08787735
v -0.3630309 0.2611569 0.1043957
v -0.3610485 0.2858635 0.1151288
v -0.3508964 0.3083102 0.1249809
v -0.3534544 0.308178 0.1333919
v -0.3646916 0.2394896 0.08525656
v -0.3682726 0.2280489 0.08002041
v -0.362598 0.2634804 0.0963518
v -0.3607095 0.2879839 0.1069255
v -0.3491191 0.3096089 0.1165096
v -0.3245789 0.3172685 0.119397
v -0.32561 0.3146574 0.1275388
v -0.3534544 0.308178 0.1333919
v -0.3001316 0.323936 0.121764
v -0.3005268 0.3198233 0.1292818
v -0.3265913 0.3123316 0.1356263
v -0.3534544 0.308178 0.1333919
v -0.3007763 0.3158502 0.137142
v -0.3272201 0.3099855 0.1436179
v -0.3547665 0.3070284 0.1421001
v -0.356051 0.3059521 0.1509011
v -0.3272359 0.3071604 0.1514568
v -0.3532352 0.3025662 0.1578547
v -0.3262446 0.302967 0.1584719
v -0.3510344 0.2983306 0.1654327
v -0.3244185 0.2974802 0.1640788
v -0.348864 0.2892294 0.1719233
v -0.3220349 0.2911993 0.1681898
v -0.3443786 0.2802565 0.1722596
v -0.3191753 0.2844565 0.1707863
v -0.3402782 0.2717737 0.173265
v -0.3581035 0.253533 0.1712073
v -0.3160625 0.2776344 0.1724059
v -0.3360211 0.2634611 0.1739518
v -0.3554198 0.2469716 0.175666
v -0.312829 0.2709721 0.1735047
v -0.3320464 0.2562467 0.1738725
v -0.3511124 0.2404529 0.1786004
v -0.3456771 0.2341703 0.1788893
v -0.3604377 0.212324 0.1778622
v -0.3285696 0.2503817 0.1721425
v -0.3401692 0.2284016 0.1766459
v -0.3550418 0.2074616 0.1818436
v -0.3096398 0.2647213 0.1745661
v -0.3554198 0.2469716 0.175666
v -0.363512 0.2177603 0.1723865
v -0.2890663 0.2754595 0.174242
v -0.2860427 0.2698354 0.1749699
v -0.3066923 0.2590745 0.1759797
v -0.3285696 0.2503817 0.1721425
v -0.2826985 0.2645084 0.1763201
v -0.3041993 0.2540047 0.1784578
v -0.3257696 0.2465038 0.1668063
v -0.2789307 0.2596817 0.1779962
v -0.2602849 0.2680535 0.1759336
v -0.2560355 0.2627553 0.176033
v -0.2417365 0.2718854 0.1785357
v -0.2399489 0.2668362 0.1800447
v -0.2229768 0.2755944 0.1802365
v -0.2635382 0.273331 0.1753152
v -0.2432403 0.2765783 0.1767964
v -0.2229797 0.2806668 0.1784812
v -0.2009686 0.284065 0.1792277
v -0.2661787 0.2786116 0.1744203
v -0.2446759 0.2816116 0.1752177
v -0.2233735 0.287013 0.177922
v -0.2012539 0.2910046 0.1791163
v -0.1788299 0.2871692 0.1762415
v -0.1785039 0.281869 0.1776324
v -0.2007983 0.2775683 0.1793611
v -0.2229768 0.2755944 0.1802365
v -0.1565693 0.2853321 0.1783736
v -0.1566449 0.2800642 0.1795323
v -0.1779866 0.2774764 0.1792936
v -0.200756 0.2711751 0.1795372
v -0.2233311 0.2731888 0.1849195
v -0.1770176 0.2747236 0.1816312
v -0.156784 0.2751766 0.1809285
v -0.1570088 0.2708509 0.1832757
v -0.1350688 0.270803 0.1770107
v -0.1361773 0.2642592 0.1801748
v -0.1102153 0.2665675 0.1763691
v -0.1109456 0.2588318 0.1792022
v -0.08347386 0.2635625 0.1755826
v -0.08434883 0.2553876 0.1766779
v -0.05670648 0.2598475 0.1747285
v -0.05741469 0.2516077 0.17517
v -0.02971911 0.2586386 0.1742762
v -0.03023069 0.250369 0.1744039
v -0.002773845 0.2582344 0.1738389
v -0.003219364 0.2499569 0.1738647
v 0.02408251 0.2576698 0.1733725
v 0.02358492 0.2493968 0.17336
v 0.05083422 0.2567014 0.1730904
v 0.05011719 0.2484413 0.172958
v 0.07726108 0.2525625 0.1735051
v 0.07636687 0.2443234 0.1734842
v 0.1038359 0.2492791 0.1733118
v 0.1029657 0.2410381 0.1733068
v 0.1304955 0.2468031 0.1733477
v 0.1295496 0.2385613 0.1733339
v 0.1568951 0.2421654 0.1733802
v 0.1559872 0.2339315 0.1733489
v 0.1836547 0.2404255 0.173233
v 0.18277 0.2321749 0.1732171
v 0.2100334 0.2355213 0.173472
v 0.2091664 0.2272841 0.1733943
v 0.236733 0.2327754 0.1734045
v 0.2360943 0.2245148 0.1733583
v 0.263548 0.2322981 0.1731835
v 0.2630374 0.2240207 0.1731816
v 0.2902943 0.2311537 0.1731552
v 0.289753 0.2228803 0.173148
v 0.3169654 0.2293651 0.1734435
v 0.3163464 0.2210952 0.173448
v 0.3302431 0.2278689 0.1735243
v 0.1844126 0.2487384 0.1732191
v 0.1576725 0.250434 0.1734098
v 0.1312847 0.2551046 0.1733712
v 0.1046113 0.2575553 0.1733043
v 0.07800989 0.2608389 0.1735407
v 0.05153657 0.2649989 0.173117
v 0.02473386 0.2659589 0.1733496
v -0.002140899 0.2665334 0.1738188
v -0.02906195 0.2669299 0.1741842
v -0.05599245 0.2681192 0.1744539
v -0.08270301 0.2718271 0.1747718
v -0.1095225 0.2745296 0.1742478
v -0.1344131 0.2775118 0.1748448
v -0.1339484 0.2844384 0.1733805
v -0.1088274 0.2826845 0.1728978
v -0.08198636 0.2801655 0.1742461
v -0.05529846 0.2764199 0.1743265
v -0.02837967 0.2752495 0.1741257
v -0.1336041 0.2914617 0.1718287
v -0.1565426 0.2907811 0.1767147
v -0.179099 0.2928133 0.1744077
v -0.2016401 0.2981569 0.1785049
v -0.2240059 0.2938505 0.1773704
v -0.2460598 0.2869676 0.1736906
v -0.2684272 0.2839147 0.1732366
v -0.291817 0.2812447 0.1736
v -0.2942829 0.2870511 0.1724878
v -0.270362 0.2892067 0.1717322
v -0.2473422 0.2924529 0.1717663
v -0.2247219 0.3005143 0.1758099
v -0.2020683 0.304833 0.1765543
v -0.1793422 0.298285 0.1714619
v -0.1565465 0.2961968 0.1737294
v -0.1333888 0.298291 0.1692221
v -0.1075969 0.2991588 0.1707176
v -0.1081572 0.2909469 0.1720452
v -0.08131797 0.2885624 0.1738649
v -0.05463275 0.2847462 0.1742036
v -0.02769894 0.2835984 0.1740305
v -0.0007699871 0.2832235 0.1737867
v -0.001462116 0.2748623 0.1738117
v 0.02541881 0.274272 0.1733173
v 0.05223413 0.2733342 0.1730827
v 0.07871414 0.2691419 0.1735968
v 0.1053292 0.2658619 0.1732934
v 0.1320064 0.263457 0.1733999
v 0.1583775 0.2587293 0.1734405
v 0.1851057 0.2571074 0.1731899
v 0.2113982 0.2520901 0.1736186
v 0.2107449 0.2437935 0.1735445
v 0.2373867 0.2410629 0.1734399
v 0.2641546 0.2406085 0.1731811
v 0.2908834 0.239457 0.1731586
v 0.317553 0.2376738 0.1734566
v 0.3308271 0.2361484 0.1735198
v 0.2380152 0.249379 0.1734625
v 0.2647576 0.2489583 0.1731777
v 0.2914683 0.2477943 0.1731634
v 0.3181278 0.246021 0.1734764
v 0.3313942 0.2444474 0.1735106
v 0.2653387 0.257349 0.1731799
v 0.2386152 0.2577239 0.1734766
v 0.212014 0.2604085 0.1736973
v 0.1857633 0.2655301 0.1731543
v 0.1590433 0.2670473 0.173473
v 0.1326952 0.2718576 0.1734364
v 0.1060177 0.2741958 0.1732769
v 0.07939472 0.2774688 0.173677
v 0.05292311 0.2817075 0.173
v 0.02611122 0.2826106 0.1732751
v 0.0268026 0.2909703 0.173
v -4.978657E-05 0.2915784 0.173
v -0.02701846 0.2919126 0.173
v -0.05399583 0.2930099 0.173
v -0.08069036 0.2969748 0.173
v 0.05359894 0.2901092 0.173
v 0.08006039 0.285818 0.173751
v 0.1066962 0.2825529 0.1731022
v 0.1333709 0.2803056 0.1734847
v 0.1596887 0.2753847 0.1735058
v 0.1864011 0.2740058 0.1731129
v 0.2126021 0.2687468 0.1737818
v 0.2391884 0.2660973 0.1734865
v 0.2658938 0.2657815 0.1731818
v 0.2925694 0.2645749 0.1731959
v 0.2920324 0.2561669 0.1731735
v 0.3186815 0.2544079 0.1734984
v 0.3319376 0.2527642 0.1734896
v 0.3192082 0.2628359 0.1735232
v 0.33245 0.2610968 0.1734572
v 0.2397354 0.2744995 0.1734894
v 0.2664184 0.2742563 0.173108
v 0.2930745 0.2730185 0.1732186
v 0.3197028 0.2713062 0.173552
v 0.3329253 0.2694421 0.1734093
v 0.2669126 0.2827745 0.173
v 0.2402548 0.2829311 0.1734768
v 0.2131668 0.2771038 0.1738666
v 0.1870317 0.282535 0.1730671
v 0.1603294 0.2837396 0.1735314
v 0.1340422 0.2888016 0.1734166
v 0.1074126 0.2909314 0.173
v 0.08073352 0.2941509 0.173
v 0.05426008 0.2984718 0.1713541
v 0.02756166 0.2981142 0.1685482
v 0.0006007433 0.2979088 0.1673244
v -0.02645054 0.2980798 0.1671603
v -0.05355943 0.2990701 0.1671045
v -0.07991558 0.3049232 0.1699656
v -0.1070988 0.3069202 0.1677895
v -0.1332298 0.304493 0.164874
v -0.1565589 0.301372 0.1687115
v -0.1795802 0.3031979 0.1669619
v -0.2025225 0.3103366 0.1725832
v -0.225458 0.3064741 0.1724652
v -0.248509 0.2978826 0.1688908
v -0.2720216 0.2944498 0.16942
v -0.2964318 0.292738 0.1703584
v -0.2981977 0.298149 0.1666914
v -0.2733868 0.2995857 0.1658103
v -0.2495096 0.3030562 0.1646743
v -0.226133 0.3112651 0.1671229
v -0.2029462 0.3141785 0.1667004
v -0.2995292 0.3031627 0.1610942
v -0.2744585 0.3046101 0.1604583
v -0.2503422 0.3079021 0.159003
v -0.2267324 0.3147373 0.1602219
v -0.2033322 0.3165225 0.159256
v -0.1799604 0.3109127 0.1534852
v -0.1797871 0.3073426 0.1608612
v -0.1565484 0.3061475 0.1617588
v -0.133002 0.3090149 0.1581224
v -0.1066614 0.3102916 0.1601648
v -0.07964505 0.3084489 0.1621627
v -0.05287905 0.3050525 0.1611316
v -0.02580069 0.3043557 0.1614169
v 0.001307755 0.3043346 0.1617276
v 0.02843674 0.304909 0.1635665
v 0.05494554 0.3064372 0.1684516
v 0.08127835 0.3006855 0.1676575
v 0.1081817 0.2981498 0.1686353
v 0.1347018 0.2973375 0.173
v 0.1609971 0.292091 0.173
v 0.1876727 0.2911186 0.173
v 0.2137073 0.2854784 0.1739111
v 0.08237597 0.3061784 0.1613029
v 0.05568955 0.3100024 0.1607651
v 0.02885845 0.3110067 0.1576615
v 0.00184525 0.3110067 0.1563648
v -0.02521264 0.3110194 0.1560398
v -0.05226254 0.311345 0.1554484
v -0.07926369 0.3119408 0.1543665
v -0.1062731 0.3133291 0.1523072
v -0.132757 0.3125964 0.1502123
v -0.1565 0.3105538 0.1534351
v -0.1563949 0.3147062 0.144576
v -0.1800768 0.3145571 0.1458069
v -0.2036466 0.3180248 0.150807
v -0.2272195 0.3174686 0.1524834
v -0.2509841 0.3124695 0.1522008
v -0.2752246 0.3095272 0.153502
v -0.3003806 0.3077157 0.1538189
v -0.3007678 0.3118828 0.1455155
v -0.2757178 0.3144294 0.1456332
v -0.2514627 0.3171093 0.1448857
v -0.2276105 0.3206846 0.1447503
v -0.2038987 0.3201283 0.1422531
v -0.2759805 0.3194124 0.137923
v -0.2517994 0.3224153 0.1380749
v -0.2279107 0.3248613 0.137371
v -0.2040872 0.3248959 0.1350238
v -0.180148 0.3243193 0.1319678
v -0.1801395 0.3192205 0.1389416
v -0.1562259 0.3187816 0.1362747
v -0.1320269 0.3183451 0.1341933
v -0.1324335 0.3154491 0.1421366
v -0.105874 0.3172246 0.1447706
v -0.07874896 0.3160605 0.1468847
v -0.05164666 0.3154314 0.1480272
v -0.02455286 0.3150999 0.1486293
v 0.002524219 0.3149572 0.1488884
v 0.02956178 0.3143681 0.1499583
v 0.05639074 0.3131053 0.1528527
v 0.08322537 0.3116638 0.1548694
v 0.1099963 0.3110067 0.1577008
v 0.1093377 0.3048743 0.1635839
v 0.1356612 0.3052471 0.1696417
v 0.1617078 0.2984734 0.1674749
v 0.1883428 0.2993464 0.1702985
v 0.2141848 0.2938207 0.173
v 0.2407369 0.2913793 0.173
v 0.2673674 0.2913387 0.173
v 0.2939571 0.2900116 0.173
v 0.2935383 0.2814977 0.1731474
v 0.3201619 0.2798207 0.1735831
v 0.3333586 0.2777957 0.1733395
v 0.3205953 0.2883808 0.1736144
v 0.3337569 0.2861519 0.1732363
v 0.2411497 0.2978473 0.1673539
v 0.2676005 0.2996354 0.1706156
v 0.2943656 0.2983768 0.1712035
v 0.3210463 0.296964 0.173
v 0.33415 0.2945013 0.173
v 0.267798 0.307631 0.1672577
v 0.2416527 0.3043616 0.1617396
v 0.2144085 0.300232 0.1674494
v 0.1890008 0.3075538 0.167335
v 0.1629421 0.3046148 0.1617567
v 0.1365115 0.309067 0.1619069
v 0.1374522 0.3124956 0.1540015
v 0.1108884 0.314349 0.1499929
v 0.08404863 0.3157501 0.1474485
v 0.05713497 0.3169551 0.14526
v 0.03030998 0.3161367 0.1417151
v 0.003231926 0.3165679 0.1405683
v -0.02388858 0.3165279 0.1402549
v -0.05100106 0.3179551 0.1398013
v -0.0781462 0.3186134 0.1387402
v -0.1053212 0.3186134 0.1363778
v -0.104701 0.3196482 0.1279485
v -0.1315207 0.320855 0.1261419
v -0.1559931 0.3229099 0.1288424
v -0.07753067 0.319581 0.1302873
v -0.05034601 0.3189636 0.1314165
v -0.02318755 0.3188065 0.1320692
v 0.003953571 0.3191312 0.1324804
v 0.0310473 0.3189002 0.133725
v 0.05793783 0.3192266 0.1370467
v 0.08490826 0.3186134 0.1394631
v 0.1118404 0.3165185 0.1418545
v 0.1385563 0.3163674 0.1463273
v 0.1655426 0.315939 0.1495699
v 0.1641518 0.3110067 0.15629
v 0.1896795 0.3154206 0.1634475
v 0.2147484 0.3060133 0.1612458
v 0.1903908 0.3232473 0.1592162
v 0.2149214 0.3116504 0.1548938
v 0.2419159 0.3110067 0.1562245
v 0.2686012 0.3110067 0.1593065
v 0.2954397 0.3102868 0.1607338
v 0.2948541 0.3064845 0.1684043
v 0.3217102 0.3050319 0.169857
v 0.3340935 0.3005624 0.167104
v 0.3222018 0.3088691 0.1620569
v 0.3348092 0.304956 0.1598893
v 0.2153806 0.3157419 0.1474634
v 0.191314 0.3285398 0.152017
v 0.1665809 0.3199083 0.1421551
v 0.139526 0.3188588 0.1380881
v 0.1126569 0.3191278 0.1338065
v 0.0856938 0.3211232 0.1313541
v 0.05871569 0.3224609 0.1291486
v 0.0317825 0.3225753 0.1260833
v 0.004685177 0.3226431 0.124741
v -0.02245566 0.3219706 0.1241762
v -0.04961723 0.32143 0.1233069
v -0.07681664 0.3215546 0.122024
v -0.1039972 0.3219119 0.1197686
v -0.1309159 0.323888 0.118137
v -0.1557107 0.3272456 0.1212172
v -0.1801227 0.3297276 0.1246832
v -0.2042408 0.3310446 0.1280427
v -0.2281623 0.3306907 0.13049
v -0.2520547 0.328489 0.1314122
v -0.2760915 0.3246268 0.1307987
v -0.2761306 0.3301832 0.1237902
v -0.2522871 0.3351294 0.124646
v -0.2284017 0.3376924 0.1236282
v -0.2043845 0.3377456 0.1208872
v -0.1800874 0.3355047 0.1171977
v -0.2761931 0.336195 0.1167619
v -0.2996638 0.3282304 0.1141447
v -0.323611 0.3202202 0.1112403
v -0.3478971 0.3116935 0.1081221
v -0.3604147 0.2906772 0.09887607
v -0.3622543 0.2662605 0.08845312
v -0.3639031 0.2405848 0.07744486
v -0.3681311 0.229614 0.0723028
v -0.1800609 0.3417035 0.1095401
v -0.1550893 0.3367157 0.1056004
v -0.1554048 0.33185 0.1134539
v -0.1302758 0.3273218 0.1101238
v -0.1032181 0.3250372 0.1118779
v -0.0760356 0.3245245 0.1140701
v -0.04884243 0.3247947 0.1155197
v -0.02170164 0.3259384 0.1166428
v 0.005422435 0.3269716 0.1174049
v 0.03251115 0.3270144 0.1188272
v 0.05946213 0.3265108 0.1216155
v 0.08641089 0.3246202 0.123594
v 0.1133393 0.3224105 0.1259703
v 0.1401975 0.3219048 0.1300055
v 0.1670447 0.3231737 0.1343121
v 0.1919439 0.3310329 0.1433848
v 0.2162064 0.3186134 0.1394849
v 0.2431655 0.3164841 0.1403194
v 0.2424602 0.3150436 0.1487316
v 0.2692689 0.3137271 0.1511223
v 0.2960752 0.3133747 0.1527343
v 0.3228165 0.3123546 0.1541014
v 0.3356173 0.3089354 0.1523967
v 0.2699917 0.3159098 0.1427794
v 0.2967774 0.3170981 0.1450004
v 0.3235925 0.3163321 0.1463915
v 0.3366317 0.3134047 0.145161
v 0.2708249 0.3186134 0.1346026
v 0.2975836 0.3186134 0.1365278
v 0.324324 0.3186134 0.1379964
v 0.3373101 0.3156151 0.1369196
v 0.29841 0.3190354 0.1279416
v 0.271711 0.3194335 0.1260731
v 0.2440737 0.3186134 0.1320612
v 0.217372 0.3209883 0.1313487
v 0.1926149 0.3309984 0.1345865
v 0.1673653 0.3261853 0.126323
v 0.1407149 0.3255261 0.1221429
v 0.1139368 0.3263246 0.118396
v 0.08708733 0.3289033 0.1162107
v 0.06018872 0.3312491 0.1144701
v 0.03323834 0.3320946 0.1119705
v 0.006163673 0.3319893 0.110494
v -0.0209305 0.3306049 0.1095047
v -0.04803593 0.3289717 0.1081278
v -0.07521184 0.3283748 0.1065015
v -0.1023898 0.3289722 0.1043519
v -0.1295237 0.3312241 0.1024355
v -0.1286617 0.3358927 0.09539741
v -0.1547625 0.3417399 0.09769012
v -0.1800289 0.3482988 0.1017009
v -0.2045523 0.3451566 0.1136505
v -0.2286819 0.345468 0.1167764
v -0.2525769 0.3425401 0.1179398
v -0.2530037 0.3509636 0.1115378
v -0.2763939 0.3427424 0.1098464
v -0.299136 0.3326278 0.1064565
v -0.3226903 0.3234228 0.103063
v -0.3470432 0.3144074 0.0998947
v -0.3601905 0.2939278 0.09102158
v -0.3618508 0.2682556 0.08074845
v -0.3622179 0.2399531 0.06982797
v -0.36709 0.2293911 0.06478788
v -0.360141 0.23864 0.06244338
v -0.3656046 0.2282413 0.05751806
v -0.3609759 0.2693759 0.07325204
v -0.3601187 0.2975516 0.08331721
v -0.3464127 0.317753 0.09188451
v -0.3217448 0.3266616 0.09478316
v -0.3582049 0.2376935 0.05534801
v -0.3641363 0.2270946 0.05053909
v -0.3601573 0.2708058 0.06602169
v -0.3602045 0.3017078 0.07587133
v -0.3460262 0.3216178 0.08408823
v -0.3207104 0.3296805 0.086271
v -0.2975737 0.3407464 0.09064543
v -0.298494 0.3369232 0.09865567
v -0.2769359 0.349909 0.103123
v -0.2536908 0.3608644 0.1056471
v -0.2296201 0.3637277 0.103647
v -0.2290531 0.3541265 0.1101092
v -0.2047613 0.3535014 0.1063916
v -0.2049932 0.3631696 0.09901735
v -0.1799113 0.354967 0.09371861
v -0.154376 0.3467126 0.08986567
v -0.1278013 0.3410532 0.08868501
v -0.1006773 0.3388045 0.09047619
v -0.1015371 0.3335963 0.09721594
v -0.0743662 0.3329712 0.09935351
v -0.04720995 0.3338335 0.1011538
v -0.02014519 0.3358825 0.102784
v 0.006914849 0.3375822 0.1040069
v 0.03397317 0.3377145 0.1055116
v 0.0609168 0.336566 0.1077163
v 0.08775944 0.3338262 0.1092095
v 0.1145269 0.3308131 0.1111206
v 0.1412431 0.3296866 0.1145386
v 0.1678209 0.3295001 0.118433
v 0.1933933 0.3324476 0.1259802
v 0.2185082 0.3236477 0.1232663
v 0.2450396 0.3202683 0.1236998
v 0.1151577 0.3358106 0.1041621
v 0.08846189 0.3392789 0.1025845
v 0.06166817 0.3423669 0.1013431
v 0.03472995 0.3437883 0.0994386
v 0.007679729 0.3436549 0.09792838
v -0.01934963 0.3416703 0.09647039
v -0.04637212 0.339269 0.09459854
v -0.0735107 0.3381909 0.09263414
v -0.07265566 0.3439263 0.08633138
v -0.0998206 0.3445062 0.08412499
v -0.126947 0.346641 0.08229639
v -0.1537413 0.3516929 0.08278224
v -0.179443 0.3601208 0.08637419
v -0.2047598 0.3688868 0.09150894
v -0.2309056 0.3738865 0.09684431
v -0.2550594 0.3731516 0.1002762
v -0.2782502 0.3577414 0.09660435
v -0.2803874 0.3646669 0.08952816
v -0.2961073 0.3436854 0.08245963
v -0.3204077 0.3335994 0.07844037
v -0.3459009 0.3259735 0.0765307
v -0.3604205 0.3063563 0.06870811
v -0.3598144 0.2734311 0.05908841
v -0.3569091 0.2380258 0.04859005
v -0.3631229 0.2268714 0.04388323
v -0.3567379 0.2403679 0.04221063
v -0.3629905 0.2284497 0.03756918
v -0.3602197 0.2778055 0.05246972
v -0.3607944 0.3114566 0.06184456
v -0.3459775 0.3307716 0.06922113
v -0.3204372 0.3379652 0.07091775
v -0.3581218 0.2453014 0.03625082
v -0.3642275 0.2327367 0.03160353
v -0.3609531 0.28267 0.04617731
v -0.3614743 0.3169289 0.05529342
v -0.3462185 0.3359567 0.06215212
v -0.3206664 0.3427297 0.06362116
v -0.2950251 0.3495429 0.06660506
v -0.2955307 0.3469122 0.07458512
v -0.2800144 0.3679696 0.08159363
v -0.2576251 0.3832759 0.08461663
v -0.2571928 0.3793699 0.09244133
v -0.2308713 0.377946 0.08915179
v -0.2042833 0.3738099 0.08431701
v -0.1787786 0.3654604 0.07967191
v -0.1529474 0.3573509 0.0764528
v -0.1261051 0.3525989 0.07622226
v -0.09897689 0.3506261 0.07814716
v -0.07181148 0.3500842 0.08041853
v -0.04468991 0.3515 0.08268373
v -0.04552872 0.3451859 0.08845083
v -0.01854201 0.3478899 0.09055044
v 0.00846107 0.3501312 0.09223809
v 0.03551492 0.3502443 0.09373146
v 0.06245822 0.3485731 0.09533137
v 0.08921774 0.3451763 0.09632359
v 0.115853 0.3412592 0.09753078
v 0.1425302 0.3394389 0.1001768
v 0.1418431 0.3343454 0.107217
v 0.1683921 0.3332962 0.1107417
v 0.1942201 0.3346788 0.1175832
v 0.2196238 0.3268199 0.1153443
v 0.2460332 0.3227776 0.1155438
v 0.2726304 0.3210173 0.1176577
v 0.2992865 0.3201262 0.1194194
v 0.3258929 0.321444 0.1209068
v 0.3250735 0.3197564 0.1294011
v 0.3383141 0.318247 0.1287878
v 0.3392271 0.3213462 0.1207636
v 0.2470497 0.3260545 0.1076513
v 0.2207314 0.3305485 0.1076455
v 0.1950728 0.3375585 0.109411
v 0.1690594 0.3376075 0.1033076
v 0.3400158 0.3249424 0.1128894
v 0.169817 0.3423795 0.09614045
v 0.1433076 0.344918 0.09341622
v 0.1166223 0.3470946 0.09121839
v 0.09003627 0.3514475 0.09040809
v 0.06329431 0.35512 0.08965708
v 0.03633426 0.3570239 0.08836738
v 0.009261188 0.356949 0.08691195
v -0.01772798 0.3544739 0.08500085
v -0.01691578 0.3613609 0.07978928
v -0.04386407 0.3581402 0.07726488
v -0.07098932 0.3565923 0.074867
v -0.09815948 0.3571039 0.07252437
v -0.1252879 0.3588772 0.07044657
v -0.1521664 0.3633389 0.07040081
v -0.178084 0.3711785 0.07325928
v -0.2036753 0.3792288 0.07745271
v -0.2305048 0.3816157 0.08141518
v -0.2299562 0.3853157 0.07368907
v -0.2571149 0.3859375 0.07644844
v -0.2790959 0.3700632 0.07346404
v -0.2030149 0.3851142 0.07093255
v -0.1774175 0.3772205 0.06711691
v -0.1514279 0.3696217 0.06461901
v -0.1245149 0.3654325 0.06494848
v -0.09738333 0.3638922 0.06723972
v -0.07020151 0.3633915 0.06964547
v -0.04306279 0.3650551 0.07216306
v -0.0161146 0.3685037 0.07488552
v 0.01089001 0.3714259 0.0772596
v 0.01007365 0.3640593 0.08192559
v 0.03718778 0.3640801 0.08332349
v 0.06418185 0.3619548 0.0842945
v 0.0909268 0.3580357 0.08481701
v 0.1174721 0.3532569 0.08520675
v 0.1441752 0.3507566 0.08694526
v 0.1706611 0.347569 0.08924716
v 0.1968467 0.3450363 0.09382968
v 0.1959469 0.341026 0.101486
v 0.2218278 0.3348054 0.1002015
v 0.2480807 0.3300085 0.1000581
v 0.2745024 0.3264819 0.101439
v 0.2735644 0.3233822 0.1094271
v 0.3001859 0.3219532 0.1110239
v 0.3267433 0.323698 0.1125469
v 0.3010872 0.3244908 0.1028106
v 0.3275982 0.3264934 0.1043464
v 0.3406736 0.3289836 0.1051729
v 0.2491232 0.3345565 0.09278455
v 0.2754361 0.3302534 0.09373517
v 0.3019734 0.3276996 0.09482682
v 0.328444 0.3297916 0.09632425
v 0.3412132 0.3334187 0.09761343
v 0.2763599 0.3346267 0.08634211
v 0.2501718 0.3396137 0.08583052
v 0.2229167 0.3395491 0.09303372
v 0.2240047 0.3447395 0.08615754
v 0.1977831 0.3495578 0.0864668
v 0.1715933 0.3531155 0.0826143
v 0.1451363 0.3569212 0.08076293
v 0.1184067 0.3596937 0.07947501
v 0.09189398 0.3648949 0.07953041
v 0.0651217 0.3690339 0.07921655
v 0.0380727 0.3713758 0.07857838
v 0.03898722 0.3788812 0.07411312
v 0.01169805 0.3790227 0.07290047
v -0.01534301 0.3758658 0.07026087
v -0.04230168 0.3722035 0.06735464
v -0.06945815 0.3704332 0.06472194
v -0.09666396 0.3709563 0.06228156
v -0.1238083 0.3722235 0.05970121
v -0.1507711 0.3761629 0.05908752
v -0.1768357 0.383555 0.06123982
v -0.2023956 0.3914246 0.06475204
v -0.2291842 0.3892789 0.0660954
v -0.2560557 0.3868783 0.06800459
v -0.2774515 0.3709928 0.06532276
v -0.2948024 0.3521749 0.05859838
v -0.3210277 0.3478822 0.05657161
v -0.3465839 0.3414729 0.0553023
v -0.3624433 0.3225417 0.04906251
v -0.3613676 0.2881218 0.040223
v -0.3597626 0.2513557 0.03075239
v -0.3660754 0.2388773 0.02597968
v -0.3613117 0.2576847 0.02574201
v -0.367572 0.2452654 0.02067745
v -0.3616779 0.2938527 0.03462832
v -0.3636413 0.328509 0.04315355
v -0.3470182 0.3472728 0.04864625
v -0.3214332 0.3533973 0.0497744
v -0.3627046 0.2637769 0.02118123
v -0.3688473 0.2514202 0.01566556
v -0.3611254 0.2986468 0.02944082
v -0.3650661 0.3350412 0.03755872
v -0.3650661 0.3350412 0.03755872
v -0.3474802 0.3533203 0.04216352
v -0.3650661 0.3350412 0.03755872
v -0.3218531 0.3592309 0.04321687
v -0.2952906 0.3592899 0.04329668
v -0.2949001 0.3553217 0.05076055
v -0.2747371 0.3706965 0.05744407
v -0.2544436 0.3875651 0.0596463
v -0.2283359 0.3935637 0.05866139
v -0.201935 0.3981135 0.0588869
v -0.1763946 0.3901547 0.0556164
v -0.1502294 0.3829174 0.05377361
v -0.1231848 0.3792077 0.05466874
v -0.09601532 0.378273 0.05764891
v -0.06876928 0.3776767 0.060064
v -0.04159218 0.3795248 0.06277025
v -0.01462379 0.3833918 0.06584504
v 0.01248271 0.3868265 0.06883132
v 0.03993146 0.3865656 0.06989951
v 0.06719914 0.3838559 0.06995615
v 0.06611929 0.3763192 0.07439437
v 0.09294736 0.3719888 0.07453131
v 0.1194308 0.3663581 0.07399613
v 0.146194 0.363369 0.07485273
v 0.1726152 0.3589914 0.07624695
v 0.1987679 0.3545431 0.07941125
v 0.2251031 0.3503198 0.07956661
v 0.2512318 0.3451073 0.07918847
v 0.2772757 0.3395326 0.07927333
v 0.3036601 0.3359479 0.07969753
v 0.3028338 0.3315359 0.08711287
v 0.3292746 0.3335463 0.0884919
v 0.3416553 0.3382025 0.09020285
v 0.3300761 0.3377063 0.08085135
v 0.3420057 0.3432955 0.08292645
v 0.2523174 0.3509775 0.07284813
v 0.2781851 0.344906 0.07253149
v 0.3044366 0.3408878 0.07260274
v 0.3308202 0.3422265 0.0734003
v 0.3422534 0.3486599 0.07576262
v 0.2790985 0.3506905 0.06611381
v 0.2534632 0.3571527 0.06677856
v 0.2262336 0.3562441 0.07325739
v 0.199817 0.3599407 0.07266498
v 0.1737341 0.3651647 0.07014488
v 0.1473569 0.3700671 0.06920206
v 0.120557 0.3732022 0.06873658
v 0.09410892 0.379288 0.06980918
v 0.09539439 0.3866704 0.0651918
v 0.06832655 0.3913378 0.06532752
v 0.04089186 0.3940164 0.06521986
v 0.01322985 0.3944077 0.06426499
v -0.01404847 0.3910638 0.06160878
v -0.04098769 0.3870785 0.05852277
v -0.06812531 0.385072 0.05561506
v -0.09540762 0.3858282 0.05335782
v -0.1226189 0.3863327 0.04979807
v -0.1498052 0.3898577 0.04866249
v -0.1761595 0.3969439 0.05018862
v -0.2017622 0.4051552 0.05334531
v -0.2276049 0.3980806 0.05132841
v -0.252865 0.3890907 0.0513957
v -0.2732155 0.3720921 0.04938664
v -0.2723774 0.3744675 0.0414985
v -0.2957017 0.3640733 0.03631399
v -0.3222618 0.3653427 0.03688302
v -0.3479504 0.3595929 0.03584319
v -0.2515621 0.3913135 0.04325746
v -0.2271044 0.4027484 0.04404659
v -0.2018788 0.4120587 0.04752589
v -0.1760986 0.4038142 0.0448481
v -0.1494655 0.3969464 0.04372127
v -0.1221089 0.3935069 0.04496437
v -0.09480494 0.3930862 0.048532
v -0.06748729 0.3915573 0.049892
v -0.04033804 0.3936242 0.05278782
v -0.01343879 0.3980747 0.05631851
v 0.01394872 0.4015449 0.05897382
v 0.04176712 0.4006794 0.05942123
v 0.06936983 0.3980024 0.05954287
v 0.09643982 0.3929236 0.05905256
v 0.1230541 0.3868361 0.05813902
v 0.1218095 0.3801751 0.06365096
v 0.1486364 0.3769927 0.06380558
v 0.1749656 0.3715953 0.06428766
v 0.2009421 0.3656998 0.06622256
v 0.227429 0.3624562 0.06720986
v 0.150019 0.3841271 0.05865407
v 0.1763497 0.3782135 0.05862734
v 0.2021157 0.3717391 0.06003524
v 0.2284904 0.3680358 0.06051379
v 0.2544879 0.3627487 0.06010165
v 0.2799576 0.3564665 0.05964632
v 0.3057166 0.3521448 0.05939544
v 0.3051353 0.3463085 0.06584058
v 0.3314482 0.3470624 0.0661296
v 0.3423566 0.3542495 0.06867816
v 0.3318146 0.3521872 0.05903263
v 0.3421873 0.3600054 0.06163233
v 0.2028984 0.3755705 0.05223222
v 0.2291049 0.3713229 0.05239249
v 0.2803293 0.3597453 0.05157902
v 0.305892 0.3563933 0.05176459
v 0.3315204 0.3577028 0.05222793
v 0.3414037 0.3657219 0.05451147
v 0.2292321 0.3719698 0.04362436
v 0.2031577 0.3768233 0.04362246
v 0.1778635 0.3842393 0.05231989
v 0.1513721 0.3905178 0.05255126
v 0.1241485 0.3922188 0.05134367
v 0.09749068 0.3984334 0.05220929
v 0.07033529 0.4035391 0.05263955
v 0.04263037 0.4061771 0.05245863
v 0.01475031 0.4071211 0.05205104
v -0.01270534 0.4034702 0.0493572
v -0.03962433 0.3989836 0.04591639
v -0.06681734 0.3969017 0.04309344
v -0.09415931 0.3994056 0.04249933
v -0.1216423 0.4001892 0.03943741
v -0.1491843 0.4037442 0.03831609
v -0.1762284 0.4105434 0.03933471
v -0.2023233 0.4185034 0.04111561
v -0.2264804 0.4070407 0.03651394
v -0.2508753 0.3946181 0.03541223
v -0.2712953 0.377027 0.03368369
v -0.2961685 0.3694087 0.02973475
v -0.3226925 0.3717032 0.0307647
v -0.3484777 0.366078 0.02968389
v -0.3664314 0.3420442 0.03226048
v -0.3231676 0.3782961 0.02486282
v -0.3490977 0.3727697 0.02368941
v -0.3678448 0.3491904 0.02724745
v -0.2967897 0.3750041 0.02337551
v -0.2711789 0.3803201 0.02611482
v -0.250112 0.3970856 0.02728426
v -0.3236138 0.3851141 0.01918128
v -0.3498055 0.3796623 0.01785744
v -0.3695567 0.3564859 0.02254954
v -0.3678448 0.3491904 0.02724745
v -0.3664314 0.3420442 0.03226048
v -0.29747 0.3807746 0.01716792
v -0.2714493 0.383452 0.01851356
v -0.2491006 0.3984531 0.01884067
v -0.2257983 0.4127137 0.02002295
v -0.2266056 0.4105491 0.02852669
v -0.2037906 0.4238886 0.0336423
v -0.1767818 0.4156727 0.03235561
v -0.1487732 0.4095089 0.03178126
v -0.1211279 0.4057815 0.0327968
v -0.09356404 0.4041321 0.03512121
v -0.06617193 0.4022886 0.03626551
v -0.03888902 0.4033421 0.03836072
v -0.01183664 0.4070274 0.04129496
v 0.01551776 0.4105529 0.04388058
v 0.04336261 0.4096194 0.04427182
v 0.07107227 0.407149 0.04450443
v 0.09823544 0.4020579 0.04415681
v 0.1250239 0.3963701 0.04368757
v 0.1523403 0.394618 0.04467084
v 0.1787496 0.3874678 0.04414542
v 0.0438815 0.4109496 0.03547603
v 0.01621499 0.4121854 0.03516576
v -0.01110415 0.4093503 0.03276831
v -0.03820514 0.4068365 0.03035628
v -0.06552524 0.4070166 0.02896592
v -0.09295695 0.4078775 0.02719063
v -0.1203987 0.4105536 0.02556984
v -0.1479918 0.4142839 0.02456455
v -0.1757551 0.4192559 0.02450768
v -0.2020509 0.4268329 0.02494748
v -0.2015952 0.4278055 0.01579706
v -0.225413 0.4139814 0.01134594
v -0.2480446 0.3987988 0.01036037
v -0.2716461 0.3859099 0.01069202
v -0.2980092 0.3866764 0.01106193
v -0.3238489 0.3921867 0.01377961
v -0.3503776 0.3866751 0.0120242
v -0.3716126 0.3641979 0.01826233
v -0.1746964 0.421514 0.01616505
v -0.1470288 0.4180617 0.01677858
v -0.1194712 0.4149915 0.01807278
v -0.09221794 0.4118153 0.01937737
v -0.06490337 0.4107953 0.02112772
v -0.03761439 0.4107486 0.02253707
v -0.01042528 0.4112086 0.02412926
v 0.01677886 0.4121342 0.02630742
v 0.04417127 0.4102505 0.02659503
v 0.07144701 0.4068744 0.02676463
v 0.07145209 0.4082256 0.03563824
v 0.09862888 0.4036223 0.0354307
v 0.1255056 0.3986329 0.0352454
v 0.1526974 0.3957157 0.03582153
v 0.1788294 0.3876507 0.03534478
v 0.2028302 0.3757877 0.03499677
v 0.2288409 0.3701057 0.03506074
v 0.2546079 0.3640105 0.03478131
v 0.2550702 0.3664273 0.04318288
v 0.2550401 0.3660644 0.05197407
v 0.2803235 0.3599989 0.04287113
v 0.3059373 0.3577687 0.04315336
v 0.3313473 0.3605685 0.04391156
v 0.341624 0.368231 0.04570511
v 0.2801248 0.3576652 0.03448147
v 0.3060566 0.3559685 0.03452357
v 0.3316341 0.3605331 0.03512472
v 0.3428818 0.3672094 0.03670918
v 0.3063379 0.352553 0.02647436
v 0.2799697 0.3549842 0.02621211
v 0.2542627 0.3615356 0.02643012
v 0.2283148 0.3675219 0.02671346
v 0.2021946 0.3733894 0.02668183
v 0.1779887 0.3851142 0.02695346
v 0.1523765 0.3937715 0.0271304
v 0.1255699 0.3986708 0.02649051
v 0.09853189 0.4026388 0.02664283
v 0.09834406 0.4006678 0.01803204
v 0.07132436 0.4046651 0.0181528
v 0.04426372 0.4084809 0.01786407
v 0.01712321 0.411225 0.01749423
v -0.009843145 0.4139023 0.01568419
v -0.03702698 0.4146347 0.01468998
v -0.06425825 0.4138655 0.01297756
v -0.09151196 0.4156035 0.01144572
v -0.1188062 0.4179811 0.009876277
v -0.1461915 0.4208877 0.008569306
v -0.1737966 0.4226117 0.007553862
v -0.2009373 0.4266468 0.006724747
v -0.224599 0.4135756 0.002576761
v -0.2474381 0.3989841 0.001826324
v -0.2721409 0.3884184 0.002918925
v -0.2982201 0.392558 0.00491442
v -0.323477 0.3993928 0.008514551
v -0.3508568 0.3933057 0.005653109
v -0.3736977 0.3721439 0.01404349
v -0.3716126 0.3641979 0.01826233
v -0.375201 0.3794392 0.008525365
v -0.3507712 0.3998004 -0.001102337
v -0.3225272 0.4043156 0.001168239
v -0.2978498 0.3979715 -0.00163498
v -0.2722796 0.3901682 -0.005069116
v -0.2468241 0.398555 -0.006726368
v -0.3213697 0.4085604 -0.006523165
v -0.3508246 0.4062512 -0.008128212
v -0.3757966 0.3853252 0.001472507
v -0.2969072 0.4021688 -0.008959459
v -0.2722522 0.3920916 -0.01301854
v -0.2465177 0.398739 -0.01526806
v -0.2238071 0.4134887 -0.01510358
v -0.2241092 0.4133255 -0.006248111
v -0.2002117 0.4254155 -0.002297325
v -0.1730509 0.4234343 -0.001121029
v -0.1455614 0.4224332 1.072735E-06
v -0.1182085 0.4200311 0.001378541
v -0.09087526 0.4183387 0.0030859
v -0.06360795 0.416561 0.004687929
v -0.03635389 0.4174852 0.00641114
v -0.009148612 0.4169974 0.007364573
v 0.01731662 0.4108628 0.008646941
v 0.04431209 0.4071475 0.009059848
v 0.07131738 0.4033237 0.009342748
v 0.09825318 0.3991666 0.009330008
v 0.125104 0.3948041 0.009424485
v 0.125337 0.3967777 0.01788235
v 0.1520307 0.3917577 0.01847895
v 0.1774887 0.3829247 0.01845263
v 0.2018101 0.3713991 0.01824902
v 0.2279748 0.3654218 0.01823479
v 0.254043 0.3594845 0.01795528
v 0.2799116 0.3529454 0.01776826
v 0.3064721 0.3508809 0.01791377
v 0.3322678 0.3572971 0.01795368
v 0.332076 0.3586929 0.02658917
v 0.3432484 0.3658369 0.02771307
v 0.3433424 0.3646974 0.0187265
v 0.2539429 0.3580017 0.009368343
v 0.2277967 0.3638696 0.009643263
v 0.2016085 0.3698794 0.009715027
v 0.1772004 0.3812265 0.009843078
v 0.1518173 0.3901887 0.009742541
v 0.1517464 0.3891152 0.000936493
v 0.1250596 0.3936903 0.0007430376
v 0.09825199 0.3981141 0.0005649016
v 0.07135774 0.4023927 0.0004860326
v 0.04434866 0.4062559 0.0002039579
v 0.01741433 0.410856 -0.0002015227
v -0.008228843 0.4205867 -0.0007617318
v -0.03561079 0.4193199 -0.002142497
v -0.06301834 0.4183424 -0.00385315
v -0.0903552 0.419956 -0.005569942
v -0.1177541 0.4212742 -0.007292549
v -0.1451511 0.4227859 -0.008726835
v -0.172582 0.423267 -0.009867084
v -0.199671 0.4249558 -0.01138282
v -0.1993267 0.4251897 -0.02047874
v -0.2236357 0.4140693 -0.02396486
v -0.2464892 0.3996004 -0.0238103
v -0.2721765 0.3928497 -0.02116698
v -0.2969691 0.4033123 -0.01737618
v -0.3213172 0.4093527 -0.01528946
v -0.351317 0.4066727 -0.01738496
v -0.3759663 0.3889126 -0.006928343
v -0.3757966 0.3853252 0.001472507
v -0.381962 0.3570112 0.0005001964
v -0.3784218 0.3500358 0.006028547
v -0.3584892 0.3024283 -0.001568455
v -0.3841814 0.3618009 -0.006698454
v -0.3761429 0.3898801 -0.0159904
v -0.3841814 0.3618009 -0.006698454
v -0.3649857 0.3102944 -0.003193446
v -0.3852425 0.363746 -0.01494949
v -0.3760433 0.3196176 -0.006117197
v -0.3760642 0.3883181 -0.0249915
v -0.3848321 0.3624353 -0.02316728
v -0.3805211 0.3248103 -0.01390664
v -0.3499706 0.4012209 -0.02474236
v -0.3223125 0.4082554 -0.02453932
v -0.2973217 0.4016632 -0.02571127
v -0.2717665 0.3949376 -0.02907578
v -0.2465976 0.4009905 -0.03229761
v -0.223605 0.4150552 -0.0328132
v -0.1991668 0.4260928 -0.02953968
v -0.1721396 0.4236021 -0.02736805
v -0.1722887 0.4231743 -0.01861875
v -0.1448943 0.4227905 -0.01745142
v -0.1174476 0.4216259 -0.01605508
v -0.0900206 0.4205922 -0.01436488
v -0.06262715 0.4191708 -0.01254529
v -0.03515314 0.4207644 -0.01078428
v -0.007595978 0.4228517 -0.009438817
v 0.01754001 0.4110384 -0.009041286
v 0.04444281 0.4057845 -0.008680484
v 0.07147664 0.4018942 -0.008400285
v 0.09835564 0.3975445 -0.008242692
v 0.125141 0.3930906 -0.007986629
v 0.1518157 0.3885617 -0.007914171
v 0.1771162 0.3794655 -0.007593077
v 0.1770817 0.3800668 0.001150342
v 0.201545 0.368856 0.001107312
v 0.2277504 0.3628921 0.0009718799
v 0.2539416 0.3571234 0.000702838
v 0.279965 0.3507394 0.0005571667
v 0.279914 0.3515366 0.009200846
v 0.3065704 0.349804 0.009262608
v 0.332363 0.3563806 0.009245263
v 0.3433507 0.3639496 0.009738243
v 0.3066612 0.3493048 0.0005614976
v 0.332443 0.3559404 0.0004941022
v 0.3433472 0.3636447 0.0007489976
v 0.2800602 0.3505482 -0.0081203
v 0.2540282 0.3568646 -0.008001173
v 0.2278199 0.3625064 -0.007742732
v 0.2016008 0.3683476 -0.007544409
v 0.3325378 0.3559747 -0.008271787
v 0.3067568 0.3493876 -0.00815279
v 0.3433564 0.3638009 -0.008236021
v 0.2017743 0.3683684 -0.01620806
v 0.1773012 0.3794304 -0.01635209
v 0.1520253 0.3885361 -0.01678082
v 0.1253578 0.3930328 -0.01673263
v 0.09857727 0.3974577 -0.01706634
v 0.07170518 0.4018379 -0.01729579
v 0.04465839 0.4057099 -0.01757333
v 0.01774672 0.4110717 -0.01787842
v -0.007398524 0.4229781 -0.01840616
v -0.03499657 0.4208456 -0.01954912
v -0.06247228 0.4189508 -0.02128274
v -0.08989627 0.4200886 -0.02317568
v -0.1173091 0.4209745 -0.0248082
v -0.1447401 0.4228457 -0.02620801
v -0.1447792 0.4217331 -0.03488852
v -0.1722625 0.4231192 -0.03610671
v -0.1991775 0.4276947 -0.03851442
v -0.2238164 0.4163396 -0.04164336
v -0.2471734 0.4027874 -0.0407008
v -0.2715726 0.3926759 -0.03694991
v -0.2970648 0.3975171 -0.03316813
v -0.3220146 0.4033597 -0.03230151
v -0.3491628 0.3958743 -0.03186312
v -0.375552 0.3844552 -0.03325057
v -0.3829209 0.3581202 -0.03013046
v -0.3492986 0.3901684 -0.03874936
v -0.374668 0.3783582 -0.03999864
v -0.3829209 0.3581202 -0.03013046
v -0.37389 0.3189819 -0.02025668
v -0.380105 0.3510263 -0.03558429
v -0.3634872 0.3105441 -0.02073886
v -0.3226969 0.3976853 -0.03954729
v -0.2966741 0.3930409 -0.04041777
v -0.373295 0.3709609 -0.04509999
v -0.3756324 0.3413081 -0.03951422
v -0.3487698 0.383411 -0.04459752
v -0.3226573 0.3907343 -0.04545292
v -0.2961933 0.3884944 -0.04760322
v -0.2700178 0.3890274 -0.05286592
v -0.2706721 0.3904249 -0.04479103
v -0.2481914 0.4047573 -0.04903724
v -0.2244687 0.4179637 -0.05051491
v -0.1992389 0.4287959 -0.04757149
v -0.1725244 0.4223701 -0.04481355
v -0.1450734 0.4192877 -0.04327718
v -0.1175535 0.4171153 -0.04191279
v -0.1173548 0.4194498 -0.03345113
v -0.08988994 0.4185444 -0.03187322
v -0.06248914 0.4176647 -0.02992926
v -0.03500551 0.4194603 -0.02819911
v -0.007504692 0.4212168 -0.02719261
v 0.01805764 0.4108903 -0.02671118
v 0.04501436 0.4060252 -0.02645692
v 0.07205497 0.4022289 -0.02617884
v 0.0989227 0.3978463 -0.02588004
v 0.1257156 0.3935213 -0.02545925
v 0.1523795 0.3890353 -0.02563418
v 0.1776436 0.3799589 -0.02509067
v 0.2020786 0.36893 -0.02484895
v 0.2283024 0.3635227 -0.02514579
v 0.2280013 0.3627185 -0.01646169
v 0.254199 0.3572288 -0.01670161
v 0.2801959 0.3509658 -0.01679014
v 0.306853 0.3500654 -0.01684237
v 0.3326456 0.3564757 -0.01702551
v 0.3433765 0.3644123 -0.01721079
v 0.2544574 0.3582053 -0.02535715
v 0.2803709 0.3520064 -0.02540906
v 0.30693 0.3513538 -0.02546661
v 0.3327302 0.3574322 -0.02574187
v 0.3433785 0.3654472 -0.02617236
v 0.2806008 0.3537032 -0.03392646
v 0.2548224 0.3597676 -0.03393028
v 0.2287461 0.3649012 -0.03375743
v 0.2025419 0.3700414 -0.03342896
v 0.1781608 0.3810373 -0.03377327
v 0.1528851 0.3900474 -0.03444609
v 0.126218 0.3945622 -0.03412932
v 0.09938797 0.398694 -0.03465994
v 0.07251329 0.4030696 -0.03502792
v 0.04547157 0.406745 -0.03531479
v 0.01845513 0.410789 -0.03554641
v -0.007989795 0.417643 -0.03534677
v -0.03526049 0.4175251 -0.0367345
v -0.06267016 0.4154303 -0.03837807
v -0.09010165 0.4159645 -0.04032896
v -0.09043668 0.4123339 -0.04835424
v -0.1179711 0.4136069 -0.05000471
v -0.1455217 0.4160506 -0.05137891
v -0.1727281 0.4211819 -0.05345951
v -0.199014 0.4282319 -0.05667823
v -0.2246108 0.4178047 -0.05950254
v -0.2483903 0.404592 -0.05764156
v -0.2490693 0.4048724 -0.06622166
v -0.2698819 0.3882485 -0.06105589
v -0.2956491 0.3840577 -0.05483515
v -0.3221518 0.3839094 -0.0514407
v -0.3478015 0.376256 -0.04990437
v -0.3711184 0.3630612 -0.04897989
v -0.3756324 0.3413081 -0.03951422
v -0.3709267 0.3300667 -0.04301235
v -0.2256686 0.4185998 -0.06842811
v -0.198921 0.4259569 -0.06551163
v -0.1728373 0.4192769 -0.06197087
v -0.1458765 0.4130734 -0.05957144
v -0.1182837 0.4104774 -0.05819469
v -0.09070452 0.4089978 -0.05649952
v -0.063164 0.4092134 -0.05468347
v -0.06292813 0.4125721 -0.04662945
v -0.03552793 0.4145081 -0.04493739
v -0.00822418 0.4145553 -0.04366593
v 0.01881147 0.411015 -0.04438766
v 0.04596435 0.4078901 -0.04412939
v 0.07305968 0.404359 -0.04382188
v 0.09996174 0.3999544 -0.04338941
v 0.1268659 0.3961588 -0.04270422
v 0.1535475 0.3915562 -0.04319033
v 0.1788885 0.3826395 -0.0423658
v 0.2032102 0.3717087 -0.04190541
v 0.2293722 0.3668238 -0.04226185
v 0.2553452 0.3618717 -0.04238939
v 0.2809547 0.3561024 -0.04227748
v 0.306949 0.3557808 -0.04235427
v 0.3069591 0.3532674 -0.03398199
v 0.3326892 0.3588399 -0.03439536
v 0.3432768 0.3668306 -0.03512532
v 0.3322921 0.3607126 -0.04295042
v 0.342795 0.368356 -0.04408426
v 0.2561156 0.3644159 -0.05072059
v 0.281576 0.3589078 -0.05050135
v 0.3072447 0.3574913 -0.05095138
v 0.3327035 0.359519 -0.05155583
v 0.3428514 0.3672895 -0.05314136
v 0.2821433 0.3591262 -0.05919402
v 0.2567981 0.3653072 -0.05941097
v 0.2302146 0.3692256 -0.0506364
v 0.2041347 0.3739069 -0.05023794
v 0.1799128 0.3846875 -0.05084179
v 0.1543194 0.3935151 -0.05185309
v 0.1273825 0.3968404 -0.05140953
v 0.100625 0.4015507 -0.05206479
v 0.0736904 0.4060672 -0.05254404
v 0.04646224 0.4094583 -0.05288199
v 0.01907922 0.4116642 -0.05321876
v -0.008319959 0.411967 -0.05212284
v -0.03572115 0.4105522 -0.05270766
v -0.03581233 0.4069453 -0.06062812
v -0.06333458 0.4054411 -0.06254024
v -0.09089535 0.4060224 -0.06477739
v -0.1185166 0.4077378 -0.06652156
v -0.1461777 0.4103559 -0.06784474
v -0.1731945 0.4166608 -0.07028113
v -0.1996592 0.42342 -0.07422154
v -0.2271636 0.4200462 -0.07722864
v -0.2506133 0.4059351 -0.07458694
v -0.2704909 0.3880574 -0.06926169
v -0.2951364 0.3797505 -0.06213536
v -0.3214435 0.3772971 -0.05760525
v -0.3467959 0.36926 -0.05538365
v -0.3686585 0.3551095 -0.05275496
v -0.3709267 0.3300667 -0.04301235
v -0.3458431 0.362447 -0.06107344
v -0.3658271 0.3462344 -0.05689792
v -0.3665575 0.3186798 -0.04632719
v -0.3587857 0.2883064 -0.03030218
v -0.3628953 0.3080885 -0.04966037
v -0.3605998 0.2803909 -0.03423588
v -0.359349 0.2748934 -0.02108306
v -0.3537742 0.28113 -0.01712142
v -0.3568272 0.2953877 -0.02620352
v -0.3510733 0.287799 -0.01426327
v -0.3580848 0.3032787 -0.02263542
v -0.3521953 0.2909918 -0.01398312
v -0.3634872 0.3105441 -0.02073886
v -0.3756324 0.3413081 -0.03951422
v -0.3709267 0.3300667 -0.04301235
v -0.3634125 0.269813 -0.02500865
v -0.3665575 0.3186798 -0.04632719
v -0.3620205 0.2732897 -0.03801822
v -0.3662079 0.2640927 -0.02893239
v -0.3624065 0.267025 -0.04176369
v -0.366982 0.2578866 -0.0329413
v -0.3601279 0.2988856 -0.05320247
v -0.3627346 0.3370924 -0.06136276
v -0.344956 0.355818 -0.06696498
v -0.3200469 0.3646621 -0.07041299
v -0.320689 0.3708855 -0.06393695
v -0.2946634 0.3754252 -0.06941485
v -0.2715192 0.3874019 -0.07740091
v -0.2523451 0.4064961 -0.08306419
v -0.2286925 0.4211029 -0.08619194
v -0.2004033 0.4214771 -0.08306452
v -0.1736777 0.4139696 -0.07855015
v -0.146425 0.4078974 -0.07618943
v -0.1186462 0.4054413 -0.07498017
v -0.09098782 0.4034595 -0.07318783
v -0.06345535 0.4019653 -0.07052262
v -0.03590618 0.4035555 -0.06862229
v -0.008551063 0.4077194 -0.06921621
v -0.008367085 0.4097899 -0.06066732
v 0.01919723 0.4119103 -0.06208365
v 0.04680064 0.4100103 -0.06176975
v 0.0741844 0.4066755 -0.06143694
v 0.1010317 0.4013024 -0.06090681
v 0.1275302 0.3954837 -0.0600313
v 0.1545402 0.3929052 -0.06073872
v 0.1804233 0.3847713 -0.05960483
v 0.2048395 0.3747513 -0.05885156
v 0.2309176 0.3703116 -0.05930769
v 0.1010648 0.3988089 -0.069377
v 0.07428568 0.4047107 -0.07011668
v 0.04685272 0.4084373 -0.07052423
v 0.01911856 0.4102927 -0.07080142
v 0.2051194 0.3733535 -0.06741985
v 0.2312185 0.3687442 -0.06792888
v 0.2570745 0.3631265 -0.06792495
v 0.2824777 0.3563509 -0.06741232
v 0.3081506 0.3511168 -0.06676536
v 0.3077717 0.3558936 -0.05952291
v 0.3334914 0.3557915 -0.05937151
v 0.3447073 0.362368 -0.06061722
v 0.3341765 0.3497777 -0.06556516
v 0.3456215 0.3562813 -0.06730267
v 0.2310258 0.3645662 -0.0756362
v 0.2048447 0.3692516 -0.07507244
v 0.1801172 0.3816049 -0.06774098
v 0.1541919 0.3893511 -0.06885704
v 0.1272558 0.3919514 -0.06799077
v 0.1267149 0.3868548 -0.07505903
v 0.1006618 0.3941069 -0.07680838
v 0.07407455 0.4006307 -0.07797114
v 0.0467265 0.404663 -0.07858298
v 0.01906006 0.4069265 -0.07900277
v -0.00871299 0.4045623 -0.07740492
v -0.03598464 0.3995825 -0.0763217
v -0.06353708 0.3987817 -0.07861665
v -0.09095653 0.4013585 -0.08172277
v -0.1186253 0.403641 -0.08355731
v -0.1465331 0.4056762 -0.08459184
v -0.1740555 0.4113379 -0.08682088
v -0.2007581 0.4200511 -0.09201375
v -0.2295623 0.420426 -0.09529902
v -0.2524804 0.4038495 -0.0912995
v -0.2716708 0.3842704 -0.08501483
v -0.2942647 0.3708288 -0.07652242
v -0.2940735 0.3658 -0.08333331
v -0.3196767 0.3585896 -0.07701854
v -0.3442796 0.3493756 -0.07305262
v -0.36004 0.3285798 -0.06613178
v -0.3582162 0.2914386 -0.05707629
v -0.3613979 0.2604711 -0.04559128
v -0.3662923 0.2513175 -0.03711214
v -0.2715203 0.3796542 -0.09185079
v -0.2519904 0.3990577 -0.09847962
v -0.2297454 0.416405 -0.103689
v -0.2008426 0.4173883 -0.100684
v -0.1741483 0.4085653 -0.09502219
v -0.1464056 0.4036672 -0.09303645
v -0.1184027 0.4024064 -0.0922325
v -0.09076229 0.3997709 -0.09036636
v -0.06357709 0.3958802 -0.08680841
v -0.03616841 0.3951641 -0.083746
v -0.008882558 0.3994662 -0.08452591
v 0.01880477 0.4015942 -0.08605319
v 0.04634424 0.3989919 -0.0853656
v 0.07353517 0.394693 -0.08448488
v 0.100101 0.3883398 -0.08340984
v 0.1260404 0.3807183 -0.08120506
v 0.1523808 0.3759606 -0.07994819
v 0.153412 0.3833594 -0.07531379
v 0.1791745 0.3758303 -0.07419918
v 0.1782747 0.3691971 -0.07972317
v 0.2041631 0.3630768 -0.0811234
v 0.2303636 0.358306 -0.08169857
v 0.2561416 0.3517768 -0.08097631
v 0.256813 0.3581967 -0.07514226
v 0.2822411 0.3508612 -0.07408635
v 0.308071 0.3452135 -0.07308502
v 0.3343459 0.3441385 -0.07213219
v 0.3460388 0.3502635 -0.07400237
v 0.2817736 0.3447804 -0.0801787
v 0.3078572 0.3396662 -0.07969313
v 0.3342818 0.3389015 -0.07902491
v 0.3462651 0.3444871 -0.08082463
v 0.2813216 0.3390859 -0.08660781
v 0.3075833 0.3346359 -0.08668437
v 0.3341092 0.3340278 -0.08617221
v 0.346384 0.3390064 -0.08780648
v 0.3072716 0.3301808 -0.0940422
v 0.2808844 0.3338816 -0.09341791
v 0.2555168 0.3456322 -0.0870705
v 0.2296484 0.3519008 -0.08756638
v 0.2034125 0.3564858 -0.08667134
v 0.1775137 0.3627851 -0.08547772
v 0.1514368 0.3687212 -0.08478012
v 0.1250399 0.3734584 -0.08580807
v 0.09938083 0.3815052 -0.08882771
v 0.07289188 0.3878674 -0.08999581
v 0.04584505 0.3923112 -0.09109422
v 0.01839546 0.3945145 -0.09128732
v -0.0090524 0.3929236 -0.09030132
v -0.03640931 0.390708 -0.09112471
v -0.06351169 0.3932687 -0.09509049
v -0.09034959 0.398737 -0.09909018
v -0.1179568 0.4018339 -0.1009736
v -0.1460137 0.4018698 -0.1015127
v -0.1738951 0.405508 -0.1030847
v -0.2008128 0.413197 -0.1087312
v -0.229665 0.4107108 -0.1109954
v -0.251912 0.3935224 -0.1051107
v -0.2715119 0.3742732 -0.0981348
v -0.2941465 0.3603894 -0.08984903
v -0.3196746 0.3526675 -0.08372495
v -0.3439485 0.3431375 -0.07933771
v -0.3581508 0.321219 -0.07120198
v -0.3567376 0.2848749 -0.06134089
v -0.3604334 0.2549925 -0.04961772
v -0.364975 0.244358 -0.04150281
v -0.3598904 0.2507014 -0.05393952
v -0.3639218 0.2390395 -0.04614967
v -0.3553885 0.2786271 -0.06601697
v -0.3571884 0.3151567 -0.07657858
v -0.3440468 0.3371324 -0.08581633
v -0.3200711 0.3469065 -0.09053115
v -0.3594262 0.2469505 -0.05863218
v -0.3638548 0.2362664 -0.05108558
v -0.3551064 0.2744973 -0.07111673
v -0.3566997 0.3094524 -0.08227169
v -0.3445992 0.3313822 -0.09247921
v -0.3208436 0.3413379 -0.09743991
v -0.2951453 0.3488825 -0.1022469
v -0.2945025 0.3546991 -0.09611572
v -0.2715692 0.3681952 -0.1037854
v -0.2513029 0.3866338 -0.110301
v -0.2294028 0.4035964 -0.1168974
v -0.2008255 0.4073829 -0.1156652
v -0.1734927 0.4016464 -0.1107527
v -0.1454613 0.4002608 -0.1100131
v -0.1173393 0.4020038 -0.1097316
v -0.08955715 0.3986187 -0.1077826
v -0.06325264 0.39094 -0.1034472
v -0.03659585 0.3863662 -0.09855267
v -0.009331917 0.3865727 -0.09623347
v 0.01800824 0.3871095 -0.09605096
v 0.04524129 0.3847955 -0.09560562
v 0.07207575 0.3802251 -0.09421584
v 0.0984318 0.3738646 -0.0929245
v 0.1242212 0.3662521 -0.09050503
v 0.150633 0.3616871 -0.08987083
v 0.1768439 0.3566914 -0.09153692
v 0.2027097 0.3502454 -0.09258479
v 0.2289587 0.3457839 -0.0937051
v 0.2549198 0.3398575 -0.09348803
v 0.1235466 0.3591682 -0.09538069
v 0.09764177 0.3663386 -0.09720576
v 0.07133119 0.3725278 -0.09827019
v 0.04462614 0.3771073 -0.09972615
v 0.01758761 0.3798294 -0.1008669
v -0.009611575 0.3804678 -0.1023756
v -0.03663494 0.3821816 -0.1060533
v -0.06269732 0.3888343 -0.1118443
v -0.08850642 0.398165 -0.116592
v -0.1168061 0.3996679 -0.1181827
v -0.1449938 0.3974201 -0.1181894
v -0.1730413 0.3965803 -0.1176472
v -0.2007179 0.4001962 -0.1211138
v -0.2286749 0.3954459 -0.1210161
v -0.2508615 0.3792993 -0.1148373
v -0.2718007 0.3617662 -0.1090661
v -0.2722509 0.3552196 -0.1142135
v -0.2960639 0.3430916 -0.1083651
v -0.3219464 0.3359928 -0.1044613
v -0.3456056 0.3259226 -0.09932554
v -0.3567925 0.3043413 -0.08827803
v -0.3559016 0.2720887 -0.0766412
v -0.3598368 0.2450574 -0.06374754
v -0.3644874 0.2351381 -0.05634882
v -0.3608862 0.2443213 -0.06931886
v -0.3654638 0.2348145 -0.06196409
v -0.3572713 0.2706608 -0.08256328
v -0.3573363 0.2999434 -0.09459477
v -0.3470435 0.3208093 -0.1063643
v -0.3233447 0.3309254 -0.1116193
v -0.3621392 0.2439016 -0.07532583
v -0.3664264 0.2344228 -0.06791633
v -0.358694 0.2692688 -0.08885922
v -0.3578658 0.2955026 -0.1012251
v -0.3488546 0.3160733 -0.1135863
v -0.3250076 0.3262019 -0.1189429
v -0.2986735 0.3320616 -0.1209453
v -0.2972478 0.3374514 -0.1145759
v -0.2729173 0.3487012 -0.1193927
v -0.2506631 0.3643562 -0.1233894
v -0.2506642 0.3718277 -0.1191325
v -0.227751 0.3868132 -0.1236337
v -0.2005238 0.3918879 -0.1243488
v -0.1727138 0.3904288 -0.1235841
v -0.1447825 0.3918864 -0.1248737
v -0.1166687 0.3940863 -0.1249953
v -0.08832674 0.3941053 -0.1244469
v -0.06180218 0.3866632 -0.1201951
v -0.03644336 0.3781531 -0.1136187
v -0.009794757 0.3746263 -0.1087346
v 0.01720655 0.3728011 -0.1059835
v 0.04407805 0.3696025 -0.1041158
v 0.07069435 0.3649792 -0.1025469
v 0.09699871 0.358994 -0.1017649
v 0.1230153 0.352277 -0.1005156
v 0.1494686 0.3483484 -0.1008909
v 0.1499759 0.3548832 -0.09523354
v 0.1762578 0.350978 -0.09792707
v 0.2020473 0.3444386 -0.09890062
v 0.2282848 0.3400183 -0.1001491
v 0.2543372 0.334507 -0.1002378
v 0.2804606 0.3292616 -0.1006178
v 0.3069327 0.3263699 -0.1017441
v 0.3335671 0.3256339 -0.1012569
v 0.333866 0.3295864 -0.09358516
v 0.3464313 0.3338637 -0.09497241
v 0.3464061 0.3291032 -0.1023412
v 0.2537666 0.3296579 -0.1073348
v 0.2276158 0.3346618 -0.1069141
v 0.2014123 0.3391619 -0.1056432
v 0.1757507 0.3457015 -0.1046567
v 0.3462919 0.3247737 -0.1099248
v 0.1753172 0.3409108 -0.1117184
v 0.1491174 0.3421333 -0.1068684
v 0.1226258 0.3456368 -0.1059571
v 0.0964874 0.3518642 -0.1066236
v 0.0701578 0.3576103 -0.1070781
v 0.04360672 0.3623039 -0.1087888
v 0.01691452 0.3660433 -0.1114026
v -0.009807171 0.3690652 -0.1153101
v -0.03581373 0.3746292 -0.1213296
v -0.06150214 0.382381 -0.1277109
v -0.08885632 0.3867702 -0.1294399
v -0.1168394 0.3866008 -0.1295269
v -0.1447782 0.3854106 -0.1306277
v -0.1725487 0.3834751 -0.1285767
v -0.2001575 0.3834054 -0.1268355
v -0.2271506 0.3783107 -0.1264578
v -0.2267773 0.3699493 -0.1294926
v -0.2508228 0.3569461 -0.1277045
v -0.2737931 0.3423147 -0.1247118
v -0.1998788 0.3750278 -0.1294529
v -0.1723754 0.375388 -0.1314026
v -0.1448464 0.3775129 -0.1342204
v -0.1170873 0.378639 -0.1330822
v -0.0893501 0.3792461 -0.1339864
v -0.06174915 0.3760887 -0.1336528
v -0.03524252 0.3702285 -0.1287248
v -0.009571514 0.363806 -0.1220976
v 0.01675208 0.3595851 -0.1171325
v 0.0432214 0.3552391 -0.1137613
v 0.06971744 0.3504525 -0.1118892
v 0.09609771 0.3449915 -0.1118096
v 0.1223741 0.3393111 -0.111744
v 0.1489267 0.3362989 -0.1131882
v 0.1749517 0.3366561 -0.1190968
v 0.2002171 0.3306317 -0.1204065
v 0.2008004 0.3345257 -0.1128202
v 0.2269454 0.3297828 -0.1140118
v 0.2532079 0.325391 -0.1147779
v 0.2796405 0.3221859 -0.1161216
v 0.2800471 0.3253237 -0.1081949
v 0.3065724 0.3232647 -0.1097499
v 0.3332156 0.3222371 -0.1091757
v 0.3061987 0.3209222 -0.118008
v 0.3328128 0.3194664 -0.1173197
v 0.3460653 0.320932 -0.117727
v 0.2526655 0.3217836 -0.1225482
v 0.2792325 0.3199631 -0.1243375
v 0.3058225 0.3193797 -0.1264515
v 0.3323733 0.3173858 -0.1256525
v 0.3457118 0.3176439 -0.1257421
v 0.2788122 0.3186133 -0.1327289
v 0.2521479 0.3188751 -0.1305954
v 0.2262741 0.325455 -0.1214432
v 0.225611 0.3217555 -0.1291955
v 0.199662 0.327552 -0.1283397
v 0.1746643 0.3329541 -0.1267536
v 0.1488919 0.3309054 -0.1198566
v 0.1222427 0.3333723 -0.1179075
v 0.0958123 0.3384314 -0.1173557
v 0.06936252 0.3435451 -0.1170078
v 0.04291817 0.3484469 -0.1190564
v 0.01672282 0.3534732 -0.1231909
v -0.009179632 0.3587859 -0.129034
v -0.03558412 0.3635857 -0.1340539
v -0.06231218 0.368755 -0.1381782
v -0.08985718 0.3714488 -0.1381107
v -0.117357 0.3703917 -0.1358427
v -0.1449316 0.3690181 -0.1358662
v -0.1723379 0.3671528 -0.1337283
v -0.1997568 0.3667522 -0.1321916
v -0.2266008 0.3617302 -0.1327262
v -0.251123 0.3496322 -0.1321233
v -0.2748497 0.336131 -0.1302387
v -0.3003092 0.327011 -0.1275251
v -0.3269018 0.3218485 -0.1264312
v -0.3510113 0.3117883 -0.1209939
v -0.3583539 0.2905543 -0.1081216
v -0.3596275 0.2668087 -0.0954901
v -0.3631457 0.2428302 -0.08170611
v -0.3669327 0.2330749 -0.07415206
v -0.3634849 0.2400339 -0.08836443
v -0.3666457 0.2299204 -0.08064181
v -0.3600752 0.262484 -0.1023895
v -0.3592216 0.2860433 -0.1153065
v -0.3536412 0.3081634 -0.1285694
v -0.328996 0.3179507 -0.1341153
v -0.3634724 0.2354473 -0.09516389
v -0.3660281 0.2251682 -0.08726716
v -0.3606682 0.2579666 -0.1094148
v -0.3602331 0.2817827 -0.1226087
v -0.3568145 0.3054615 -0.1363537
v -0.3311877 0.3146325 -0.1420411
v -0.3568145 0.3054615 -0.1363537
v -0.3039081 0.3182096 -0.1414486
v -0.3020976 0.3223798 -0.1343559
v -0.2760283 0.3301892 -0.1360008
v -0.2515351 0.3424411 -0.1366876
v -0.226585 0.353661 -0.1361645
v -0.1997673 0.3585855 -0.1350622
v -0.1724121 0.3589606 -0.1361617
v -0.1450914 0.3606227 -0.1378405
v -0.1176925 0.3621068 -0.1383254
v -0.09035128 0.3629522 -0.140054
v -0.06308047 0.3603792 -0.1400751
v -0.0363477 0.3556593 -0.1370853
v -0.009702096 0.3515021 -0.1335117
v 0.01682591 0.3477049 -0.1295405
v 0.042692 0.3419797 -0.124703
v 0.06907079 0.3369367 -0.1224626
v 0.09559284 0.3322569 -0.123299
v 0.12218 0.3279039 -0.1244713
v 0.1489729 0.3259858 -0.126847
v 0.1745209 0.3297188 -0.1346102
v 0.1991029 0.3252535 -0.1365112
v 0.2249866 0.3186938 -0.1372165
v 0.2516645 0.3166929 -0.1388609
v 0.2783934 0.3157276 -0.1407297
v 0.3050149 0.3172508 -0.1434851
v 0.3054503 0.3186133 -0.1350032
v 0.3319546 0.316034 -0.1341236
v 0.3452575 0.3149784 -0.1339525
v 0.3314653 0.3142783 -0.1425032
v 0.3447625 0.312929 -0.142311
v 0.2513088 0.3151494 -0.1472677
v 0.2780086 0.3141469 -0.1490721
v 0.3045788 0.3136398 -0.151247
v 0.331239 0.3130873 -0.1509795
v 0.3445006 0.3115965 -0.1508041
v 0.2776902 0.3110067 -0.1569221
v 0.2511048 0.311013 -0.1547133
v 0.2245199 0.3161702 -0.1454302
v 0.1986961 0.3232226 -0.1447333
v 0.1746368 0.3260712 -0.1422743
v 0.1489795 0.3214857 -0.1340761
v 0.1220618 0.3230136 -0.1314573
v 0.09537061 0.326564 -0.1296782
v 0.06880289 0.3306876 -0.1282825
v 0.04251969 0.3359006 -0.1307279
v 0.01628958 0.3406753 -0.1344043
v -0.01040091 0.3437586 -0.1370007
v -0.03703018 0.3476958 -0.1399777
v -0.06372256 0.3520998 -0.1422647
v -0.09082342 0.3545515 -0.1422016
v -0.1180356 0.3538545 -0.1408117
v -0.1452975 0.352332 -0.1401101
v -0.1725514 0.3508359 -0.1387602
v -0.1998635 0.3505422 -0.1380897
v -0.2266738 0.3457593 -0.1398274
v -0.2520076 0.3354081 -0.1414372
v -0.2772322 0.3245075 -0.1420158
v -0.2783328 0.3190933 -0.1482919
v -0.3055509 0.3145064 -0.1488179
v -0.3331448 0.3121507 -0.1503391
v -0.2524647 0.3285787 -0.1464377
v -0.2267909 0.338051 -0.1437533
v -0.1999863 0.3426416 -0.1413083
v -0.3069236 0.3110067 -0.1563131
v -0.3352326 0.3110067 -0.1589439
v -0.3574796 0.3003526 -0.1437371
v -0.36045 0.2965616 -0.1513065
v -0.3609719 0.2771584 -0.1296733
v -0.3612569 0.2533352 -0.1163575
v -0.3634674 0.2307479 -0.1019261
v -0.365524 0.2203975 -0.09387402
v -0.3568145 0.3054615 -0.1363537
v -0.3633274 0.2259221 -0.10858
v -0.3649296 0.2155466 -0.1003724
v -0.3616871 0.2485925 -0.1232111
v -0.3615482 0.2725975 -0.1367487
v -0.36283 0.2207407 -0.1149165
v -0.3636699 0.2104238 -0.1064414
v -0.3618197 0.2434452 -0.1297514
v -0.3615213 0.2675633 -0.1434707
v -0.36045 0.2915538 -0.1585954
v -0.3621352 0.2150633 -0.1208186
v -0.3623277 0.2048448 -0.1121395
v -0.3617453 0.2377225 -0.1357984
v -0.361345 0.2618172 -0.1495745
v -0.356233 0.28585 -0.1638668
v -0.36045 0.2915538 -0.1585954
v -0.335624 0.3075109 -0.167378
v -0.3342178 0.2992448 -0.1704466
v -0.3060579 0.29972 -0.1685482
v -0.3072555 0.3057273 -0.1628321
v -0.335624 0.3075109 -0.167378
v -0.2794045 0.3093888 -0.1618659
v -0.2791832 0.3139883 -0.1548684
v -0.2527747 0.3220313 -0.151769
v -0.2268375 0.3305788 -0.1479943
v -0.2000652 0.3349096 -0.1447588
v -0.1728196 0.3348833 -0.1446406
v -0.1727051 0.3428014 -0.1415701
v -0.1455067 0.3441534 -0.142663
v -0.1183488 0.3456755 -0.1434332
v -0.09124208 0.3462634 -0.1446063
v -0.06425869 0.343947 -0.1448017
v -0.03758833 0.339878 -0.1432124
v -0.01097089 0.3361875 -0.140814
v 0.01571304 0.3333528 -0.1387436
v 0.04215973 0.3294253 -0.1362918
v 0.06851964 0.3248723 -0.1344953
v 0.09507647 0.3214262 -0.1364892
v 0.1217303 0.3188618 -0.1388872
v 0.1484979 0.3173324 -0.141455
v 0.1740536 0.3209337 -0.1489818
v 0.1988493 0.3190574 -0.1520951
v 0.2244871 0.3120656 -0.1529829
v 0.09475106 0.3170699 -0.1438107
v 0.06826868 0.3195086 -0.1410673
v 0.04173937 0.3228616 -0.1417003
v 0.01525633 0.3264174 -0.1436354
v -0.01142428 0.3289012 -0.1451116
v -0.03803989 0.3322729 -0.1468841
v -0.06469323 0.3359459 -0.1477075
v -0.09158438 0.3381028 -0.1472944
v -0.1186017 0.3376017 -0.1462754
v -0.1456752 0.3361048 -0.1455211
v -0.1457608 0.3282185 -0.1487321
v -0.1728415 0.3271194 -0.1480329
v -0.2000221 0.327383 -0.1484901
v -0.2266601 0.3234114 -0.152628
v -0.2527058 0.3158757 -0.1575264
v -0.1187677 0.3296705 -0.1494145
v -0.09183087 0.3300939 -0.1503046
v -0.06501953 0.3281271 -0.1510071
v -0.03838727 0.3250052 -0.1511514
v -0.01176731 0.322044 -0.1500338
v 0.01490918 0.3200008 -0.1491552
v 0.04139896 0.316801 -0.1476365
v 0.06801605 0.3148399 -0.14812
v 0.09441476 0.3136027 -0.1515854
v 0.1208253 0.3113495 -0.1541074
v 0.1212939 0.3154733 -0.1466847
v 0.1479065 0.3140599 -0.1492289
v 0.1738653 0.3157017 -0.1556258
v 0.1985308 0.3139018 -0.1587663
v 0.2246552 0.3086209 -0.1608599
v 0.2509997 0.3046976 -0.1605403
v 0.277745 0.3048118 -0.1627723
v 0.3037429 0.3076449 -0.167244
v 0.3041838 0.3110067 -0.1593611
v 0.3308874 0.3110067 -0.1592422
v 0.3442338 0.3110067 -0.1593688
v 0.3305791 0.3077692 -0.1671196
v 0.3439513 0.3076186 -0.1672702
v 0.2506953 0.2988366 -0.1667695
v 0.2774102 0.2979784 -0.167818
v 0.3037879 0.2999347 -0.1708573
v 0.3305079 0.2998642 -0.1702851
v 0.3438404 0.2999319 -0.1710193
v 0.2772396 0.2912602 -0.173
v 0.2506826 0.2929911 -0.173
v 0.2249868 0.3058799 -0.1690089
v 0.1986917 0.307322 -0.1640349
v 0.1731975 0.310488 -0.1622279
v 0.1472005 0.3110067 -0.157054
v 0.1469049 0.3047245 -0.1627274
v 0.1205594 0.3077189 -0.1617782
v 0.09412214 0.3110067 -0.1596727
v 0.06778621 0.3110067 -0.1556361
v 0.04114981 0.3113488 -0.1541087
v 0.01467697 0.3143063 -0.1553883
v -0.01200406 0.3158386 -0.1557294
v -0.03864457 0.3182635 -0.1561792
v -0.06522133 0.3205348 -0.1547421
v -0.09195963 0.3222773 -0.1536975
v -0.118823 0.3219331 -0.1529342
v -0.1457418 0.3205488 -0.15237
v -0.1727441 0.3195695 -0.151831
v -0.1998214 0.3201151 -0.1525622
v -0.2261125 0.3166762 -0.1577573
v -0.2520595 0.3102424 -0.163742
v -0.2787932 0.3055664 -0.1693224
v -0.2771482 0.2977712 -0.172148
v -0.3041787 0.2928715 -0.173
v -0.3316726 0.2912992 -0.173
v -0.3541925 0.2782238 -0.1672703
v -0.2507311 0.3048393 -0.1700495
v -0.2250527 0.3105934 -0.1635114
v -0.1994956 0.313412 -0.1573873
v -0.1725294 0.3123341 -0.1561534
v -0.1456067 0.3131856 -0.1565402
v -0.1187638 0.3144687 -0.1569372
v -0.09196425 0.3147236 -0.1575658
v -0.06527752 0.3132156 -0.1589363
v -0.03884939 0.3123043 -0.1620879
v -0.01215118 0.3105931 -0.1622967
v 0.01457978 0.3096037 -0.1623778
v 0.04083006 0.305589 -0.1602834
v 0.06760433 0.3044711 -0.1610563
v 0.09352168 0.3074735 -0.1674154
v 0.1204328 0.30504 -0.1698489
v 0.1459673 0.2979862 -0.1677256
v -0.01229182 0.3057452 -0.1691436
v -0.0390519 0.3066362 -0.1682526
v -0.06519809 0.3060419 -0.1633221
v -0.09188647 0.3075568 -0.162047
v -0.1186055 0.3074054 -0.1615575
v -0.1453495 0.3062788 -0.1613829
v -0.1721873 0.3056428 -0.1612367
v -0.1981264 0.3118726 -0.1653213
v -0.2234537 0.3051669 -0.1697219
v -0.2490685 0.2971245 -0.173
v -0.2751912 0.2896285 -0.173
v -0.3019191 0.2848375 -0.1734192
v -0.329003 0.2831417 -0.1733907
v -0.3541925 0.2782238 -0.1672703
v -0.2996369 0.27681 -0.1734594
v -0.3264835 0.2750296 -0.1737469
v -0.3523373 0.2708478 -0.1710418
v -0.2730638 0.2815562 -0.1732532
v -0.2470725 0.2890203 -0.1736707
v -0.2218339 0.2984968 -0.1745255
v -0.1969869 0.3053726 -0.1699705
v -0.1714468 0.29952 -0.16693
v -0.1449258 0.300044 -0.1670242
v -0.1183976 0.3009312 -0.1669304
v -0.09187628 0.3009813 -0.1673104
v -0.06542853 0.2987609 -0.167478
v -0.03905204 0.298455 -0.170039
v -0.0125508 0.2978172 -0.1718763
v 0.01404162 0.2976302 -0.173
v 0.01449036 0.3052946 -0.1695942
v 0.04038715 0.3006044 -0.1670614
v 0.06702607 0.2983024 -0.1668262
v 0.09341983 0.2992875 -0.1695276
v 0.1197315 0.297159 -0.173
v 0.1456167 0.2914235 -0.173
v 0.1459673 0.2979862 -0.1677256
v 0.1719906 0.2893908 -0.173
v 0.04031496 0.2946574 -0.173
v 0.06669205 0.2925494 -0.173
v 0.09304313 0.2913105 -0.173
v 0.1193365 0.2887277 -0.173
v 0.1451803 0.2832653 -0.1747356
v 0.1715405 0.2810262 -0.173
v 0.1975094 0.2765371 -0.1748552
v 0.1979383 0.2848713 -0.1745199
v 0.1722087 0.2977627 -0.1718542
v 0.1725253 0.3057376 -0.1691512
v 0.1982402 0.300049 -0.168251
v 0.2245517 0.2978224 -0.1718751
v 0.1982009 0.293097 -0.173
v 0.2244052 0.2893713 -0.173
v 0.2505266 0.2846531 -0.1741122
v 0.2770954 0.2829296 -0.1740307
v 0.3037208 0.2832667 -0.1732043
v 0.3038378 0.2917164 -0.173
v 0.3304815 0.2915783 -0.173
v 0.3438021 0.2916338 -0.173
v 0.3303922 0.2831661 -0.173
v 0.3437394 0.2831443 -0.1731164
v 0.2241321 0.2809028 -0.173
v 0.2768778 0.2745572 -0.1740658
v 0.3035251 0.2748481 -0.1732568
v 0.3302125 0.2747473 -0.1730751
v 0.3435612 0.2746958 -0.1733869
v 0.2237397 0.2724864 -0.1732063
v 0.2499626 0.2679112 -0.1739657
v 0.250295 0.2762672 -0.1740612
v 0.2765776 0.2662095 -0.1740168
v 0.3032555 0.2664635 -0.173287
v 0.3299597 0.2663621 -0.173115
v 0.3433131 0.2662828 -0.1733634
v 0.2232386 0.2641171 -0.1732695
v 0.1969471 0.2682245 -0.174864
v 0.1709357 0.2727015 -0.173
v 0.144591 0.2749803 -0.1753924
v 0.118781 0.2803552 -0.173
v 0.09242765 0.2830025 -0.173
v 0.06625561 0.2844181 -0.174872
v 0.03989326 0.2865379 -0.1748242
v 0.01370761 0.2892746 -0.173
v -0.01278615 0.2895384 -0.173
v -0.03921886 0.2903582 -0.173
v -0.06552354 0.2924682 -0.173
v -0.09184813 0.294805 -0.173
v -0.1182154 0.2951354 -0.173
v -0.1445052 0.2941523 -0.173
v -0.1706724 0.2937941 -0.173
v -0.1442663 0.2861997 -0.1754501
v -0.1702303 0.2854916 -0.173
v -0.1956738 0.2975122 -0.1686015
v -0.1959673 0.2898168 -0.173
v -0.2194688 0.2918736 -0.1803039
v -0.2447942 0.2811071 -0.1749666
v -0.2708816 0.2735251 -0.1737577
v -0.2974319 0.2687793 -0.1735107
v -0.3241556 0.2669354 -0.173949
v -0.3503412 0.2637788 -0.1751634
v -0.3479155 0.2570034 -0.1794349
v -0.295531 0.2606919 -0.1735055
v -0.3221139 0.2588294 -0.1740671
v -0.3479155 0.2570034 -0.1794349
v -0.3449491 0.2506295 -0.1838876
v -0.3614533 0.2361438 -0.1709901
v -0.360158 0.230571 -0.1770213
v -0.3627063 0.2128091 -0.1578899
v -0.3623725 0.2187574 -0.152087
v -0.3615162 0.1964193 -0.1372703
v -0.3615061 0.2026082 -0.1317391
v -0.3615901 0.1924628 -0.1230052
v -0.361838 0.1987483 -0.1176212
v -0.3617317 0.2089168 -0.126347
v -0.3617118 0.231438 -0.1412846
v -0.3617052 0.2552488 -0.1547858
v -0.3541925 0.2782238 -0.1672703
v -0.361939 0.2250189 -0.1466079
v -0.3619069 0.2485887 -0.1598776
v -0.3523373 0.2708478 -0.1710418
v -0.3614157 0.1862774 -0.1285505
v -0.3619318 0.2421872 -0.1652633
v -0.3503412 0.2637788 -0.1751634
v -0.3479155 0.2570034 -0.1794349
v -0.3503412 0.2637788 -0.1751634
v -0.3523373 0.2708478 -0.1710418
v -0.3616972 0.1905154 -0.1430917
v -0.3613751 0.1803626 -0.1343998
v -0.3616914 0.1850135 -0.1492863
v -0.3612287 0.1748472 -0.1406163
v -0.3624656 0.2072983 -0.1640914
v -0.3613204 0.1799868 -0.1558508
v -0.3615388 0.2024471 -0.1707397
v -0.3580004 0.2257174 -0.1833816
v -0.3413951 0.2449503 -0.1887677
v -0.3413951 0.2449503 -0.1887677
v -0.3202231 0.2508165 -0.1751179
v -0.3413951 0.2449503 -0.1887677
v -0.2939366 0.2525691 -0.1731856
v -0.2690719 0.2654259 -0.1742373
v -0.2432625 0.2729951 -0.1759579
v -0.2190211 0.2834706 -0.1806869
v -0.2672466 0.2573617 -0.1747683
v -0.2412565 0.2650451 -0.1771595
v -0.2170484 0.2755809 -0.1822354
v -0.1960422 0.2816111 -0.173
v -0.1701904 0.2772042 -0.173
v -0.1441026 0.2780245 -0.1768357
v -0.1179622 0.2869648 -0.174563
v -0.09192774 0.2865131 -0.1737688
v -0.06561327 0.2847243 -0.1760405
v -0.03957953 0.2820929 -0.173
v -0.01310675 0.2812208 -0.173
v 0.01340349 0.280952 -0.173
v 0.03941537 0.2783465 -0.1761435
v 0.0657406 0.2761144 -0.1751545
v 0.09169532 0.2747048 -0.173078
v 0.1180658 0.2720434 -0.173
v 0.1438186 0.2667076 -0.1755117
v 0.1701538 0.2644213 -0.1728313
v 0.1961849 0.2599557 -0.1745653
v 0.2225738 0.2558047 -0.17345
v 0.2489822 0.2512945 -0.1736858
v 0.2495323 0.2595863 -0.1738195
v 0.2761999 0.2578878 -0.173938
v 0.302925 0.2581134 -0.1733157
v 0.3296538 0.2580111 -0.1731482
v 0.3430125 0.2579114 -0.173344
v 0.2757617 0.2495925 -0.1738264
v 0.3025736 0.249797 -0.1733398
v 0.3293438 0.2496929 -0.1731756
v 0.3427092 0.2495805 -0.1733306
v 0.24826 0.2430424 -0.173629
v 0.2753488 0.2413206 -0.1736816
v 0.3023263 0.2415103 -0.1733403
v 0.3291472 0.2414043 -0.1731952
v 0.2216038 0.247568 -0.1736335
v 0.1951131 0.2517748 -0.1738048
v 0.1692125 0.2561851 -0.1727608
v 0.1428479 0.258494 -0.1750016
v 0.1171654 0.2640553 -0.1705816
v 0.0910356 0.2664403 -0.1733208
v 0.06519747 0.2678402 -0.1751587
v 0.0387615 0.2701047 -0.1767128
v 0.01303379 0.2726662 -0.173
v -0.01346016 0.2729506 -0.1734897
v -0.03995476 0.2739559 -0.1745353
v -0.06610346 0.2765631 -0.1774223
v -0.09231534 0.2782484 -0.1743325
v -0.1177054 0.2786758 -0.1745942
v -0.3550418 0.2074616 0.1818436
v -0.3604377 0.212324 0.1778622
v -0.3550418 0.2074616 0.1818436
v -0.3257696 0.2465038 0.1668063
v -0.3285696 0.2503817 0.1721425
v -0.3066923 0.2590745 0.1759797
v -0.2233311 0.2731888 0.1849195
v -0.2229768 0.2755944 0.1802365
v -0.2007983 0.2775683 0.1793611
v -0.2007983 0.2775683 0.1793611
v -0.3641559 0.2234614 0.1663592
v -0.3581035 0.253533 0.1712073
v -0.3594501 0.260089 0.1661441
v -0.348864 0.2892294 0.1719233
v -0.3534544 0.308178 0.1333919
v -0.3623357 0.2694679 0.01688776
v -0.369265 0.257239 0.0109238
v -0.3610479 0.3043495 0.02475853
v -0.3664314 0.3420442 0.03226048
v -0.3596694 0.2739577 0.01262171
v -0.3626401 0.3118154 0.02071149
v -0.3678448 0.3491904 0.02724745
v -0.3695567 0.3564859 0.02254954
v -0.3664314 0.3420442 0.03226048
v -0.3678448 0.3491904 0.02724745
v -0.3679374 0.2627909 0.006512755
v -0.3596694 0.2739577 0.01262171
v -0.3563248 0.278982 0.008344329
v -0.3659689 0.3208435 0.01723841
v -0.3695567 0.3564859 0.02254954
v -0.3622584 0.2678018 0.002605447
v -0.3563248 0.278982 0.008344329
v -0.3563248 0.278982 0.008344329
v -0.3534003 0.2856865 0.004195787
v -0.3659689 0.3208435 0.01723841
v -0.3596694 0.2739577 0.01262171
v -0.356061 0.2739001 -0.0003953121
v -0.3534003 0.2856865 0.004195787
v -0.3696318 0.3307522 0.0136656
v -0.3716126 0.3641979 0.01826233
v -0.353761 0.2934187 0.0006868036
v -0.3738467 0.3407894 0.01000551
v -0.3538972 0.2804916 -0.001881894
v -0.356061 0.2739001 -0.0003953121
v -0.3716126 0.3641979 0.01826233
v -0.3736977 0.3721439 0.01404349
v -0.3738467 0.3407894 0.01000551
v -0.3736977 0.3721439 0.01404349
v -0.3738467 0.3407894 0.01000551
v -0.375201 0.3794392 0.008525365
v -0.3696318 0.3307522 0.0136656
v -0.3534003 0.2856865 0.004195787
v -0.3659689 0.3208435 0.01723841
v -0.3563248 0.278982 0.008344329
v -0.3695567 0.3564859 0.02254954
v -0.3716126 0.3641979 0.01826233
v -0.353761 0.2934187 0.0006868036
v -0.3584892 0.3024283 -0.001568455
v -0.375201 0.3794392 0.008525365
v -0.3534003 0.2856865 0.004195787
v -0.356061 0.2739001 -0.0003953121
v -0.353761 0.2934187 0.0006868036
v -0.3538972 0.2804916 -0.001881894
v -0.375201 0.3794392 0.008525365
v -0.3757966 0.3853252 0.001472507
v -0.3534003 0.2856865 0.004195787
v -0.3696318 0.3307522 0.0136656
v -0.3563248 0.278982 0.008344329
v -0.3695567 0.3564859 0.02254954
v -0.355267 0.2851346 -0.00165016
v -0.3584892 0.3024283 -0.001568455
v -0.3538972 0.2804916 -0.001881894
v -0.3584892 0.3024283 -0.001568455
v -0.3649857 0.3102944 -0.003193446
v -0.357998 0.2881291 -0.001066964
v -0.3649857 0.3102944 -0.003193446
v -0.3760433 0.3196176 -0.006117197
v -0.3841814 0.3618009 -0.006698454
v -0.3649857 0.3102944 -0.003193446
v -0.3584892 0.3024283 -0.001568455
v -0.375201 0.3794392 0.008525365
v -0.3613215 0.292444 -0.005326101
v -0.357998 0.2881291 -0.001066964
v -0.3805211 0.3248103 -0.01390664
v -0.3611282 0.2946289 -0.01355422
v -0.3805211 0.3248103 -0.01390664
v -0.37389 0.3189819 -0.02025668
v -0.356875 0.2920934 -0.01672566
v -0.3805211 0.3248103 -0.01390664
v -0.3805211 0.3248103 -0.01390664
v -0.3760433 0.3196176 -0.006117197
v -0.37389 0.3189819 -0.02025668
v -0.356875 0.2920934 -0.01672566
v -0.3634872 0.3105441 -0.02073886
v -0.3829209 0.3581202 -0.03013046
v -0.3521953 0.2909918 -0.01398312
v -0.3634872 0.3105441 -0.02073886
v -0.356875 0.2920934 -0.01672566
v -0.3665575 0.3186798 -0.04632719
v -0.335624 0.3075109 -0.167378
v -0.36045 0.2915538 -0.1585954
v 0.1459673 0.2979862 -0.1677256
v -0.1969869 0.3053726 -0.1699705
v -0.1706724 0.2937941 -0.173
v -0.1706724 0.2937941 -0.173
v -0.1969869 0.3053726 -0.1699705
v 0.3737032 0.3813179 0.07666571
v 0.3739818 0.3821509 0.07610421
v 0.3741812 0.3814242 0.07686477
v 0.3727892 0.3807643 0.07479656
v 0.3730815 0.3817133 0.07396788
v 0.3739818 0.3821509 0.07610421
v 0.374325 0.3826599 0.07500587
v 0.3731902 0.3799568 0.0758835
v 0.3737032 0.3813179 0.07666571
v 0.3737032 0.3813179 0.07666571
v 0.3738869 0.3800721 0.07683156
v 0.3738869 0.3800721 0.07683156
v 0.3737032 0.3813179 0.07666571
v 0.3741812 0.3814242 0.07686477
v 0.3749639 0.3946282 0.06957338
v 0.3753072 0.3953438 0.06961631
v 0.3757599 0.3954082 0.06977128
v 0.3753072 0.3953438 0.06961631
v 0.3754655 0.3970108 0.06884909
v 0.3737656 0.3936272 0.06870098
v 0.3733323 0.3946618 0.0671726
v 0.3749639 0.3946282 0.06957338
v 0.3753072 0.3953438 0.06961631
v 0.3735743 0.3961608 0.06562111
v 0.3750209 0.3980485 0.06693468
v 0.3741816 0.3969505 0.06473624
v 0.3752904 0.3984284 0.06567134
v 0.3754655 0.3970108 0.06884909
v 0.3752904 0.3984284 0.06567134
v 0.3772632 0.3983749 0.06417431
v 0.3750209 0.3980485 0.06693468
v 0.3754655 0.3970108 0.06884909
v 0.3784752 0.3954958 0.06944351
v 0.3772632 0.3983749 0.06417431
v 0.3754655 0.3970108 0.06884909
v 0.3750209 0.3980485 0.06693468
v 0.3744588 0.4011913 0.06165064
v 0.3742962 0.3977988 0.06152811
v 0.3737977 0.3979528 0.05922261
v 0.3737977 0.3979528 0.05922261
v 0.3726613 0.3993058 0.05770771
v 0.3744588 0.4011913 0.06165064
v 0.3734483 0.4053968 0.0574861
v 0.3744588 0.4011913 0.06165064
v 0.3727917 0.4016008 0.05520566
v 0.3738919 0.4040392 0.06041581
v 0.3738979 0.4062598 0.05798254
v 0.3746218 0.4066308 0.05609857
v 0.3742306 0.4030138 0.05376918
v 0.3724888 0.3891318 0.07091885
v 0.3737298 0.3906303 0.07216787
v 0.3725027 0.3878828 0.07232046
v 0.3739558 0.3910465 0.0710796
v 0.3729278 0.3898132 0.07021601
v 0.3737298 0.3906303 0.07216787
v 0.3729973 0.3874039 0.07347797
v 0.3742915 0.3886074 0.07429358
v 0.3744695 0.3898824 0.07395986
v 0.3742915 0.3886074 0.07429358
v 0.3737298 0.3906303 0.07216787
v 0.3742856 0.3910935 0.07249325
v 0.3744695 0.3898824 0.07395986
v 0.3739558 0.3910465 0.0710796
v 0.3782129 0.3909148 0.07121567
v 0.3742915 0.3886074 0.07429358
v 0.3744695 0.3898824 0.07395986
v 0.3742915 0.3886074 0.07429358
v 0.3756798 0.3873098 0.07524555
v 0.3729973 0.3874039 0.07347797
v 0.3678522 0.3835139 0.06935731
v 0.3725027 0.3878828 0.07232046
v 0.3724888 0.3891318 0.07091885
v 0.3678522 0.3835139 0.06935731
v 0.3729278 0.3898132 0.07021601
v 0.3728275 0.3895869 0.0683808
v 0.3739558 0.3910465 0.0710796
v 0.3678522 0.3835139 0.06935731
v 0.3678522 0.3835139 0.06935731
v 0.3756798 0.3873098 0.07524555
v 0.3662283 0.3721379 0.0647596
v 0.3691242 0.3812699 0.06415345
v 0.3728275 0.3895869 0.0683808
v 0.3678522 0.3835139 0.06935731
v 0.3702552 0.3773538 0.06940691
v 0.3662283 0.3721379 0.0647596
v 0.3678522 0.3835139 0.06935731
v 0.3754198 0.3804066 0.06964002
v 0.3748923 0.3741344 0.07774041
v 0.3751923 0.3746965 0.07670017
v 0.3751188 0.3737046 0.07826049
v 0.3751923 0.3746965 0.07670017
v 0.3779413 0.3724239 0.07797926
v 0.3756112 0.3726908 0.07879117
v 0.3736282 0.3729834 0.07680915
v 0.373823 0.3738481 0.07601831
v 0.3748923 0.3741344 0.07774041
v 0.3747331 0.3721115 0.07821422
v 0.3751188 0.3737046 0.07826049
v 0.3751923 0.3746965 0.07670017
v 0.3748923 0.3741344 0.07774041
v 0.3747331 0.3721115 0.07821422
v 0.3751188 0.3737046 0.07826049
v 0.3756112 0.3726908 0.07879117
v 0.3757662 0.3713103 0.07895385
v 0.3747331 0.3721115 0.07821422
v 0.3756112 0.3726908 0.07879117
v 0.3719087 0.3725143 0.07663546
v 0.3688982 0.3655468 0.07663351
v 0.3736282 0.3729834 0.07680915
v 0.373823 0.3738481 0.07601831
v 0.3719087 0.3725143 0.07663546
v 0.374325 0.3826599 0.07500587
v 0.3730815 0.3817133 0.07396788
v 0.3749867 0.3829834 0.07400771
v 0.3727892 0.3807643 0.07479656
v 0.3706712 0.3800478 0.07406521
v 0.3730815 0.3817133 0.07396788
v 0.3731902 0.3799568 0.0758835
v 0.3738869 0.3800721 0.07683156
v 0.3749102 0.3790448 0.0775869
v 0.3698382 0.3682108 0.07150854
v 0.3738869 0.3800721 0.07683156
v 0.3741812 0.3814242 0.07686477
v 0.3698382 0.3682108 0.07150854
v 0.3662283 0.3721379 0.0647596
v 0.3532883 0.3667068 0.05137291
v 0.3653712 0.3766648 0.06081141
v 0.3619193 0.3832959 0.050988
v 0.3619022 0.3514408 0.06752421
v 0.3692978 0.3857753 0.05758866
v 0.3464552 0.3579459 0.04471701
v 0.3711312 0.4003338 0.05166021
v 0.3728783 0.4006698 0.04967551
v 0.3542233 0.3670748 0.04352781
v 0.3424152 0.3528548 0.0485572
v 0.3705392 0.3972148 0.05657961
v 0.3727917 0.4016008 0.05520566
v 0.3742306 0.4030138 0.05376918
v 0.3726613 0.3993058 0.05770771
v 0.3737977 0.3979528 0.05922261
v 0.3691242 0.3812699 0.06415345
v 0.3680525 0.3861645 0.05546204
v 0.3769552 0.3902538 0.04704088
v 0.3784752 0.3989829 0.04856701
v 0.3763123 0.4075398 0.055714
v 0.3763123 0.4075398 0.055714
v 0.3746218 0.4066308 0.05609857
v 0.3738979 0.4062598 0.05798254
v 0.3763123 0.4075398 0.055714
v 0.376664 0.3889435 0.05673502
v 0.3753497 0.3872524 0.05966121
v 0.3738869 0.3800721 0.07683156
v 0.3706712 0.3800478 0.07406521
v 0.3731902 0.3799568 0.0758835
v 0.3739818 0.3821509 0.07610421
v 0.374325 0.3826599 0.07500587
v 0.3749102 0.3790448 0.0775869
v 0.3741812 0.3814242 0.07686477
v 0.3749102 0.3790448 0.0775869
v 0.3749639 0.3946282 0.06957338
v 0.3757599 0.3954082 0.06977128
v 0.3753618 0.3937063 0.07033321
v 0.3737656 0.3936272 0.06870098
v 0.3709373 0.3916798 0.06702961
v 0.3733323 0.3946618 0.0671726
v 0.3735743 0.3961608 0.06562111
v 0.3696912 0.3913878 0.06146721
v 0.3696912 0.3913878 0.06146721
v 0.3741816 0.3969505 0.06473624
v 0.3752904 0.3984284 0.06567134
v 0.3772632 0.3983749 0.06417431
v 0.3696912 0.3913878 0.06146721
v 0.3754655 0.3970108 0.06884909
v 0.3784752 0.3954958 0.06944351
v 0.3753618 0.3937063 0.07033321
v 0.3696912 0.3913878 0.06146721
v 0.3692978 0.3857753 0.05758866
v 0.3692978 0.3857753 0.05758866
v 0.3653712 0.3766648 0.06081141
v 0.3696912 0.3913878 0.06146721
v 0.3738919 0.4040392 0.06041581
v 0.3738979 0.4062598 0.05798254
v 0.3763123 0.4075398 0.055714
v 0.3744588 0.4011913 0.06165064
v 0.3738919 0.4040392 0.06041581
v 0.3785213 0.4012099 0.0619486
v 0.3763123 0.4075398 0.055714
v 0.3785213 0.4012099 0.0619486
v 0.3744588 0.4011913 0.06165064
v 0.3742962 0.3977988 0.06152811
v 0.3728783 0.4006698 0.04967551
v 0.3746218 0.4066308 0.05609857
v 0.3742306 0.4030138 0.05376918
v 0.3742856 0.3910935 0.07249325
v 0.3744858 0.3917108 0.06999905
v 0.3744695 0.3898824 0.07395986
v 0.3739558 0.3910465 0.0710796
v 0.3744858 0.3917108 0.06999905
v 0.3742856 0.3910935 0.07249325
v 0.3751923 0.3746965 0.07670017
v 0.373823 0.3738481 0.07601831
v 0.3758282 0.3745852 0.0747392
v 0.3765679 0.3851809 -0.07221413
v 0.37638 0.3857768 -0.07134527
v 0.3760832 0.3850598 -0.07204239
v 0.3762266 0.383854 -0.07241236
v 0.37638 0.3857768 -0.07134527
v 0.3767187 0.3860816 -0.07017253
v 0.3751138 0.3842373 -0.07030518
v 0.3754227 0.3850228 -0.06932509
v 0.3760832 0.3850598 -0.07204239
v 0.3755082 0.3836083 -0.07150669
v 0.3762266 0.383854 -0.07241236
v 0.3776665 0.3969408 -0.06280041
v 0.3784929 0.3977122 -0.06285369
v 0.3780362 0.3976398 -0.06271799
v 0.3782368 0.3991478 -0.06167984
v 0.3776665 0.3969408 -0.06280041
v 0.3774372 0.3984058 -0.06136699
v 0.3764175 0.3958535 -0.06212482
v 0.3759903 0.3966339 -0.06045054
v 0.3782368 0.3991478 -0.06167984
v 0.3780362 0.3976398 -0.06271799
v 0.3777913 0.3998668 -0.05962465
v 0.3762537 0.3978418 -0.05866634
v 0.3780484 0.4000199 -0.05831193
v 0.3768703 0.3984492 -0.05765336
v 0.3780484 0.4000199 -0.05831193
v 0.3777913 0.3998668 -0.05962465
v 0.3791983 0.4009134 -0.05836874
v 0.3782368 0.3991478 -0.06167984
v 0.3791983 0.4009134 -0.05836874
v 0.3768703 0.3984492 -0.05765336
v 0.3791983 0.4009134 -0.05836874
v 0.3768243 0.3972069 -0.05595739
v 0.3762537 0.3978418 -0.05866634
v 0.3791983 0.4009134 -0.05836874
v 0.3768243 0.3972069 -0.05595739
v 0.3759903 0.3966339 -0.06045054
v 0.3764175 0.3958535 -0.06212482
v 0.3770957 0.3941563 -0.06371608
v 0.3776665 0.3969408 -0.06280041
v 0.3770957 0.3941563 -0.06371608
v 0.3770957 0.3941563 -0.06371608
v 0.3784929 0.3977122 -0.06285369
v 0.3712592 0.3830934 -0.05977929
v 0.3721252 0.3925919 -0.05542569
v 0.3768243 0.3972069 -0.05595739
v 0.3672862 0.3781718 -0.05716679
v 0.3679363 0.3829938 -0.05203449
v 0.3508173 0.3620618 -0.05125429
v 0.3673052 0.3901288 -0.04416959
v 0.3655592 0.3593918 -0.06928049
v 0.3495492 0.3520259 -0.05671999
v 0.3596193 0.3474669 -0.06440139
v 0.3704668 0.3780493 -0.06486134
v 0.3701682 0.3862229 -0.06454959
v 0.3719942 0.3786748 -0.07121069
v 0.3729582 0.3834888 -0.06973339
v 0.3426923 0.3451619 -0.05713819
v 0.3495853 0.3228298 -0.05585879
v 0.3659402 0.3184898 -0.05909829
v 0.3430842 0.3532998 -0.04997949
v 0.3420172 0.3537998 -0.04218599
v 0.3554173 0.3662419 -0.04189669
v 0.3673052 0.3901288 -0.04416959
v 0.3754227 0.3850228 -0.06932509
v 0.3751138 0.3842373 -0.07030518
v 0.3755082 0.3836083 -0.07150669
v 0.3750268 0.3908468 -0.06667379
v 0.3755269 0.3905501 -0.06788839
v 0.3750288 0.3918438 -0.06508279
v 0.3740813 0.3914878 -0.06342389
v 0.3768785 0.3918236 -0.06847277
v 0.3782387 0.3906518 -0.06960989
v 0.3701682 0.3862229 -0.06454959
v 0.3704668 0.3780493 -0.06486134
v 0.3782387 0.3906518 -0.06960989
v 0.3770939 0.3930166 -0.06792746
v 0.3754768 0.3923812 -0.06426965
v 0.3740813 0.3914878 -0.06342389
v 0.3772343 0.4021008 -0.05389636
v 0.3764127 0.3985293 -0.05205538
v 0.3765112 0.3970329 -0.05371229
v 0.3752943 0.3996524 -0.05035059
v 0.3736822 0.3997108 -0.04423789
v 0.3772343 0.4021008 -0.05389636
v 0.3762302 0.4039248 -0.05182729
v 0.3764127 0.3985293 -0.05205538
v 0.3752943 0.3996524 -0.05035059
v 0.3754552 0.4014898 -0.04749734
v 0.3752943 0.3996524 -0.05035059
v 0.377477 0.4065253 -0.0475085
v 0.3767776 0.4065018 -0.04943775
v 0.3772343 0.4021008 -0.05389636
v 0.3767425 0.4047219 -0.05220902
v 0.3767425 0.4047219 -0.05220902
v 0.3767776 0.4065018 -0.04943775
v 0.3769139 0.4025875 -0.04582469
v 0.377477 0.4065253 -0.0475085
v 0.3750268 0.3908468 -0.06667379
v 0.3763458 0.3934819 -0.06604559
v 0.3750288 0.3918438 -0.06508279
v 0.3768785 0.3918236 -0.06847277
v 0.3755269 0.3905501 -0.06788839
v 0.3754768 0.3923812 -0.06426965
v 0.3765646 0.3937017 -0.06489995
v 0.3770939 0.3930166 -0.06792746
v 0.3763458 0.3934819 -0.06604559
v 0.3770939 0.3930166 -0.06792746
v 0.3769236 0.3939722 -0.06628099
v 0.3765646 0.3937017 -0.06489995
v 0.3772642 0.3777733 -0.07487257
v 0.3773412 0.3784868 -0.07316709
v 0.3770418 0.3781184 -0.07429083
v 0.3805083 0.3757289 -0.0739959
v 0.3773412 0.3784868 -0.07316709
v 0.3777312 0.3768448 -0.07555905
v 0.3805083 0.3757289 -0.0739959
v 0.3778432 0.3755233 -0.07593319
v 0.3805083 0.3757289 -0.0739959
v 0.3770418 0.3781184 -0.07429083
v 0.3773412 0.3784868 -0.07316709
v 0.3757227 0.3768924 -0.07356684
v 0.3772642 0.3777733 -0.07487257
v 0.3768242 0.3762252 -0.07508545
v 0.37593 0.3775886 -0.07265599
v 0.3773412 0.3784868 -0.07316709
v 0.3777312 0.3768448 -0.07555905
v 0.3772642 0.3777733 -0.07487257
v 0.3768242 0.3762252 -0.07508545
v 0.3778432 0.3755233 -0.07593319
v 0.3777312 0.3768448 -0.07555905
v 0.3768242 0.3762252 -0.07508545
v 0.3757227 0.3768924 -0.07356684
v 0.3739852 0.3764659 -0.07349819
v 0.37593 0.3775886 -0.07265599
v 0.3739852 0.3764659 -0.07349819
v 0.3773412 0.3784868 -0.07316709
v 0.3764223 0.3773511 -0.07085065
v 0.3739852 0.3764659 -0.07349819
v 0.3739852 0.3764659 -0.07349819
v 0.3778432 0.3755233 -0.07593319
v 0.3707333 0.3697078 -0.07470819
v 0.3703842 0.3694559 -0.06866059
v 0.3691953 0.3707718 -0.07152649
v 0.3739852 0.3764659 -0.07349819
v 0.3691953 0.3707718 -0.07152649
v 0.3691953 0.3707718 -0.07152649
v 0.3707333 0.3697078 -0.07470819
v 0.3767187 0.3860816 -0.07017253
v 0.3773717 0.3862084 -0.06912529
v 0.3754227 0.3850228 -0.06932509
v 0.3772282 0.3829298 -0.07331519
v 0.3765679 0.3851809 -0.07221413
v 0.3762266 0.383854 -0.07241236
v 0.3762266 0.383854 -0.07241236
v 0.3755082 0.3836083 -0.07150669
v 0.3799702 0.3827378 -0.07122649
v 0.3767187 0.3860816 -0.07017253
v 0.37638 0.3857768 -0.07134527
v 0.3765679 0.3851809 -0.07221413
v 0.3782368 0.3991478 -0.06167984
v 0.3784929 0.3977122 -0.06285369
v 0.3791983 0.4009134 -0.05836874
v 0.3767776 0.4065018 -0.04943775
v 0.3767425 0.4047219 -0.05220902
v 0.3788563 0.4076379 -0.04806609
v 0.3767425 0.4047219 -0.05220902
v 0.3772343 0.4021008 -0.05389636
v 0.3813003 0.4020158 -0.05413149
v 0.3765112 0.3970329 -0.05371229
v 0.3813003 0.4020158 -0.05413149
v 0.3788563 0.4076379 -0.04806609
v 0.3767425 0.4047219 -0.05220902
v 0.3753992 0.3996449 -0.04220118
v 0.3769139 0.4025875 -0.04582469
v 0.377477 0.4065253 -0.0475085
v 0.377477 0.4065253 -0.0475085
v 0.3767776 0.4065018 -0.04943775
v 0.3788563 0.4076379 -0.04806609
v 0.3754552 0.4014898 -0.04749734
v 0.3769139 0.4025875 -0.04582469
v 0.3736822 0.3997108 -0.04423789
v 0.3752943 0.3996524 -0.05035059
v 0.3673052 0.3901288 -0.04416959
v 0.3765112 0.3970329 -0.05371229
v 0.3752943 0.3996524 -0.05035059
v 0.3765112 0.3970329 -0.05371229
v 0.3764127 0.3985293 -0.05205538
v 0.3754768 0.3923812 -0.06426965
v 0.3765646 0.3937017 -0.06489995
v 0.3740813 0.3914878 -0.06342389
v 0.3770939 0.3930166 -0.06792746
v 0.3782387 0.3906518 -0.06960989
v 0.3769236 0.3939722 -0.06628099
v 0.3765646 0.3937017 -0.06489995
v 0.3769236 0.3939722 -0.06628099
v 0.3792802 0.3944018 -0.06456209
v 0.3719087 0.3725143 0.07663546
v 0.3758282 0.3745852 0.0747392
v 0.373823 0.3738481 0.07601831
v 0.3719087 0.3725143 0.07663546
v 0.3698382 0.3682108 0.07150854
v 0.3619022 0.3514408 0.06752421
v 0.3673643 0.3670698 0.07364121
v 0.3673643 0.3670698 0.07364121
v 0.3719087 0.3725143 0.07663546
v 0.3706712 0.3800478 0.07406521
v 0.3737965 0.3788142 0.06969528
v 0.3730815 0.3817133 0.07396788
v 0.3749867 0.3829834 0.07400771
v 0.3702552 0.3773538 0.06940691
v 0.3662283 0.3721379 0.0647596
v 0.3807212 0.3735958 -0.04383049
v 0.3798372 0.3630309 -0.06201789
v 0.3689252 0.3394569 -0.04160269
v 0.3807212 0.3735958 -0.04383049
v 0.3810092 0.3862708 -0.05538909
v 0.3801832 0.3888768 -0.04397779
v 0.3791532 0.3633078 -0.06929819
v 0.3792262 0.3801233 -0.06590054
v 0.3735413 0.3360569 -0.05387109
v 0.3689252 0.3394569 -0.04160269
v 0.3716142 0.3188768 -0.03191939
v 0.3740302 0.3550738 -0.07153518
v 0.3720162 0.3131528 -0.03358239
v 0.3717242 0.3131438 -0.05381969
v 0.3793153 0.3749939 -0.03977759
v 0.3792262 0.3801233 -0.06590054
v 0.376305 0.3737119 -0.06945586
v 0.3700623 0.3340498 -0.06239919
v 0.3740302 0.3550738 -0.07153518
v 0.3717242 0.3131438 -0.05381969
v 0.3623253 0.3556429 -0.03640289
v 0.3614932 0.3269588 -0.03040099
v 0.3679392 0.3049919 -0.04124749
v 0.3720162 0.3131528 -0.03358239
v 0.3700623 0.3340498 -0.06239919
v 0.3659402 0.3184898 -0.05909829
v 0.3659402 0.3184898 -0.05909829
v 0.3638873 0.3404039 -0.06587379
v 0.3700623 0.3340498 -0.06239919
v 0.3740302 0.3550738 -0.07153518
v 0.3707333 0.3697078 -0.07470819
v 0.3740302 0.3550738 -0.07153518
v 0.3778432 0.3755233 -0.07593319
v 0.3707333 0.3697078 -0.07470819
v 0.3778432 0.3755233 -0.07593319
v 0.3763843 0.3682348 -0.07311338
v 0.376305 0.3737119 -0.06945586
v 0.3764223 0.3773511 -0.07085065
v 0.3763843 0.3682348 -0.07311338
v 0.3740302 0.3550738 -0.07153518
v 0.3799702 0.3827378 -0.07122649
v 0.3770112 0.3854598 -0.06605908
v 0.3783077 0.3867218 -0.05953879
v 0.3810092 0.3862708 -0.05538909
v 0.3778432 0.3755233 -0.07593319
v 0.3805083 0.3757289 -0.0739959
v 0.376664 0.3889435 0.05673502
v 0.3785213 0.4012099 0.0619486
v 0.3780392 0.3899298 0.04972091
v 0.3799213 0.3860508 0.04865651
v 0.3769552 0.3902538 0.04704088
v 0.3788062 0.3854768 0.06055
v 0.376664 0.3889435 0.05673502
v 0.3780392 0.3899298 0.04972091
v 0.3743855 0.3705633 0.07223509
v 0.3768752 0.3649599 0.07288221
v 0.3788062 0.3854768 0.06055
v 0.3791553 0.3748868 0.04716881
v 0.3791553 0.3748868 0.04716881
v 0.3784132 0.3613659 0.0632875
v 0.3777553 0.3769018 0.04338271
v 0.3769552 0.3902538 0.04704088
v 0.3776173 0.3603798 0.07049461
v 0.3746219 0.3645548 0.0749222
v 0.3746219 0.3645548 0.0749222
v 0.3721062 0.3453199 0.06755231
v 0.3721062 0.3453199 0.06755231
v 0.3728922 0.3343179 0.05511471
v 0.3671162 0.3313608 0.05935731
v 0.3722973 0.3133308 0.04668561
v 0.3732513 0.3359578 0.05061411
v 0.3784132 0.3613659 0.0632875
v 0.3703352 0.3553028 0.04273221
v 0.3777553 0.3769018 0.04338271
v 0.3585142 0.3541688 0.03404331
v 0.3703852 0.3402024 0.0419616
v 0.3722782 0.3226598 0.02605861
v 0.3609782 0.3456258 0.03050641
v 0.3722782 0.3226598 0.02605861
v 0.3722973 0.3133308 0.04668561
v 0.3710912 0.3085398 0.03322261
v 0.3720702 0.3124969 0.02764241
v 0.3722782 0.3226598 0.02605861
v 0.3585142 0.3541688 0.03404331
v 0.3791553 0.3748868 0.04716881
v 0.3784132 0.3613659 0.0632875
v 0.3728783 0.4006698 0.04967551
v 0.3651983 0.3764508 0.04084661
v 0.3769552 0.3902538 0.04704088
v 0.3777553 0.3769018 0.04338271
v 0.3769552 0.3902538 0.04704088
v 0.3585142 0.3541688 0.03404331
v 0.3609782 0.3456258 0.03050641
v 0.3467132 0.3485819 0.03207051
v 0.3616312 0.3264348 0.02421641
v 0.3722782 0.3226598 0.02605861
v 0.3481123 0.3284459 0.02770041
v 0.3315682 0.3401958 0.02847911
v 0.3405713 0.3177108 0.02893541
v 0.3601983 0.3120919 0.02446521
v 0.3385162 0.3134948 0.03242181
v 0.3594852 0.3070348 0.02858861
v 0.3544762 0.3068708 0.03721101
v 0.3681352 0.3064128 0.03786791
v 0.3637253 0.3107539 0.04678971
v 0.3493722 0.3217708 0.04995151
v 0.3385583 0.3130418 0.03564231
v 0.3720702 0.3124969 0.02764241
v 0.3710912 0.3085398 0.03322261
v 0.3511323 0.3278918 0.0532832
v 0.3587643 0.3449428 0.06262651
v 0.3393202 0.3433089 0.05383301
v 0.3671162 0.3313608 0.05935731
v 0.3676552 0.3444688 0.06858831
v 0.3673643 0.3670698 0.07364121
v 0.3481422 0.3504699 0.05551261
v 0.3424152 0.3528548 0.0485572
v 0.3393202 0.3433089 0.05383301
v 0.3337492 0.3172488 0.04034921
v 0.3370312 0.3201059 0.04946571
v 0.3420252 0.3545819 0.04088242
v 0.3542233 0.3670748 0.04352781
v 0.3585142 0.3541688 0.03404331
v 0.3542233 0.3670748 0.04352781
v 0.3585142 0.3541688 0.03404331
v 0.3749102 0.3790448 0.0775869
v 0.374325 0.3826599 0.07500587
v 0.3775302 0.3801619 0.0725771
v 0.3777252 0.3781508 0.07486191
v 0.3749102 0.3790448 0.0775869
v 0.3749867 0.3829834 0.07400771
v 0.3775302 0.3801619 0.0725771
v 0.3805083 0.3757289 -0.0739959
v 0.3764223 0.3773511 -0.07085065
v 0.3773412 0.3784868 -0.07316709
v 0.3805083 0.3757289 -0.0739959
v 0.3763843 0.3682348 -0.07311338
v 0.3792802 0.3944018 -0.06456209
v 0.3769236 0.3939722 -0.06628099
v 0.3782387 0.3906518 -0.06960989
v 0.3728275 0.3895869 0.0683808
v 0.3754932 0.3834199 0.06991421
v 0.3782129 0.3909148 0.07121567
v 0.3784563 0.3884268 0.07324822
v 0.3744858 0.3917108 0.06999905
v 0.3754198 0.3804066 0.06964002
v 0.3728275 0.3895869 0.0683808
v 0.3734289 0.3841797 0.0651782
v 0.3754198 0.3804066 0.06964002
v 0.3777943 0.3919109 0.0687096
v 0.3753497 0.3872524 0.05966121
v 0.3792409 0.3976519 0.06612314
v 0.3743855 0.3705633 0.07223509
v 0.3775302 0.3801619 0.0725771
v 0.3775302 0.3801619 0.0725771
v 0.3777252 0.3781508 0.07486191
v 0.3746219 0.3645548 0.0749222
v 0.3778842 0.3734628 0.0755396
v 0.3777943 0.3919109 0.0687096
v 0.3784752 0.3954958 0.06944351
v 0.3756798 0.3873098 0.07524555
v 0.3742915 0.3886074 0.07429358
v 0.3782129 0.3909148 0.07121567
v 0.3737965 0.3788142 0.06969528
v 0.3702552 0.3773538 0.06940691
v 0.3754198 0.3804066 0.06964002
v 0.3808982 0.4015988 0.05403341
v 0.3780392 0.3899298 0.04972091
v 0.3785213 0.4012099 0.0619486
v 0.3769552 0.3902538 0.04704088
v 0.3784752 0.3989829 0.04856701
v 0.3808982 0.4015988 0.05403341
v 0.3789652 0.4065518 0.0565813
v 0.3785213 0.4012099 0.0619486
v 0.3742962 0.3977988 0.06152811
v 0.3680525 0.3861645 0.05546204
v 0.3705392 0.3972148 0.05657961
v 0.3692978 0.3857753 0.05758866
v 0.3753497 0.3872524 0.05966121
v 0.3680525 0.3861645 0.05546204
v 0.3737977 0.3979528 0.05922261
v 0.3742962 0.3977988 0.06152811
v 0.3705392 0.3972148 0.05657961
v 0.3813003 0.4020158 -0.05413149
v 0.3765112 0.3970329 -0.05371229
v 0.3825783 0.3959758 -0.05045599
v 0.3789136 0.3891292 -0.05107603
v 0.3825783 0.3959758 -0.05045599
v 0.3770112 0.3854598 -0.06605908
v 0.3803703 0.3917618 -0.06377589
v 0.3805772 0.3919793 -0.06808214
v 0.3770112 0.3854598 -0.06605908
v 0.3756822 0.3859697 -0.06024233
v 0.3792802 0.3944018 -0.06456209
v 0.3805772 0.3919793 -0.06808214
v 0.3712592 0.3830934 -0.05977929
v 0.3740813 0.3914878 -0.06342389
v 0.3756822 0.3859697 -0.06024233
v 0.3792802 0.3944018 -0.06456209
v 0.3210542 0.3252908 0.05227831
v 0.2782863 0.3288148 0.05990371
v 0.3243802 0.3374069 0.05416561
v 0.3379282 0.3213588 0.0517242
v 0.2773963 0.3209349 0.05501831
v 0.3168333 0.3207298 0.04760891
v 0.2785552 0.3169798 0.04717901
v 0.3198563 0.3165978 0.03645091
v 0.2768822 0.3180278 0.03781271
v 0.3337492 0.3172488 0.04034921
v 0.3370312 0.3201059 0.04946571
v 0.3390302 0.3274419 0.05454311
v 0.3493722 0.3217708 0.04995151
v 0.3511323 0.3278918 0.0532832
v 0.3393202 0.3433089 0.05383301
v 0.2777283 0.3229749 0.02963341
v 0.3215112 0.3176808 0.03191471
v 0.2794592 0.3343878 0.02525311
v 0.3385162 0.3134948 0.03242181
v 0.3405713 0.3177108 0.02893541
v 0.3385583 0.3130418 0.03564231
v 0.3198563 0.3165978 0.03645091
v 0.3301453 0.3206459 0.02952711
v 0.2794592 0.3343878 0.02525311
v 0.3481123 0.3284459 0.02770041
v 0.3224982 0.3391578 0.03063581
v 0.2956153 0.3361098 0.02871691
v 0.3198563 0.3165978 0.03645091
v 0.2815723 0.3499298 0.04783891
v 0.3219332 0.3484759 0.03897731
v 0.3242573 0.3461608 0.04943631
v 0.3420252 0.3545819 0.04088242
v 0.3424152 0.3528548 0.0485572
v 0.3428752 0.3535818 0.03725661
v 0.3223283 0.3452639 0.03442351
v 0.2809013 0.3484669 0.03926181
v 0.2815723 0.3499298 0.04783891
v 0.3224982 0.3391578 0.03063581
v 0.3315682 0.3401958 0.02847911
v 0.3481123 0.3284459 0.02770041
v 0.2956153 0.3361098 0.02871691
v 0.2805473 0.3447928 0.03192551
v 0.2794592 0.3343878 0.02525311
v 0.3424152 0.3528548 0.0485572
v 0.3393202 0.3433089 0.05383301
v 0.3243802 0.3374069 0.05416561
v 0.3185723 0.3415499 0.05344681
v 0.2806462 0.3428518 0.05916931
v 0.2782863 0.3288148 0.05990371
v 0.3390302 0.3274419 0.05454311
v 0.2815723 0.3499298 0.04783891
v 0.3393202 0.3433089 0.05383301
v 0.3512523 0.3332668 -0.03200119
v 0.3305343 0.3376458 -0.03303529
v 0.3521482 0.3505148 -0.03454129
v 0.3346022 0.3460008 -0.03528959
v 0.3486692 0.3555498 -0.03844909
v 0.3623253 0.3556429 -0.03640289
v 0.3614932 0.3269588 -0.03040099
v 0.3623253 0.3556429 -0.03640289
v 0.3667013 0.3745928 -0.03753209
v 0.3753992 0.3996449 -0.04220118
v 0.3673052 0.3901288 -0.04416959
v 0.3420172 0.3537998 -0.04218599
v 0.3667013 0.3745928 -0.03753209
v 0.3753992 0.3996449 -0.04220118
v 0.3790589 0.3887885 -0.04129642
v 0.3591453 0.3086528 -0.03229589
v 0.3716142 0.3188768 -0.03191939
v 0.3396522 0.3154598 -0.03638209
v 0.3614932 0.3269588 -0.03040099
v 0.3379102 0.3118428 -0.04063598
v 0.3583402 0.3043889 -0.03722089
v 0.3535023 0.3058608 -0.04581709
v 0.3679392 0.3049919 -0.04124749
v 0.3720162 0.3131528 -0.03358239
v 0.3679392 0.3049919 -0.04124749
v 0.3382172 0.3119138 -0.04387278
v 0.3495853 0.3228298 -0.05585879
v 0.3661923 0.3111848 -0.05500889
v 0.3679392 0.3049919 -0.04124749
v 0.3495853 0.3228298 -0.05585879
v 0.3312142 0.3170729 -0.04829689
v 0.3252272 0.3385908 -0.05937209
v 0.2812072 0.3390218 -0.06947859
v 0.3301852 0.3259508 -0.05897019
v 0.2786083 0.3211049 -0.06524628
v 0.3174703 0.3210348 -0.05569109
v 0.2792703 0.3165699 -0.05770459
v 0.3020703 0.3189199 -0.04066699
v 0.3432372 0.3248459 -0.05923899
v 0.3377762 0.3210508 -0.05641849
v 0.3495853 0.3228298 -0.05585879
v 0.2768782 0.3185548 -0.04379409
v 0.3312142 0.3170729 -0.04829689
v 0.3230633 0.3150558 -0.04488008
v 0.3020703 0.3189199 -0.04066699
v 0.3382172 0.3119138 -0.04387278
v 0.3495853 0.3228298 -0.05585879
v 0.3379102 0.3118428 -0.04063598
v 0.3020703 0.3189199 -0.04066699
v 0.3216522 0.3187109 -0.03791849
v 0.2784493 0.3321709 -0.03445059
v 0.3396522 0.3154598 -0.03638209
v 0.3215292 0.3334788 -0.03591799
v 0.2822833 0.3467439 -0.06404798
v 0.3247882 0.3453239 -0.05539308
v 0.3047692 0.3471688 -0.04797619
v 0.2812072 0.3390218 -0.06947859
v 0.3239012 0.3483418 -0.04526298
v 0.3420172 0.3537998 -0.04218599
v 0.3038262 0.3432828 -0.04184059
v 0.2795133 0.3401218 -0.03730379
v 0.2819322 0.3495029 -0.05548309
v 0.3215292 0.3334788 -0.03591799
v 0.2784493 0.3321709 -0.03445059
v 0.3216522 0.3187109 -0.03791849
v 0.3215882 0.3458838 -0.04082459
v 0.3305343 0.3376458 -0.03303529
v 0.3346022 0.3460008 -0.03528959
v 0.3420172 0.3537998 -0.04218599
v 0.3396522 0.3154598 -0.03638209
v 0.3512523 0.3332668 -0.03200119
v 0.3252272 0.3385908 -0.05937209
v 0.3247882 0.3453239 -0.05539308
v 0.3432372 0.3248459 -0.05923899
v 0.3426923 0.3451619 -0.05713819
v 0.3430842 0.3532998 -0.04997949
v 0.3247882 0.3453239 -0.05539308
v 0.3790202 0.4020338 -0.04245029
v 0.3825783 0.3959758 -0.05045599
v 0.3790589 0.3887885 -0.04129642
v 0.3825783 0.3959758 -0.05045599
v 0.3821212 0.4058478 -0.04709389
v 0.3793153 0.3749939 -0.03977759
v 0.3790589 0.3887885 -0.04129642
v 0.3690642 0.3542908 -0.04022089
v 0.3623253 0.3556429 -0.03640289
v 0.3807212 0.3735958 -0.04383049
v 0.3753497 0.3872524 0.05966121
v 0.3788062 0.3854768 0.06055
v 0.3734289 0.3841797 0.0651782
v 0.3754198 0.3804066 0.06964002
v 0.376664 0.3889435 0.05673502
v 0.3801832 0.3888768 -0.04397779
v 0.3789136 0.3891292 -0.05107603
v 0.3810092 0.3862708 -0.05538909
v 0.3768243 0.3972069 -0.05595739
v 0.3770957 0.3941563 -0.06371608
v 0.3759903 0.3966339 -0.06045054
v 0.3716142 0.3188768 -0.03191939
v 0.3614932 0.3269588 -0.03040099
v 0.3689252 0.3394569 -0.04160269
v 0.3825783 0.3959758 -0.05045599
v 0.3821212 0.4058478 -0.04709389
v 0.3813003 0.4020158 -0.05413149
v 0.3754227 0.3850228 -0.06932509
v 0.3764862 0.3816708 -0.06584159
v 0.3729582 0.3834888 -0.06973339
v 0.3773717 0.3862084 -0.06912529
v 0.3704668 0.3780493 -0.06486134
v 0.3772282 0.3829298 -0.07331519
v 0.3755082 0.3836083 -0.07150669
v 0.3729582 0.3834888 -0.06973339
v 0.3719942 0.3786748 -0.07121069
v 0.3704668 0.3780493 -0.06486134
v 0.3764862 0.3816708 -0.06584159
v 0.3782387 0.3906518 -0.06960989
v 0.3426923 0.3451619 -0.05713819
v 0.3432372 0.3248459 -0.05923899
v 0.3495853 0.3228298 -0.05585879
v 0.3428752 0.3535818 0.03725661
v 0.3315682 0.3401958 0.02847911
v 0.3467132 0.3485819 0.03207051
v 0.3770957 0.3941563 -0.06371608
v 0.3791983 0.4009134 -0.05836874
v 0.3784929 0.3977122 -0.06285369
v 0.3819779 0.3991815 -0.05883365
v 0.3810092 0.3862708 -0.05538909
v 0.3768243 0.3972069 -0.05595739
v 0.3754817 0.3875439 -0.05347764
v 0.3791983 0.4009134 -0.05836874
v 0.3767187 0.3860816 -0.07017253
v 0.3799702 0.3827378 -0.07122649
v 0.3773717 0.3862084 -0.06912529
v 0.3688982 0.3655468 0.07663351
v 0.3757662 0.3713103 0.07895385
v 0.3676552 0.3444688 0.06858831
v 0.3757662 0.3713103 0.07895385
v 0.3671162 0.3313608 0.05935731
v 0.3637253 0.3107539 0.04678971
v 0.3722973 0.3133308 0.04668561
v 0.3710912 0.3085398 0.03322261
v 0.3698382 0.3682108 0.07150854
v 0.3749102 0.3790448 0.0775869
v 0.3743855 0.3705633 0.07223509
v 0.3707333 0.3697078 -0.07470819
v 0.3638873 0.3404039 -0.06587379
v 0.3655592 0.3593918 -0.06928049
v 0.3659402 0.3184898 -0.05909829
v 0.3746219 0.3645548 0.0749222
v 0.3721062 0.3453199 0.06755231
v 0.3757662 0.3713103 0.07895385
v 0.3778842 0.3734628 0.0755396
v 0.3751923 0.3746965 0.07670017
v 0.3758282 0.3745852 0.0747392
v 0.3779413 0.3724239 0.07797926
v 0.3751923 0.3746965 0.07670017
v 0.3809228 0.3958293 -0.06289584
v 0.3783077 0.3867218 -0.05953879
v 0.3819779 0.3991815 -0.05883365
v 0.3756822 0.3859697 -0.06024233
v 0.3770957 0.3941563 -0.06371608
v 0.3712592 0.3830934 -0.05977929
v 0.3736822 0.3997108 -0.04423789
v 0.3769139 0.4025875 -0.04582469
v 0.3753992 0.3996449 -0.04220118
v 0.3673052 0.3901288 -0.04416959
v 0.3790202 0.4020338 -0.04245029
v 0.3788563 0.4076379 -0.04806609
v 0.3821212 0.4058478 -0.04709389
v 0.3790589 0.3887885 -0.04129642
v 0.3721252 0.3925919 -0.05542569
v 0.3768243 0.3972069 -0.05595739
v 0.3754817 0.3875439 -0.05347764
v 0.3701872 0.3865035 -0.05040512
v 0.3721252 0.3925919 -0.05542569
v 0.3601983 0.3120919 0.02446521
v 0.3722782 0.3226598 0.02605861
v 0.3616312 0.3264348 0.02421641
v 0.3720702 0.3124969 0.02764241
v 0.3777943 0.3919109 0.0687096
v 0.3734289 0.3841797 0.0651782
v 0.3735135 0.3902841 0.06901688
v 0.3735135 0.3902841 0.06901688
v 0.3753618 0.3937063 0.07033321
v 0.3661923 0.3111848 -0.05500889
v 0.3679392 0.3049919 -0.04124749
v 0.3717242 0.3131438 -0.05381969
v 0.3793153 0.3749939 -0.03977759
v 0.3690642 0.3542908 -0.04022089
v 0.3667013 0.3745928 -0.03753209
v 0.3793153 0.3749939 -0.03977759
v 0.3688982 0.3655468 0.07663351
v 0.3676552 0.3444688 0.06858831
v 0.3673643 0.3670698 0.07364121
v 0.3673643 0.3670698 0.07364121
v 0.3719087 0.3725143 0.07663546
v 0.3753497 0.3872524 0.05966121
v 0.3792409 0.3976519 0.06612314
v 0.3692978 0.3857753 0.05758866
v 0.3742962 0.3977988 0.06152811
v 0.376664 0.3889435 0.05673502
v 0.3680525 0.3861645 0.05546204
v 0.3785213 0.4012099 0.0619486
v 0.3754198 0.3804066 0.06964002
v 0.3678522 0.3835139 0.06935731
v 0.3756798 0.3873098 0.07524555
v 0.3740813 0.3914878 -0.06342389
v 0.3701682 0.3862229 -0.06454959
v 0.377477 0.4065253 -0.0475085
v 0.3788563 0.4076379 -0.04806609
v 0.3753992 0.3996449 -0.04220118
v 0.376305 0.3737119 -0.06945586
v 0.3772282 0.3829298 -0.07331519
v 0.3703842 0.3694559 -0.06866059
v 0.3719942 0.3786748 -0.07121069
v 0.3655592 0.3593918 -0.06928049
v 0.3691242 0.3812699 0.06415345
v 0.3735135 0.3902841 0.06901688
v 0.3734289 0.3841797 0.0651782
v 0.3337492 0.3172488 0.04034921
v 0.3493722 0.3217708 0.04995151
v 0.3385583 0.3130418 0.03564231
v 0.3754198 0.3804066 0.06964002
v 0.3743855 0.3705633 0.07223509
v 0.3743855 0.3705633 0.07223509
v 0.3746219 0.3645548 0.0749222
v 0.3749102 0.3790448 0.0775869
v 0.3777252 0.3781508 0.07486191
v 0.3819779 0.3991815 -0.05883365
v 0.3783077 0.3867218 -0.05953879
v 0.3810092 0.3862708 -0.05538909
v 0.3765112 0.3970329 -0.05371229
v 0.3701872 0.3865035 -0.05040512
v 0.3673052 0.3901288 -0.04416959
v 0.3765112 0.3970329 -0.05371229
v 0.3701872 0.3865035 -0.05040512
v 0.3789136 0.3891292 -0.05107603
v 0.3691242 0.3812699 0.06415345
v 0.3734289 0.3841797 0.0651782
v 0.3728275 0.3895869 0.0683808
v 0.3728783 0.4006698 0.04967551
v 0.3742306 0.4030138 0.05376918
v 0.3825783 0.3959758 -0.05045599
v 0.3789136 0.3891292 -0.05107603
v 0.3801832 0.3888768 -0.04397779
v 0.3703842 0.3694559 -0.06866059
v 0.3655592 0.3593918 -0.06928049
v 0.3707333 0.3697078 -0.07470819
v 0.3703842 0.3694559 -0.06866059
v 0.3707333 0.3697078 -0.07470819
v 0.3691953 0.3707718 -0.07152649
v 0.3792262 0.3801233 -0.06590054
v 0.3764862 0.3816708 -0.06584159
v 0.3773717 0.3862084 -0.06912529
v 0.3773717 0.3862084 -0.06912529
v 0.3799702 0.3827378 -0.07122649
v 0.3792262 0.3801233 -0.06590054
v 0.3764862 0.3816708 -0.06584159
v 0.3792262 0.3801233 -0.06590054
v 0.3770112 0.3854598 -0.06605908
v 0.3770112 0.3854598 -0.06605908
v 0.3782387 0.3906518 -0.06960989
v 0.3764862 0.3816708 -0.06584159
v 0.3757662 0.3713103 0.07895385
v 0.3779413 0.3724239 0.07797926
v 0.3779413 0.3724239 0.07797926
v 0.3757662 0.3713103 0.07895385
v 0.3756112 0.3726908 0.07879117
v 0.3720162 0.3131528 -0.03358239
v 0.3591453 0.3086528 -0.03229589
v 0.3716142 0.3188768 -0.03191939
v 0.3792802 0.3944018 -0.06456209
v 0.3803703 0.3917618 -0.06377589
v 0.3756822 0.3859697 -0.06024233
v 0.3754198 0.3804066 0.06964002
v 0.3775302 0.3801619 0.0725771
v 0.3737965 0.3788142 0.06969528
v 0.3743855 0.3705633 0.07223509
v 0.3778842 0.3734628 0.0755396
v 0.3758282 0.3745852 0.0747392
v 0.3758282 0.3745852 0.0747392
v 0.3698382 0.3682108 0.07150854
v 0.3743855 0.3705633 0.07223509
v 0.3428752 0.3535818 0.03725661
v 0.3467132 0.3485819 0.03207051
v 0.3420252 0.3545819 0.04088242
v 0.3791983 0.4009134 -0.05836874
v 0.3809228 0.3958293 -0.06289584
v 0.3819779 0.3991815 -0.05883365
v 0.3770957 0.3941563 -0.06371608
v 0.3791983 0.4009134 -0.05836874
v 0.3681352 0.3064128 0.03786791
v 0.3637253 0.3107539 0.04678971
v 0.3710912 0.3085398 0.03322261
v 0.3770957 0.3941563 -0.06371608
v 0.3756822 0.3859697 -0.06024233
v 0.3809228 0.3958293 -0.06289584
v 0.3783077 0.3867218 -0.05953879
v 0.3756822 0.3859697 -0.06024233
v 0.3772632 0.3983749 0.06417431
v 0.3792409 0.3976519 0.06612314
v 0.3784752 0.3954958 0.06944351
v 0.3772632 0.3983749 0.06417431
v 0.3692978 0.3857753 0.05758866
v 0.3792409 0.3976519 0.06612314
v 0.3782129 0.3909148 0.07121567
v 0.3744695 0.3898824 0.07395986
v 0.3744858 0.3917108 0.06999905
v 0.3754198 0.3804066 0.06964002
v 0.3756798 0.3873098 0.07524555
v 0.3784563 0.3884268 0.07324822
v 0.3782129 0.3909148 0.07121567
v 0.3784563 0.3884268 0.07324822
v 0.3756798 0.3873098 0.07524555
v 0.3703842 0.3694559 -0.06866059
v 0.3764223 0.3773511 -0.07085065
v 0.376305 0.3737119 -0.06945586
v 0.3810092 0.3862708 -0.05538909
v 0.3789136 0.3891292 -0.05107603
v 0.3754817 0.3875439 -0.05347764
v 0.3754817 0.3875439 -0.05347764
v 0.3789136 0.3891292 -0.05107603
v 0.3701872 0.3865035 -0.05040512
v 0.3719942 0.3786748 -0.07121069
v 0.3703842 0.3694559 -0.06866059
v 0.3772282 0.3829298 -0.07331519
v 0.3653712 0.3766648 0.06081141
v 0.3691242 0.3812699 0.06415345
v 0.3753618 0.3937063 0.07033321
v 0.3735135 0.3902841 0.06901688
v 0.3735135 0.3902841 0.06901688
v 0.3691242 0.3812699 0.06415345
v 0.3789652 0.4065518 0.0565813
v 0.3785213 0.4012099 0.0619486
v 0.3763123 0.4075398 0.055714
v 0.3789652 0.4065518 0.0565813
v 0.3763123 0.4075398 0.055714
v 0.3784752 0.3989829 0.04856701
v 0.3789652 0.4065518 0.0565813
v 0.3808982 0.4015988 0.05403341
v 0.3805772 0.3919793 -0.06808214
v 0.3782387 0.3906518 -0.06960989
v 0.3770112 0.3854598 -0.06605908
v 0.3805772 0.3919793 -0.06808214
v 0.3792802 0.3944018 -0.06456209
v 0.3782387 0.3906518 -0.06960989
v 0.3765679 0.3851809 -0.07221413
v 0.3772282 0.3829298 -0.07331519
v 0.3799702 0.3827378 -0.07122649
v 0.3799702 0.3827378 -0.07122649
v 0.3772282 0.3829298 -0.07331519
v 0.3495492 0.3520259 -0.05671999
v 0.3430842 0.3532998 -0.04997949
v 0.3426923 0.3451619 -0.05713819
v 0.3756822 0.3859697 -0.06024233
v 0.3770112 0.3854598 -0.06605908
v 0.3783077 0.3867218 -0.05953879
v 0.3746219 0.3645548 0.0749222
v 0.3779413 0.3724239 0.07797926
v 0.3778842 0.3734628 0.0755396
v 0.3784752 0.3954958 0.06944351
v 0.3777943 0.3919109 0.0687096
v 0.3753618 0.3937063 0.07033321
v 0.3712592 0.3830934 -0.05977929
v 0.3672862 0.3781718 -0.05716679
v 0.3740813 0.3914878 -0.06342389
v 0.3788563 0.4076379 -0.04806609
v 0.3813003 0.4020158 -0.05413149
v 0.3821212 0.4058478 -0.04709389
v 0.3749867 0.3829834 0.07400771
v 0.3737965 0.3788142 0.06969528
v 0.3775302 0.3801619 0.0725771
v 0.3221967 0.06248333 0.1304
v 0.3221967 0.06248333 -0.1304
v 0.3352367 0.06248333 0.1304
v 0.3352367 0.06248333 -0.1304
v -0.3352367 0.06248333 0.1304
v -0.3352367 0.06248333 -0.1304
v -0.3221967 0.06248333 0.1304
v -0.3221967 0.06248333 -0.1304
v 0.35045 0.2977467 -0.163
v -0.35045 0.2977467 -0.163
v 0.35045 0.2651467 -0.163
v -0.35045 0.2651467 -0.163
v -0.35045 0.2977467 -0.163
v -0.346626 0.3010067 -0.15974
v -0.35045 0.2977467 0.163
v -0.346626 0.3010067 0.15974
v -0.338225 0.3010067 0.1534917
v -0.338225 0.3010067 -0.1521334
v 0.3382793 0.3010067 -0.1521334
v 0.3465152 0.3010067 -0.15974
v 0.35045 0.2977467 -0.163
v -0.35045 0.2977467 -0.163
v 0.3465152 0.3010067 0.15974
v 0.35045 0.2977467 0.163
v 0.35045 0.2977467 -0.163
v 0.35045 0.2977467 0.163
v -0.35045 0.2977467 0.163
v 0.3382793 0.3010067 0.1534917
v -0.324696 0.3086134 0.1396774
v 0.3247482 0.3086134 0.1396774
v -0.324696 0.3086133 -0.1384414
v 0.3247482 0.3086133 -0.1384414
v 0.35045 0.2977467 0.163
v 0.35045 0.2651467 0.163
v -0.35045 0.2977467 0.163
v -0.35045 0.2651467 0.163
v -0.2032067 0.30318 -0.163
v -0.2032067 0.30318 -0.1491994
v -0.2195067 0.30318 -0.163
v -0.2195067 0.30318 -0.1491994
v -0.2195067 0.2982737 -0.1688354
v -0.2032067 0.2982737 -0.1688354
v -0.2195067 0.2869784 -0.1710816
v -0.2032067 0.2869784 -0.1710816
v -0.2195067 0.30318 -0.1491994
v -0.2032067 0.30318 -0.1491994
v -0.2195067 0.30155 -0.1521334
v -0.2032067 0.30155 -0.1521334
v -0.2195067 0.30155 -0.163
v -0.2195067 0.30155 -0.1521334
v -0.2032067 0.30155 -0.163
v -0.2032067 0.30155 -0.1521334
v -0.2032067 0.2978792 -0.1672538
v -0.2195067 0.2978792 -0.1672538
v -0.2032067 0.2872055 -0.1694673
v -0.2195067 0.2872055 -0.1694673
v -0.2032067 0.30155 -0.163
v -0.2032067 0.30155 -0.1521334
v -0.2032067 0.30318 -0.163
v -0.2032067 0.30318 -0.1491994
v -0.2032067 0.2978792 -0.1672538
v -0.2032067 0.2982737 -0.1688354
v -0.2032067 0.2869784 -0.1710816
v -0.2032067 0.2872055 -0.1694673
v -0.2195067 0.30155 -0.1521334
v -0.2195067 0.30155 -0.163
v -0.2195067 0.30318 -0.1491994
v -0.2195067 0.30318 -0.163
v -0.2195067 0.2978792 -0.1672538
v -0.2195067 0.2982737 -0.1688354
v -0.2195067 0.2872055 -0.1694673
v -0.2195067 0.2869784 -0.1710816
v 0.19723 0.3124167 -0.1505034
v 0.19723 0.3024193 -0.1505034
v 0.18093 0.3124167 -0.1505034
v 0.18093 0.3024193 -0.1505034
v 0.18093 0.3176642 -0.1478285
v 0.19723 0.3176642 -0.1478285
v 0.1807991 0.3202412 -0.1420676
v 0.1969404 0.3202412 -0.1397986
v 0.1732522 0.3195485 -0.08842536
v 0.189068 0.3195485 -0.08448185
v 0.1602899 0.3086916 -0.03352244
v 0.1749403 0.3086916 -0.02637701
v 0.1321153 0.3102531 0.05188783
v 0.1479475 0.3104031 0.05612849
v 0.1350276 0.3094382 0.06298155
v 0.18093 0.3024193 -0.1505034
v 0.19723 0.3024193 -0.1505034
v 0.18093 0.30155 -0.1521334
v 0.19723 0.30155 -0.1521334
v 0.1350276 0.3094382 0.06298155
v 0.1349765 0.3110622 0.06311414
v 0.1479475 0.3104031 0.05612849
v 0.1478964 0.3120266 0.05626107
v 0.1749403 0.3086916 -0.02637701
v 0.1749191 0.3103237 -0.0263337
v 0.1891316 0.3211595 -0.0847383
v 0.189068 0.3195485 -0.08448185
v 0.1969915 0.3218294 -0.1401621
v 0.1969404 0.3202412 -0.1397986
v 0.19723 0.3176642 -0.1478285
v 0.19723 0.3188133 -0.1492934
v 0.19723 0.3124167 -0.1505034
v 0.19723 0.3124167 -0.1521334
v 0.19723 0.30155 -0.1521334
v 0.19723 0.3024193 -0.1505034
v 0.1350276 0.3094382 0.06298155
v 0.1321153 0.3102531 0.05188783
v 0.1349765 0.3110622 0.06311414
v 0.1320648 0.3118766 0.05202045
v 0.1602899 0.3086916 -0.03352244
v 0.1602687 0.3103237 -0.03347914
v 0.1732522 0.3195485 -0.08842536
v 0.1733157 0.3211595 -0.08868183
v 0.1808501 0.3218294 -0.1424305
v 0.1807991 0.3202412 -0.1420676
v 0.18093 0.3176642 -0.1478285
v 0.18093 0.3188133 -0.1492934
v 0.18093 0.3124167 -0.1505034
v 0.18093 0.3124167 -0.1521334
v 0.18093 0.3024193 -0.1505034
v 0.18093 0.30155 -0.1521334
v 0.18093 0.3124167 -0.1521334
v 0.18093 0.30155 -0.1521334
v 0.19723 0.3124167 -0.1521334
v 0.19723 0.30155 -0.1521334
v 0.19723 0.3188133 -0.1492934
v 0.18093 0.3188133 -0.1492934
v 0.1808501 0.3218294 -0.1424305
v 0.1969915 0.3218294 -0.1401621
v 0.1891316 0.3211595 -0.0847383
v 0.1733157 0.3211595 -0.08868183
v 0.1602687 0.3103237 -0.03347914
v 0.1749191 0.3103237 -0.0263337
v 0.1320648 0.3118766 0.05202045
v 0.1478964 0.3120266 0.05626107
v 0.1349765 0.3110622 0.06311414
v 0.09240253 0.3113952 -0.03789535
v 0.09240253 0.3096837 -0.03789535
v 0.1052475 0.3113952 -0.04793061
v 0.1052475 0.3096837 -0.04793067
v 0.18093 0.3011833 0.1555357
v 0.19723 0.3011833 0.1555357
v 0.18093 0.3012333 0.153509
v 0.19723 0.3012333 0.153509
v 0.18093 0.3069964 0.1529255
v 0.18093 0.3012333 0.153509
v 0.19723 0.3069964 0.1529255
v 0.19723 0.3012333 0.153509
v 0.19723 0.3139576 0.1518937
v 0.18093 0.3139576 0.1518937
v 0.180616 0.3196599 0.1462512
v 0.1965595 0.3196599 0.1428619
v 0.1781237 0.3186732 0.1351172
v 0.1935359 0.3186732 0.1298105
v 0.1850218 0.3096837 0.105085
v 0.1696102 0.3096837 0.1103917
v 0.1576656 0.318377 0.07498541
v 0.1724382 0.318377 0.0680965
v 0.1460078 0.3205504 0.01144964
v 0.132036 0.3205504 0.01984474
v 0.1136371 0.3123656 -0.01071662
v 0.1264815 0.3123656 -0.02075193
v 0.1052475 0.3096837 -0.04793067
v 0.09240253 0.3096837 -0.03789535
v 0.19723 0.3069964 0.1529255
v 0.19723 0.3012333 0.153509
v 0.19723 0.3074104 0.1545859
v 0.19723 0.3011833 0.1555357
v 0.19723 0.3149264 0.153402
v 0.19723 0.3139576 0.1518937
v 0.19676 0.3210986 0.1438062
v 0.1965595 0.3196599 0.1428619
v 0.1935359 0.3186732 0.1298105
v 0.1934305 0.3203543 0.1295051
v 0.1849697 0.3113952 0.1049334
v 0.1850218 0.3096837 0.105085
v 0.1724382 0.318377 0.0680965
v 0.1724382 0.3200886 0.0680965
v 0.1460078 0.3222619 0.01144964
v 0.1460078 0.3205504 0.01144964
v 0.1264815 0.3123656 -0.02075193
v 0.1261099 0.3139353 -0.02122762
v 0.1052475 0.3113952 -0.04793061
v 0.1052475 0.3096837 -0.04793067
v 0.18093 0.3069964 0.1529255
v 0.18093 0.3074104 0.1545859
v 0.18093 0.3012333 0.153509
v 0.18093 0.3011833 0.1555357
v 0.18093 0.3149264 0.153402
v 0.18093 0.3139576 0.1518937
v 0.180616 0.3196599 0.1462512
v 0.1808165 0.3210986 0.147195
v 0.1781237 0.3186732 0.1351172
v 0.1780188 0.3203543 0.1348119
v 0.169558 0.3113952 0.1102402
v 0.1696102 0.3096837 0.1103917
v 0.1576656 0.318377 0.07498541
v 0.1576656 0.3200886 0.07498541
v 0.132036 0.3205504 0.01984474
v 0.132036 0.3222619 0.01984474
v 0.1136371 0.3123656 -0.01071662
v 0.1132654 0.3139353 -0.01119231
v 0.09240253 0.3113952 -0.03789535
v 0.09240253 0.3096837 -0.03789535
v 0.19723 0.3074104 0.1545859
v 0.19723 0.3011833 0.1555357
v 0.18093 0.3074104 0.1545859
v 0.18093 0.3011833 0.1555357
v 0.18093 0.3149264 0.153402
v 0.19723 0.3149264 0.153402
v 0.1808165 0.3210986 0.147195
v 0.19676 0.3210986 0.1438062
v 0.1780188 0.3203543 0.1348119
v 0.1934305 0.3203543 0.1295051
v 0.169558 0.3113952 0.1102402
v 0.1849697 0.3113952 0.1049334
v 0.1576656 0.3200886 0.07498541
v 0.1724382 0.3200886 0.0680965
v 0.132036 0.3222619 0.01984474
v 0.1460078 0.3222619 0.01144964
v 0.1132654 0.3139353 -0.01119231
v 0.1261099 0.3139353 -0.02122762
v 0.09240253 0.3113952 -0.03789535
v 0.1052475 0.3113952 -0.04793061
v -0.2195067 0.1026905 0.1736146
v -0.2195067 0.1026905 0.1753261
v -0.2032067 0.1026905 0.1736146
v -0.2032067 0.1026905 0.1753261
v -0.2195067 0.30133 0.1538535
v -0.2032067 0.30133 0.1538535
v -0.2195067 0.3024167 0.152142
v -0.2032067 0.3024167 0.152142
v -0.2195067 0.3071143 0.154819
v -0.2195067 0.3024167 0.152142
v -0.2032067 0.3071143 0.154819
v -0.2032067 0.3024167 0.152142
v -0.2032067 0.3116049 0.1619133
v -0.2195067 0.3116049 0.1619133
v -0.2032067 0.3098755 0.1689826
v -0.2195067 0.3098755 0.1689826
v -0.2032067 0.3010491 0.175326
v -0.2195067 0.3010491 0.175326
v -0.2032067 0.3071143 0.154819
v -0.2032067 0.3024167 0.152142
v -0.2032067 0.3061825 0.1562545
v -0.2032067 0.30133 0.1538535
v -0.2032067 0.3098337 0.162185
v -0.2032067 0.3116049 0.1619133
v -0.2032067 0.3082091 0.1685094
v -0.2032067 0.3098755 0.1689826
v -0.2032067 0.3010491 0.175326
v -0.2032067 0.3010225 0.1736145
v -0.2195067 0.3071143 0.154819
v -0.2195067 0.3061825 0.1562545
v -0.2195067 0.3024167 0.152142
v -0.2195067 0.30133 0.1538535
v -0.2195067 0.3098337 0.162185
v -0.2195067 0.3116049 0.1619133
v -0.2195067 0.3082091 0.1685094
v -0.2195067 0.3098755 0.1689826
v -0.2195067 0.3010491 0.175326
v -0.2195067 0.3010225 0.1736145
v -0.2032067 0.3061825 0.1562545
v -0.2032067 0.30133 0.1538535
v -0.2195067 0.3061825 0.1562545
v -0.2195067 0.30133 0.1538535
v -0.2195067 0.3098337 0.162185
v -0.2032067 0.3098337 0.162185
v -0.2032067 0.3082091 0.1685094
v -0.2195067 0.3082091 0.1685094
v -0.2195067 0.3010225 0.1736145
v -0.2032067 0.3010225 0.1736145
v 0.3178501 0.06248333 -0.1477867
v -0.31785 0.06248333 -0.1477867
v 0.3178501 0.04075001 -0.1477867
v -0.31785 0.04075001 -0.1477867
v 0.3178501 0.04075001 -0.1347467
v -0.31785 0.04075001 -0.1347467
v 0.3178501 0.06248333 -0.1347467
v -0.31785 0.06248333 -0.1347467
v 0.3178501 0.04075001 0.1477867
v -0.31785 0.04075001 0.1477867
v 0.3178501 0.06248333 0.1477867
v -0.31785 0.06248333 0.1477867
v 0.3178501 0.06248333 0.1347467
v -0.31785 0.06248333 0.1347467
v 0.3178501 0.04075001 0.1347467
v -0.31785 0.04075001 0.1347467
v 0.3178501 0.04075001 -0.1477867
v -0.31785 0.04075001 -0.1477867
v 0.3178501 0.04075001 -0.1347467
v -0.31785 0.04075001 -0.1347467
v 0.3178501 0.06248333 -0.1347467
v -0.31785 0.06248333 -0.1347467
v 0.3178501 0.06248333 -0.1477867
v -0.31785 0.06248333 -0.1477867
v 0.3178501 0.04075001 0.1347467
v -0.31785 0.04075001 0.1347467
v 0.3178501 0.04075001 0.1477867
v -0.31785 0.04075001 0.1477867
v 0.3178501 0.06248333 0.1477867
v -0.31785 0.06248333 0.1477867
v 0.3178501 0.06248333 0.1347467
v -0.31785 0.06248333 0.1347467
v 0.35045 0.2977467 -0.163
v 0.35045 0.2651467 -0.163
v 0.35045 0.2977467 0.163
v 0.35045 0.2651467 0.163
v -0.35045 0.2977467 -0.163
v -0.35045 0.2977467 0.163
v -0.35045 0.2651467 -0.163
v -0.35045 0.2651467 0.163
v 0.3352367 0.06248333 0.1304
v 0.3352367 0.06248333 -0.1304
v 0.3352367 0.04075001 0.1304
v 0.3352367 0.04075001 -0.1304
v 0.3221967 0.04075001 0.1304
v 0.3221967 0.04075001 -0.1304
v 0.3221967 0.06248333 0.1304
v 0.3221967 0.06248333 -0.1304
v -0.3352367 0.04075001 0.1304
v -0.3352367 0.04075001 -0.1304
v -0.3352367 0.06248333 0.1304
v -0.3352367 0.06248333 -0.1304
v -0.3221967 0.06248333 0.1304
v -0.3221967 0.06248333 -0.1304
v -0.3221967 0.04075001 0.1304
v -0.3221967 0.04075001 -0.1304
v 0.3395833 0.2651467 0.1304
v 0.3395833 0.2651467 0.1521333
v 0.35045 0.2651467 0.163
v 0.3178501 0.2651467 0.1521333
v 0.35045 0.2651467 -0.163
v 0.3178501 0.2651467 0.1304
v 0.3395833 0.2651467 -0.1304
v 0.3395833 0.2651467 -0.1521334
v 0.3178501 0.2651467 -0.1521334
v 0.3178501 0.2651467 -0.1304
v -0.35045 0.2651467 -0.163
v -0.31785 0.2651467 0.1304
v -0.3395833 0.2651467 0.1304
v -0.35045 0.2651467 0.163
v -0.3395833 0.2651467 0.1521333
v -0.31785 0.2651467 0.1521333
v -0.3394024 0.2651467 -0.1304
v -0.3395833 0.2651467 -0.1521334
v -0.31785 0.2651467 -0.1521334
v -0.31785 0.2651467 -0.1304
v -0.3395833 0.07606667 -0.1521333
v -0.3395833 0 -0.1521333
v -0.31785 0.07606667 -0.1521333
v -0.31785 0 -0.1521333
v -0.3395833 0.2651467 -0.1521334
v -0.31785 0.2651467 -0.1521334
v -0.31785 0.07606667 0.1521333
v -0.31785 0 0.1521333
v -0.3395833 0.07606667 0.1521333
v -0.3395833 0 0.1521333
v -0.3395833 0.2651467 0.1521333
v -0.31785 0.2651467 0.1521333
v 0.3178501 0.07606667 -0.1521333
v 0.3178501 0 -0.1521333
v 0.3395833 0.07606667 -0.1521333
v 0.3395833 0 -0.1521333
v 0.3395833 0.2651467 -0.1521334
v 0.3178501 0.2651467 -0.1521334
v 0.3395833 0.07606667 0.1521333
v 0.3395833 0 0.1521333
v 0.3178501 0.07606667 0.1521333
v 0.3178501 0 0.1521333
v 0.3395833 0.2651467 0.1521333
v 0.3178501 0.2651467 0.1521333
v -0.3395833 0.07606667 -0.1304
v -0.31785 0.07606667 -0.1304
v -0.3221967 0.06248333 -0.1304
v -0.3352367 0.06248333 -0.1304
v -0.3352367 0.04075001 -0.1304
v -0.3221967 0.04075001 -0.1304
v -0.3395833 0 -0.1304
v -0.31785 0 -0.1304
v -0.3394024 0.2651467 -0.1304
v -0.31785 0.2651467 -0.1304
v 0.3178501 0.07606667 -0.1304
v 0.3395833 0.07606667 -0.1304
v 0.3352367 0.06248333 -0.1304
v 0.3221967 0.06248333 -0.1304
v 0.3221967 0.04075001 -0.1304
v 0.3352367 0.04075001 -0.1304
v 0.3178501 0 -0.1304
v 0.3395833 0 -0.1304
v 0.3395833 0.2651467 -0.1304
v 0.3178501 0.2651467 -0.1304
v 0.3395833 0.07606667 0.1304
v 0.3178501 0.07606667 0.1304
v 0.3352367 0.06248333 0.1304
v 0.3221967 0.06248333 0.1304
v 0.3221967 0.04075001 0.1304
v 0.3352367 0.04075001 0.1304
v 0.3178501 0 0.1304
v 0.3395833 0 0.1304
v 0.3395833 0.2651467 0.1304
v 0.3178501 0.2651467 0.1304
v -0.31785 0.07606667 0.1304
v -0.3395833 0.07606667 0.1304
v -0.3221967 0.06248333 0.1304
v -0.3352367 0.06248333 0.1304
v -0.3352367 0.04075001 0.1304
v -0.3221967 0.04075001 0.1304
v -0.3395833 0 0.1304
v -0.31785 0 0.1304
v -0.3395833 0.2651467 0.1304
v -0.31785 0.2651467 0.1304
v -0.3395833 0.07606667 -0.1304
v -0.3395833 0 -0.1304
v -0.3395833 0.07606667 -0.1521333
v -0.3395833 0 -0.1521333
v -0.3394024 0.2651467 -0.1304
v -0.3395833 0.2651467 -0.1521334
v -0.3395833 0.07606667 0.1521333
v -0.3395833 0 0.1521333
v -0.3395833 0.07606667 0.1304
v -0.3395833 0 0.1304
v -0.3395833 0.2651467 0.1304
v -0.3395833 0.2651467 0.1521333
v 0.3395833 0.07606667 0.1304
v 0.3395833 0 0.1304
v 0.3395833 0.07606667 0.1521333
v 0.3395833 0 0.1521333
v 0.3395833 0.2651467 0.1304
v 0.3395833 0.2651467 0.1521333
v -0.31785 0.07606667 -0.1304
v -0.31785 0.07606667 -0.1521333
v -0.31785 0.06248333 -0.1347467
v -0.31785 0.06248333 -0.1477867
v -0.31785 0.04075001 -0.1477867
v -0.31785 0.04075001 -0.1347467
v -0.31785 0 -0.1521333
v -0.31785 0 -0.1304
v -0.31785 0.2651467 -0.1304
v -0.31785 0.2651467 -0.1521334
v 0.3395833 0.07606667 -0.1304
v 0.3395833 0 -0.1521333
v 0.3395833 0 -0.1304
v 0.3395833 0.07606667 -0.1521333
v 0.3395833 0.2651467 -0.1304
v 0.3395833 0.2651467 -0.1521334
v 0.3178501 0.07606667 -0.1521333
v 0.3178501 0.07606667 -0.1304
v 0.3178501 0.06248333 -0.1347467
v 0.3178501 0.06248333 -0.1477867
v 0.3178501 0.04075001 -0.1477867
v 0.3178501 0.04075001 -0.1347467
v 0.3178501 0 -0.1521333
v 0.3178501 0 -0.1304
v 0.3178501 0.2651467 -0.1304
v 0.3178501 0.2651467 -0.1521334
v 0.3178501 0.07606667 0.1304
v 0.3178501 0.07606667 0.1521333
v 0.3178501 0.06248333 0.1347467
v 0.3178501 0.06248333 0.1477867
v 0.3178501 0.04075001 0.1477867
v 0.3178501 0.04075001 0.1347467
v 0.3178501 0 0.1521333
v 0.3178501 0 0.1304
v 0.3178501 0.2651467 0.1304
v 0.3178501 0.2651467 0.1521333
v -0.31785 0.07606667 0.1521333
v -0.31785 0.07606667 0.1304
v -0.31785 0.06248333 0.1347467
v -0.31785 0.06248333 0.1477867
v -0.31785 0.04075001 0.1477867
v -0.31785 0.04075001 0.1347467
v -0.31785 0 0.1521333
v -0.31785 0 0.1304
v -0.31785 0.2651467 0.1304
v -0.31785 0.2651467 0.1521333
v 0.3352367 0.04075001 0.1304
v 0.3352367 0.04075001 -0.1304
v 0.3221967 0.04075001 0.1304
v 0.3221967 0.04075001 -0.1304
v -0.3221967 0.04075001 0.1304
v -0.3221967 0.04075001 -0.1304
v -0.3352367 0.04075001 0.1304
v -0.3352367 0.04075001 -0.1304
v -0.31785 0 -0.1521333
v -0.3395833 0 -0.1521333
v -0.31785 0 -0.1304
v -0.3395833 0 -0.1304
v -0.31785 0 0.1521333
v -0.31785 0 0.1304
v -0.3395833 0 0.1521333
v -0.3395833 0 0.1304
v 0.3178501 0 -0.1521333
v 0.3178501 0 -0.1304
v 0.3395833 0 -0.1521333
v 0.3395833 0 -0.1304
v 0.3178501 0 0.1521333
v 0.3395833 0 0.1521333
v 0.3178501 0 0.1304
v 0.3395833 0 0.1304
v 0.2823533 0.3312772 0.08633781
v 0.2823533 0.3083363 0.08633781
v 0.2823533 0.3219614 0.1095941
v 0.2823533 0.3086249 0.1438492
v 0.2823533 0.3165829 0.1328503
v 0.2823533 0.3498454 0.06635061
v 0.2823533 0.3602592 0.0463634
v 0.2823533 0.3083363 0.0463634
v 0.2823533 0.3543452 0.0263762
v 0.2823533 0.3505683 0.006388994
v 0.2823533 0.3083363 0.006388994
v 0.2823533 0.3498656 -0.01359821
v 0.2823533 0.3531372 -0.03358541
v 0.2823533 0.3083363 -0.03358541
v 0.2823533 0.3584311 -0.05147186
v 0.2767184 0.3573918 -0.06555571
v 0.2823533 0.3433243 -0.07963955
v 0.2823533 0.3083363 -0.07355982
v 0.2823533 0.3318602 -0.09516308
v 0.2823533 0.3235313 -0.1110479
v 0.2823533 0.3083363 -0.1135342
v 0.2823533 0.3133792 -0.1460542
v 0.2823533 0.3083363 -0.1535086
vt 0.06207639 -0.01256096
vt 0.06933642 0.00445056
vt 0.06933642 -0.01256096
vt 0.06933642 -0.04658383
vt 0.07659645 -0.01256096
vt 0.07659645 0.00445056
vt 0.07659645 -0.04658383
vt 0.07659645 -0.04658383
vt 0.08385649 -0.01256096
vt 0.08385649 0.00445056
vt 0.08385649 -0.04658383
vt 0.08385649 -0.04658383
vt 0.08385649 -0.08060652
vt 0.09111654 -0.01256096
vt 0.09111654 0.00445056
vt 0.09111654 -0.04658383
vt 0.09111654 -0.08060652
vt 0.09837657 -0.01256096
vt 0.09837657 0.00445056
vt 0.09837657 -0.04658383
vt 0.09837657 -0.08060652
vt 0.09837657 -0.08060652
vt 0.1056366 -0.01256096
vt 0.1056366 0.00445056
vt 0.1056366 -0.04658383
vt 0.1056366 -0.08060652
vt 0.1056366 -0.1146293
vt 0.1128966 -0.01256096
vt 0.1128966 0.00445056
vt 0.1128966 -0.04658383
vt 0.1128966 -0.08060652
vt 0.1128966 -0.1146293
vt 0.1201567 -0.01256096
vt 0.1201567 0.00445056
vt 0.1201567 -0.04658383
vt 0.1201567 -0.08060652
vt 0.1201567 -0.1146293
vt 0.1274167 -0.01256096
vt 0.1274167 0.00445056
vt 0.1274167 -0.04658383
vt 0.1274167 -0.08060652
vt 0.1274167 -0.1146293
vt 0.1346768 -0.01256096
vt 0.1346768 0.00445056
vt 0.1346768 -0.04658383
vt 0.1346768 -0.08060652
vt 0.1346768 -0.1146293
vt 0.1419368 -0.01256096
vt 0.1419368 0.00445056
vt 0.1419368 -0.04658383
vt 0.1419368 -0.08060652
vt 0.1419368 -0.1146293
vt 0.1491968 -0.01256096
vt 0.1491968 0.00445056
vt 0.1491968 -0.04658383
vt 0.1491968 -0.08060652
vt 0.1491968 -0.1146293
vt 0.1419368 -0.1146293
vt 0.1564569 -0.01256096
vt 0.1564569 0.00445056
vt 0.1564569 -0.04658383
vt 0.1564569 -0.08060652
vt 0.1564569 -0.1146293
vt 0.1564569 -0.1486522
vt 0.1491968 -0.1486522
vt 0.1419368 -0.1146293
vt 0.1564569 -0.1826749
vt 0.1491968 -0.1826749
vt 0.1419368 -0.1486522
vt 0.1419368 -0.1146293
vt 0.1419368 -0.1826749
vt 0.1346768 -0.1486521
vt 0.1346768 -0.1146293
vt 0.1274167 -0.1146293
vt 0.1274167 -0.1486521
vt 0.1201567 -0.1146293
vt 0.1201567 -0.1486521
vt 0.1128966 -0.1146293
vt 0.1128966 -0.1486521
vt 0.1056366 -0.1146293
vt 0.1056366 -0.1486521
vt 0.09837656 -0.1146293
vt 0.09837656 -0.1486521
vt 0.09111654 -0.1146293
vt 0.09111654 -0.08060652
vt 0.09111654 -0.1486521
vt 0.08385649 -0.1146293
vt 0.08385649 -0.08060652
vt 0.08385649 -0.1486521
vt 0.07659645 -0.1146293
vt 0.07659645 -0.08060652
vt 0.06933642 -0.08060652
vt 0.06933642 -0.04658383
vt 0.06933641 -0.1146293
vt 0.06207639 -0.08060652
vt 0.06207639 -0.04658383
vt 0.07659645 -0.1486521
vt 0.08385649 -0.08060652
vt 0.07659645 -0.04658383
vt 0.08385649 -0.1826749
vt 0.07659645 -0.1826749
vt 0.06933641 -0.1486521
vt 0.06933641 -0.1146293
vt 0.06933641 -0.1826749
vt 0.06207639 -0.1486521
vt 0.06207639 -0.1146293
vt 0.06207639 -0.1826749
vt 0.06933641 -0.2166978
vt 0.06207638 -0.2166978
vt 0.06933641 -0.2507206
vt 0.06207638 -0.2507206
vt 0.06933641 -0.2847433
vt 0.07659645 -0.2166978
vt 0.07659645 -0.2507206
vt 0.07659645 -0.2847433
vt 0.07659645 -0.3187662
vt 0.08385649 -0.2166978
vt 0.08385649 -0.2507206
vt 0.08385649 -0.2847433
vt 0.08385649 -0.3187662
vt 0.08385649 -0.3527889
vt 0.07659645 -0.3527889
vt 0.06933641 -0.3187662
vt 0.06933641 -0.2847433
vt 0.08385649 -0.3868117
vt 0.07659645 -0.3868117
vt 0.06933641 -0.3527889
vt 0.06207638 -0.3187662
vt 0.06207638 -0.2847433
vt 0.06207638 -0.3527889
vt 0.06933641 -0.3868117
vt 0.06207638 -0.3868117
vt 0.06933641 -0.4208344
vt 0.06207637 -0.4208344
vt 0.06933641 -0.4548573
vt 0.06207637 -0.4548573
vt 0.06933641 -0.4888802
vt 0.06207637 -0.4888802
vt 0.06933641 -0.5229028
vt 0.06207637 -0.5229028
vt 0.06933641 -0.5569257
vt 0.06207637 -0.5569257
vt 0.06933641 -0.5909485
vt 0.06207637 -0.5909485
vt 0.06933641 -0.6249712
vt 0.06207637 -0.6249712
vt 0.06933641 -0.658994
vt 0.06207637 -0.658994
vt 0.06933641 -0.6930169
vt 0.06207637 -0.6930169
vt 0.06933641 -0.7270397
vt 0.06207637 -0.7270397
vt 0.06933641 -0.7610624
vt 0.06207637 -0.7610624
vt 0.06933641 -0.7950852
vt 0.06207637 -0.7950852
vt 0.06933641 -0.829108
vt 0.06207637 -0.829108
vt 0.06933641 -0.8631308
vt 0.06207637 -0.8631308
vt 0.0693364 -0.8971536
vt 0.06207637 -0.8971536
vt 0.0693364 -0.9311764
vt 0.06207637 -0.9311764
vt 0.0693364 -0.9651992
vt 0.06207637 -0.9651992
vt 0.0693364 -0.999222
vt 0.06207637 -0.999222
vt 0.0693364 -1.016233
vt 0.07659644 -0.829108
vt 0.07659644 -0.7950852
vt 0.07659644 -0.7610624
vt 0.07659644 -0.7270397
vt 0.07659644 -0.6930169
vt 0.07659644 -0.658994
vt 0.07659644 -0.6249712
vt 0.07659644 -0.5909485
vt 0.07659644 -0.5569257
vt 0.07659644 -0.5229028
vt 0.07659644 -0.4888802
vt 0.07659645 -0.4548573
vt 0.07659645 -0.4208344
vt 0.08385649 -0.4208344
vt 0.08385649 -0.4548573
vt 0.08385649 -0.4888802
vt 0.08385649 -0.5229028
vt 0.08385649 -0.5569257
vt 0.09111653 -0.4208344
vt 0.09111653 -0.3868117
vt 0.09111653 -0.3527889
vt 0.09111653 -0.3187662
vt 0.09111653 -0.2847433
vt 0.09111654 -0.2507206
vt 0.09111654 -0.2166978
vt 0.09111654 -0.1826749
vt 0.09837656 -0.1826749
vt 0.09837656 -0.2166978
vt 0.09837656 -0.2507206
vt 0.09837656 -0.2847433
vt 0.09837656 -0.3187662
vt 0.09837656 -0.3527889
vt 0.09837656 -0.3868117
vt 0.09837656 -0.4208344
vt 0.09837656 -0.4548573
vt 0.09111653 -0.4548573
vt 0.09111653 -0.4888802
vt 0.09111653 -0.5229028
vt 0.09111653 -0.5569257
vt 0.09111653 -0.5909485
vt 0.08385649 -0.5909485
vt 0.08385649 -0.6249712
vt 0.08385648 -0.658994
vt 0.08385648 -0.6930169
vt 0.08385648 -0.7270397
vt 0.08385648 -0.7610624
vt 0.08385648 -0.7950852
vt 0.08385648 -0.829108
vt 0.08385648 -0.8631308
vt 0.07659644 -0.8631308
vt 0.07659644 -0.8971536
vt 0.07659644 -0.9311764
vt 0.07659644 -0.9651992
vt 0.07659643 -0.999222
vt 0.07659643 -1.016233
vt 0.08385648 -0.8971536
vt 0.08385647 -0.9311764
vt 0.08385647 -0.9651992
vt 0.08385647 -0.999222
vt 0.08385647 -1.016233
vt 0.09111653 -0.9311764
vt 0.09111653 -0.8971536
vt 0.09111653 -0.8631308
vt 0.09111653 -0.829108
vt 0.09111653 -0.7950852
vt 0.09111653 -0.7610624
vt 0.09111653 -0.7270397
vt 0.09111653 -0.6930169
vt 0.09111653 -0.658994
vt 0.09111653 -0.6249712
vt 0.09837656 -0.6249712
vt 0.09837656 -0.5909485
vt 0.09837656 -0.5569257
vt 0.09837656 -0.5229028
vt 0.09837656 -0.4888802
vt 0.09837656 -0.658994
vt 0.09837656 -0.6930169
vt 0.09837656 -0.7270397
vt 0.09837656 -0.7610624
vt 0.09837655 -0.7950852
vt 0.09837655 -0.829108
vt 0.09837655 -0.8631308
vt 0.09837655 -0.8971536
vt 0.09837655 -0.9311764
vt 0.09837655 -0.9651992
vt 0.09111652 -0.9651992
vt 0.09111652 -0.999222
vt 0.09111652 -1.016233
vt 0.09837655 -0.999222
vt 0.09837655 -1.016233
vt 0.1056366 -0.8971536
vt 0.1056366 -0.9311764
vt 0.1056366 -0.9651992
vt 0.1056366 -0.999222
vt 0.1056366 -1.016233
vt 0.1128966 -0.9311764
vt 0.1128966 -0.8971536
vt 0.1056366 -0.8631308
vt 0.1056366 -0.829108
vt 0.1056366 -0.7950852
vt 0.1056366 -0.7610624
vt 0.1056366 -0.7270397
vt 0.1056366 -0.6930169
vt 0.1056366 -0.658994
vt 0.1056366 -0.6249712
vt 0.1056366 -0.5909485
vt 0.1056366 -0.5569257
vt 0.1056366 -0.5229028
vt 0.1056366 -0.4888802
vt 0.1056366 -0.4548573
vt 0.1056366 -0.4208344
vt 0.1056366 -0.3868117
vt 0.1056366 -0.3527889
vt 0.1056366 -0.3187662
vt 0.1056366 -0.2847433
vt 0.1056366 -0.2507206
vt 0.1056366 -0.2166978
vt 0.1056366 -0.1826749
vt 0.1128966 -0.1826749
vt 0.1128966 -0.2166978
vt 0.1128966 -0.2507206
vt 0.1128966 -0.2847433
vt 0.1128966 -0.3187662
vt 0.1201567 -0.1826749
vt 0.1201567 -0.2166978
vt 0.1201567 -0.2507206
vt 0.1201567 -0.2847433
vt 0.1201567 -0.3187662
vt 0.1201567 -0.3527889
vt 0.1128966 -0.3527889
vt 0.1128966 -0.3868117
vt 0.1128966 -0.4208344
vt 0.1128966 -0.4548573
vt 0.1128966 -0.4888802
vt 0.1128966 -0.5229028
vt 0.1128966 -0.5569257
vt 0.1128966 -0.5909485
vt 0.1128966 -0.6249712
vt 0.1128966 -0.658994
vt 0.1128966 -0.6930169
vt 0.1128966 -0.7270397
vt 0.1128966 -0.7610624
vt 0.1128966 -0.7950852
vt 0.1128966 -0.829108
vt 0.1128966 -0.8631308
vt 0.1201567 -0.6930169
vt 0.1201567 -0.658994
vt 0.1201567 -0.6249712
vt 0.1201567 -0.5909485
vt 0.1201567 -0.5569257
vt 0.1201567 -0.5229028
vt 0.1201567 -0.4888802
vt 0.1201567 -0.4548573
vt 0.1201567 -0.4208344
vt 0.1201567 -0.3868117
vt 0.1274167 -0.3868117
vt 0.1274167 -0.3527889
vt 0.1274167 -0.3187662
vt 0.1274167 -0.2847433
vt 0.1274167 -0.2507206
vt 0.1274167 -0.2166978
vt 0.1274167 -0.1826749
vt 0.1346768 -0.1826749
vt 0.1346768 -0.2166978
vt 0.1346768 -0.2507206
vt 0.1346768 -0.2847433
vt 0.1346768 -0.3187662
vt 0.1419368 -0.2166978
vt 0.1419368 -0.2507206
vt 0.1419368 -0.2847433
vt 0.1419368 -0.3187662
vt 0.1419368 -0.3527889
vt 0.1346768 -0.3527889
vt 0.1346768 -0.3868117
vt 0.1346768 -0.4208344
vt 0.1274167 -0.4208344
vt 0.1274167 -0.4548573
vt 0.1274167 -0.4888802
vt 0.1274167 -0.5229028
vt 0.1274167 -0.5569257
vt 0.1274167 -0.5909485
vt 0.1274167 -0.6249712
vt 0.1274167 -0.658994
vt 0.1274167 -0.6930169
vt 0.1274167 -0.7270397
vt 0.1201567 -0.7270397
vt 0.1201567 -0.7610624
vt 0.1201567 -0.7950852
vt 0.1201567 -0.829108
vt 0.1201567 -0.8631308
vt 0.1201567 -0.8971536
vt 0.1201567 -0.9311764
vt 0.1201567 -0.9651992
vt 0.1128966 -0.9651992
vt 0.1128966 -0.999222
vt 0.1128966 -1.016233
vt 0.1201567 -0.999222
vt 0.1201567 -1.016233
vt 0.1274167 -0.8971536
vt 0.1274167 -0.9311764
vt 0.1274167 -0.9651992
vt 0.1274167 -0.999222
vt 0.1274167 -1.016233
vt 0.1346767 -0.9311764
vt 0.1346767 -0.8971536
vt 0.1274167 -0.8631308
vt 0.1274167 -0.829108
vt 0.1274167 -0.7950852
vt 0.1274167 -0.7610624
vt 0.1346767 -0.7610624
vt 0.1346767 -0.7270397
vt 0.1346767 -0.6930169
vt 0.1346767 -0.658994
vt 0.1346767 -0.6249712
vt 0.1346767 -0.5909485
vt 0.1346767 -0.5569257
vt 0.1346767 -0.5229028
vt 0.1346768 -0.4888802
vt 0.1346768 -0.4548573
vt 0.1419368 -0.4548573
vt 0.1419368 -0.4208344
vt 0.1419368 -0.3868117
vt 0.1419368 -0.4888802
vt 0.1419368 -0.5229028
vt 0.1419368 -0.5569257
vt 0.1419368 -0.5909485
vt 0.1419368 -0.6249712
vt 0.1419368 -0.658994
vt 0.1419368 -0.6930169
vt 0.1419368 -0.7270397
vt 0.1419368 -0.7610624
vt 0.1419368 -0.7950852
vt 0.1346767 -0.7950852
vt 0.1346767 -0.829108
vt 0.1346767 -0.8631308
vt 0.1419368 -0.829108
vt 0.1419368 -0.8631308
vt 0.1419367 -0.8971536
vt 0.1419367 -0.9311764
vt 0.1419367 -0.9651992
vt 0.1346767 -0.9651992
vt 0.1346767 -0.999222
vt 0.1346767 -1.016233
vt 0.1419367 -0.999222
vt 0.1419367 -1.016233
vt 0.1491968 -0.8631308
vt 0.1491968 -0.829108
vt 0.1491968 -0.7950852
vt 0.1491968 -0.7610624
vt 0.1491968 -0.7270397
vt 0.1491968 -0.6930169
vt 0.1491968 -0.658994
vt 0.1491968 -0.6249712
vt 0.1491968 -0.5909485
vt 0.1491968 -0.5569257
vt 0.1491968 -0.5229028
vt 0.1491968 -0.4888802
vt 0.1491968 -0.4548573
vt 0.1491968 -0.4208344
vt 0.1491968 -0.3868117
vt 0.1491968 -0.3527889
vt 0.1491968 -0.3187662
vt 0.1491968 -0.2847433
vt 0.1491968 -0.2507206
vt 0.1491968 -0.2166978
vt 0.1564569 -0.2166978
vt 0.1564569 -0.2507206
vt 0.1564569 -0.2847433
vt 0.1564569 -0.3187662
vt 0.1564569 -0.3527889
vt 0.1637169 -0.2166978
vt 0.1637169 -0.1826749
vt 0.1637169 -0.1486522
vt 0.1637169 -0.1146293
vt 0.1637169 -0.08060652
vt 0.1637169 -0.04658383
vt 0.1637169 -0.01256096
vt 0.1637169 0.00445056
vt 0.1637169 -0.3527889
vt 0.1637169 -0.3868117
vt 0.1564569 -0.3868117
vt 0.1564569 -0.4208344
vt 0.1564569 -0.4548573
vt 0.1564569 -0.4888802
vt 0.1564568 -0.5229028
vt 0.1564568 -0.5569257
vt 0.1564568 -0.5909485
vt 0.1564568 -0.6249712
vt 0.1564568 -0.658994
vt 0.1564568 -0.6930169
vt 0.1564568 -0.7270397
vt 0.1564568 -0.7610624
vt 0.1564568 -0.7950852
vt 0.1564568 -0.829108
vt 0.1564568 -0.8631308
vt 0.1564568 -0.8971536
vt 0.1491968 -0.8971536
vt 0.1491968 -0.9311764
vt 0.1491968 -0.9651992
vt 0.1491968 -0.999222
vt 0.1491968 -1.016233
vt 0.1564568 -0.9311764
vt 0.1564568 -0.9651992
vt 0.1564568 -0.999222
vt 0.1564568 -1.016233
vt 0.1637169 -0.9311764
vt 0.1637169 -0.9651992
vt 0.1637169 -0.999222
vt 0.1637169 -1.016233
vt 0.1709769 -0.9651992
vt 0.1709769 -0.9311764
vt 0.1637169 -0.8971536
vt 0.1637169 -0.8631308
vt 0.1637169 -0.829108
vt 0.1637169 -0.7950852
vt 0.1637169 -0.7610624
vt 0.1637169 -0.7270397
vt 0.1637169 -0.6930169
vt 0.1637169 -0.658994
vt 0.1637169 -0.6249712
vt 0.1637169 -0.5909485
vt 0.1637169 -0.5569257
vt 0.1637169 -0.5229028
vt 0.1637169 -0.4888802
vt 0.1637169 -0.4548573
vt 0.1637169 -0.4208344
vt 0.1709769 -0.4208344
vt 0.1709769 -0.3868117
vt 0.1709769 -0.3527889
vt 0.1637169 -0.3187662
vt 0.1637169 -0.2847433
vt 0.1637169 -0.2507206
vt 0.1709769 -0.2507206
vt 0.1709769 -0.2166978
vt 0.1709769 -0.1826749
vt 0.1709769 -0.1486522
vt 0.1709769 -0.1146293
vt 0.1709769 -0.08060652
vt 0.1709769 -0.04658383
vt 0.1709769 -0.01256096
vt 0.1709769 0.00445056
vt 0.178237 -0.01256096
vt 0.178237 0.00445056
vt 0.178237 -0.04658383
vt 0.178237 -0.08060652
vt 0.178237 -0.1146293
vt 0.178237 -0.1486522
vt 0.185497 -0.01256096
vt 0.185497 0.00445056
vt 0.185497 -0.04658383
vt 0.185497 -0.08060652
vt 0.185497 -0.1146293
vt 0.185497 -0.1486522
vt 0.185497 -0.1826749
vt 0.178237 -0.1826749
vt 0.178237 -0.2166978
vt 0.178237 -0.2507206
vt 0.178237 -0.2847433
vt 0.1709769 -0.2847433
vt 0.1709769 -0.3187662
vt 0.178237 -0.3187662
vt 0.1782369 -0.3527889
vt 0.1782369 -0.3868117
vt 0.1782369 -0.4208344
vt 0.1782369 -0.4548573
vt 0.1709769 -0.4548573
vt 0.1709769 -0.4888802
vt 0.1709769 -0.5229028
vt 0.1709769 -0.5569257
vt 0.1709769 -0.5909485
vt 0.1709769 -0.6249712
vt 0.1709769 -0.658994
vt 0.1709769 -0.6930169
vt 0.1709769 -0.7270397
vt 0.1709769 -0.7610624
vt 0.1709769 -0.7950852
vt 0.1709769 -0.829108
vt 0.1709769 -0.8631308
vt 0.1709769 -0.8971536
vt 0.1782369 -0.7270397
vt 0.1782369 -0.6930169
vt 0.1782369 -0.658994
vt 0.1782369 -0.6249712
vt 0.1782369 -0.5909485
vt 0.1782369 -0.5569257
vt 0.1782369 -0.5229028
vt 0.1782369 -0.4888802
vt 0.185497 -0.4888802
vt 0.185497 -0.4548573
vt 0.185497 -0.4208344
vt 0.185497 -0.3868117
vt 0.185497 -0.3527889
vt 0.185497 -0.3187662
vt 0.185497 -0.2847433
vt 0.185497 -0.2507206
vt 0.185497 -0.2166978
vt 0.192757 -0.2166978
vt 0.192757 -0.1826749
vt 0.192757 -0.1486522
vt 0.192757 -0.1146293
vt 0.192757 -0.08060652
vt 0.192757 -0.04658383
vt 0.192757 -0.01256096
vt 0.192757 0.00445056
vt 0.2000171 -0.01256096
vt 0.2000171 0.00445056
vt 0.2000171 -0.04658383
vt 0.2000171 -0.08060652
vt 0.2000171 -0.1146293
vt 0.2000171 -0.1486522
vt 0.2072771 -0.01256108
vt 0.2072771 0.00445056
vt 0.2072771 -0.04658383
vt 0.2072771 -0.08060652
vt 0.2072771 -0.1146293
vt 0.2072771 -0.1486522
vt 0.2072771 -0.1826749
vt 0.2000171 -0.1826749
vt 0.2000171 -0.2166978
vt 0.2000171 -0.2507206
vt 0.192757 -0.2507206
vt 0.192757 -0.2847433
vt 0.192757 -0.3187662
vt 0.192757 -0.3527889
vt 0.192757 -0.3868117
vt 0.192757 -0.4208344
vt 0.192757 -0.4548573
vt 0.192757 -0.4888802
vt 0.192757 -0.5229028
vt 0.185497 -0.5229028
vt 0.185497 -0.5569257
vt 0.185497 -0.5909485
vt 0.185497 -0.6249712
vt 0.185497 -0.658994
vt 0.185497 -0.6930169
vt 0.185497 -0.7270397
vt 0.185497 -0.7610624
vt 0.1782369 -0.7610624
vt 0.1782369 -0.7950852
vt 0.1782369 -0.829108
vt 0.1782369 -0.8631308
vt 0.1782369 -0.8971536
vt 0.1782369 -0.9311764
vt 0.1782369 -0.9651992
vt 0.1782369 -0.999222
vt 0.1709769 -0.999222
vt 0.1709769 -1.016233
vt 0.1782369 -1.016233
vt 0.185497 -0.8971536
vt 0.185497 -0.8631308
vt 0.185497 -0.829108
vt 0.185497 -0.7950852
vt 0.185497 -1.016233
vt 0.192757 -0.7950852
vt 0.192757 -0.7610624
vt 0.192757 -0.7270397
vt 0.192757 -0.6930169
vt 0.192757 -0.658994
vt 0.192757 -0.6249712
vt 0.192757 -0.5909485
vt 0.192757 -0.5569257
vt 0.2000171 -0.5569257
vt 0.2000171 -0.5229028
vt 0.2000171 -0.4888802
vt 0.2000171 -0.4548573
vt 0.2000171 -0.4208344
vt 0.2000171 -0.3868117
vt 0.2000171 -0.3527889
vt 0.2000171 -0.3187662
vt 0.2000171 -0.2847433
vt 0.2072771 -0.2847433
vt 0.2072771 -0.2507206
vt 0.2072771 -0.2166978
vt 0.2072771 -0.3187662
vt 0.2072771 -0.3527889
vt 0.2072771 -0.3868117
vt 0.2072771 -0.4208344
vt 0.2072771 -0.4548573
vt 0.2072771 -0.4888802
vt 0.2072771 -0.5229028
vt 0.2072771 -0.5569257
vt 0.2072771 -0.5909485
vt 0.2000171 -0.5909485
vt 0.2000171 -0.6249712
vt 0.2000171 -0.658994
vt 0.2000171 -0.6930169
vt 0.2000171 -0.7270397
vt 0.2000171 -0.7610624
vt 0.2000171 -0.7950852
vt 0.2000171 -0.829108
vt 0.192757 -0.829108
vt 0.192757 -0.8631308
vt 0.192757 -0.8971536
vt 0.192757 -0.9311764
vt 0.185497 -0.9311764
vt 0.185497 -0.9651992
vt 0.185497 -0.999222
vt 0.192757 -0.9651992
vt 0.192757 -0.999222
vt 0.192757 -1.016233
vt 0.2000171 -0.8971536
vt 0.2000171 -0.9311764
vt 0.2000171 -0.9651992
vt 0.2000171 -0.999222
vt 0.2000171 -1.016233
vt 0.2072771 -0.9311764
vt 0.2072771 -0.8971536
vt 0.2000171 -0.8631308
vt 0.2072771 -0.8631308
vt 0.2072771 -0.829108
vt 0.2072771 -0.7950852
vt 0.2072771 -0.7610624
vt 0.2072771 -0.7270397
vt 0.2072771 -0.6930169
vt 0.2072771 -0.658994
vt 0.2072771 -0.6249712
vt 0.2145371 -0.6249712
vt 0.2145371 -0.5909485
vt 0.2145371 -0.5569257
vt 0.2145371 -0.5229028
vt 0.2145371 -0.4888802
vt 0.2145371 -0.4548573
vt 0.2145371 -0.4208345
vt 0.2145371 -0.3868117
vt 0.2145371 -0.3527889
vt 0.2145371 -0.3187662
vt 0.2145371 -0.2847434
vt 0.2145371 -0.2507206
vt 0.2145371 -0.2166978
vt 0.2145371 -0.1826749
vt 0.2145371 -0.1486522
vt 0.2145371 -0.1146293
vt 0.2145371 -0.08060652
vt 0.2145371 -0.04658383
vt 0.2145371 -0.01256108
vt 0.2145371 0.00445056
vt 0.2217972 -0.01256108
vt 0.2217972 0.00445056
vt 0.2217972 -0.04658383
vt 0.2217972 -0.08060652
vt 0.2217972 -0.1146293
vt 0.2217972 -0.1486522
vt 0.2290572 -0.01256108
vt 0.2290572 0.00445056
vt 0.2290572 -0.04658383
vt 0.2290572 -0.08060652
vt 0.2290572 -0.08060652
vt 0.2290572 -0.1146293
vt 0.2290572 -0.08060652
vt 0.2290572 -0.1486522
vt 0.2290572 -0.1826749
vt 0.2217972 -0.1826749
vt 0.2217972 -0.2166978
vt 0.2217972 -0.2507206
vt 0.2217972 -0.2847434
vt 0.2217972 -0.3187662
vt 0.2217972 -0.3527889
vt 0.2217972 -0.3868117
vt 0.2217972 -0.4208345
vt 0.2217972 -0.4548573
vt 0.2217972 -0.4888802
vt 0.2217972 -0.5229028
vt 0.2217972 -0.5569257
vt 0.2217972 -0.5909485
vt 0.2217972 -0.6249712
vt 0.2217972 -0.658994
vt 0.2145371 -0.658994
vt 0.2145371 -0.6930169
vt 0.2145371 -0.7270397
vt 0.2145371 -0.7610624
vt 0.2145371 -0.7950852
vt 0.2145371 -0.829108
vt 0.2145371 -0.8631308
vt 0.2145371 -0.8971536
vt 0.2145371 -0.9311764
vt 0.2145371 -0.9651992
vt 0.2072771 -0.9651992
vt 0.2072771 -0.999222
vt 0.2072771 -1.016233
vt 0.2145371 -0.999222
vt 0.2145371 -1.016233
vt 0.2217972 -0.8971536
vt 0.2217972 -0.9311764
vt 0.2217972 -0.9651992
vt 0.2217972 -0.999222
vt 0.2217972 -1.016233
vt 0.2290572 -0.9311764
vt 0.2290572 -0.8971536
vt 0.2217972 -0.8631308
vt 0.2217972 -0.829108
vt 0.2217972 -0.7950852
vt 0.2217972 -0.7610624
vt 0.2217972 -0.7270397
vt 0.2217972 -0.6930169
vt 0.2290572 -0.6930169
vt 0.2290572 -0.658994
vt 0.2290572 -0.6249712
vt 0.2290572 -0.5909485
vt 0.2290572 -0.5569257
vt 0.2290572 -0.5229028
vt 0.2290572 -0.4888802
vt 0.2290572 -0.4548573
vt 0.2290572 -0.4208345
vt 0.2290572 -0.3868117
vt 0.2290572 -0.3527889
vt 0.2290572 -0.3187662
vt 0.2290572 -0.2847434
vt 0.2290572 -0.2507206
vt 0.2290572 -0.2166978
vt 0.2363173 -0.2166978
vt 0.2363173 -0.1826749
vt 0.2363173 -0.1486522
vt 0.2363173 -0.1146293
vt 0.2363173 -0.2507206
vt 0.2363173 -0.2847434
vt 0.2363173 -0.3187662
vt 0.2363172 -0.3527889
vt 0.2363172 -0.3868117
vt 0.2363172 -0.4208345
vt 0.2363172 -0.4548573
vt 0.2363172 -0.4888802
vt 0.2363172 -0.5229028
vt 0.2363172 -0.5569257
vt 0.2363172 -0.5909485
vt 0.2363172 -0.6249712
vt 0.2363172 -0.658994
vt 0.2363172 -0.6930169
vt 0.2363172 -0.7270397
vt 0.2290572 -0.7270397
vt 0.2290572 -0.7610624
vt 0.2290572 -0.7950852
vt 0.2290572 -0.829108
vt 0.2290572 -0.8631308
vt 0.2363172 -0.7610624
vt 0.2363172 -0.7950852
vt 0.2363172 -0.829108
vt 0.2363172 -0.8631308
vt 0.2363172 -0.8971536
vt 0.2363172 -0.9311764
vt 0.2363172 -0.9651992
vt 0.2290572 -0.9651992
vt 0.2290572 -0.999222
vt 0.2290572 -1.016233
vt 0.2363172 -0.999222
vt 0.2363172 -1.016233
vt 0.2435773 -0.829108
vt 0.2435773 -0.8631308
vt 0.2435773 -0.9311764
vt 0.2435773 -0.9651992
vt 0.2435773 -0.999222
vt 0.2435773 -1.016233
vt 0.2508373 -0.8631308
vt 0.2508373 -0.829108
vt 0.2435773 -0.7950852
vt 0.2435773 -0.7610624
vt 0.2435773 -0.7270397
vt 0.2435773 -0.6930169
vt 0.2435773 -0.658994
vt 0.2435773 -0.6249712
vt 0.2435773 -0.5909485
vt 0.2435773 -0.5569257
vt 0.2435773 -0.5229028
vt 0.2435773 -0.4888802
vt 0.2435773 -0.4548573
vt 0.2435773 -0.4208345
vt 0.2435773 -0.3868117
vt 0.2435773 -0.3527889
vt 0.2435773 -0.3187662
vt 0.2435773 -0.2847434
vt 0.2435773 -0.2507206
vt 0.2435773 -0.2166978
vt 0.2435773 -0.1826749
vt 0.2435773 -0.1486522
vt 0.2435773 -0.1146293
vt 0.2363173 -0.08060652
vt 0.2508373 -0.1486522
vt 0.2508373 -0.1146293
vt 0.2435773 -0.08060652
vt 0.2508373 -0.1826749
vt 0.2508373 -0.2166978
vt 0.2508373 -0.2507206
vt 0.2580974 -0.1486522
vt 0.2580974 -0.1146293
vt 0.2508373 -0.08060652
vt 0.2435773 -0.08060652
vt 0.2363173 -0.08060652
vt 0.2580974 -0.1826749
vt 0.2580974 -0.2166978
vt 0.2580974 -0.2507206
vt 0.2580974 -0.2847434
vt 0.2508373 -0.2847434
vt 0.2508373 -0.3187662
vt 0.2508373 -0.3527889
vt 0.2508373 -0.3868117
vt 0.2508373 -0.4208345
vt 0.2508373 -0.4548573
vt 0.2508373 -0.4888802
vt 0.2508373 -0.5229028
vt 0.2508373 -0.5569257
vt 0.2508373 -0.5909485
vt 0.2508373 -0.6249712
vt 0.2508373 -0.658994
vt 0.2508373 -0.6930169
vt 0.2508373 -0.7270397
vt 0.2508373 -0.7610624
vt 0.2508373 -0.7950852
vt 0.2580974 -0.6249712
vt 0.2580974 -0.5909485
vt 0.2580974 -0.5569257
vt 0.2580974 -0.5229028
vt 0.2580974 -0.4888802
vt 0.2580974 -0.4548573
vt 0.2580974 -0.4208345
vt 0.2580974 -0.3868117
vt 0.2580974 -0.3527889
vt 0.2580974 -0.3187662
vt 0.2653574 -0.3187662
vt 0.2653574 -0.2847434
vt 0.2653574 -0.2507206
vt 0.2653574 -0.2166978
vt 0.2653574 -0.1826749
vt 0.2653574 -0.1486522
vt 0.2653574 -0.1146293
vt 0.2580974 -0.08060652
vt 0.2653574 -0.3527889
vt 0.2653574 -0.3868117
vt 0.2653574 -0.4208345
vt 0.2653574 -0.4548573
vt 0.2653574 -0.4888802
vt 0.2653574 -0.5229028
vt 0.2653574 -0.5569257
vt 0.2653574 -0.5909485
vt 0.2653574 -0.6249712
vt 0.2653574 -0.658994
vt 0.2580974 -0.658994
vt 0.2580974 -0.6930169
vt 0.2580974 -0.7270397
vt 0.2580974 -0.7610624
vt 0.2580974 -0.7950852
vt 0.2580974 -0.829108
vt 0.2580974 -0.8631308
vt 0.2580974 -0.8971536
vt 0.2508373 -0.8971536
vt 0.2435773 -0.8971536
vt 0.2508373 -0.9311764
vt 0.2508373 -0.9651992
vt 0.2508373 -0.999222
vt 0.2508373 -1.016233
vt 0.2580974 -0.9311764
vt 0.2580974 -0.9651992
vt 0.2580974 -0.999222
vt 0.2580974 -1.016233
vt 0.2653574 -0.9651992
vt 0.2653574 -0.9311764
vt 0.2653574 -0.8971536
vt 0.2653574 -0.8631308
vt 0.2653574 -0.829108
vt 0.2653574 -0.7950852
vt 0.2653574 -0.7610624
vt 0.2653574 -0.7270397
vt 0.2653574 -0.6930169
vt 0.2726174 -0.6930169
vt 0.2726174 -0.658994
vt 0.2726174 -0.6249712
vt 0.2726174 -0.5909485
vt 0.2726174 -0.5569257
vt 0.2726174 -0.5229028
vt 0.2726174 -0.4888802
vt 0.2726174 -0.4548573
vt 0.2726174 -0.4208345
vt 0.2726174 -0.3868117
vt 0.2726174 -0.3527889
vt 0.2726174 -0.3187662
vt 0.2726174 -0.2847434
vt 0.2726174 -0.2507206
vt 0.2726174 -0.2166978
vt 0.2726174 -0.1826749
vt 0.2726174 -0.1486522
vt 0.2726174 -0.1146293
vt 0.2653574 -0.08060652
vt 0.2580974 -0.08060652
vt 0.2726174 -0.08060652
vt 0.2798774 -0.1146293
vt 0.2798774 -0.1486522
vt 0.2798774 -0.1826749
vt 0.2798774 -0.2166978
vt 0.2798774 -0.2507206
vt 0.2871376 -0.1486522
vt 0.2871376 -0.1146293
vt 0.2798774 -0.08060652
vt 0.2871376 -0.1826749
vt 0.2871376 -0.2166978
vt 0.2871376 -0.2507206
vt 0.2871376 -0.2847434
vt 0.2798774 -0.2847434
vt 0.2798774 -0.3187662
vt 0.2798774 -0.3527889
vt 0.2798774 -0.3868117
vt 0.2798774 -0.4208345
vt 0.2798774 -0.4548573
vt 0.2798774 -0.4888802
vt 0.2798774 -0.5229028
vt 0.2798774 -0.5569257
vt 0.2798774 -0.5909485
vt 0.2798774 -0.6249712
vt 0.2798774 -0.658994
vt 0.2798774 -0.6930169
vt 0.2798774 -0.7270397
vt 0.2726174 -0.7270397
vt 0.2726174 -0.7610624
vt 0.2726174 -0.7950852
vt 0.2726174 -0.829108
vt 0.2726174 -0.8631308
vt 0.2726174 -0.8971536
vt 0.2726174 -0.9311764
vt 0.2726174 -0.9651992
vt 0.2726174 -0.999222
vt 0.2653574 -0.999222
vt 0.2653574 -1.016233
vt 0.2726174 -1.016233
vt 0.2798774 -0.8971536
vt 0.2798774 -0.8631308
vt 0.2798774 -0.829108
vt 0.2798774 -0.7950852
vt 0.2798774 -0.7610624
vt 0.2871375 -0.7610624
vt 0.2871375 -0.7270397
vt 0.2871375 -0.6930169
vt 0.2871376 -0.658994
vt 0.2871376 -0.6249712
vt 0.2871376 -0.5909485
vt 0.2871376 -0.5569257
vt 0.2871376 -0.5229028
vt 0.2871376 -0.4888802
vt 0.2871376 -0.4548573
vt 0.2871376 -0.4208345
vt 0.2871376 -0.3868117
vt 0.2871376 -0.3527889
vt 0.2871376 -0.3187662
vt 0.2943976 -0.3187662
vt 0.2943976 -0.2847434
vt 0.2943976 -0.2507206
vt 0.2943976 -0.2166978
vt 0.2943976 -0.1826749
vt 0.2943976 -0.1486522
vt 0.2943976 -0.1146293
vt 0.2871376 -0.08060652
vt 0.2798774 -0.08060652
vt 0.2798774 -0.04658383
vt 0.2726174 -0.04658383
vt 0.2726174 -0.01256108
vt 0.2871376 -0.04658383
vt 0.2943976 -0.08060652
vt 0.2871376 -0.04658383
vt 0.2798774 -0.01256108
vt 0.2943976 -0.04658383
vt 0.2871376 -0.01256108
vt 0.3016576 -0.08060652
vt 0.3016576 -0.04658383
vt 0.2943976 -0.01256108
vt 0.3016576 -0.1146293
vt 0.3016576 -0.1486522
vt 0.3016576 -0.1826749
vt 0.3016576 -0.2166978
vt 0.3016576 -0.2507206
vt 0.3016576 -0.2847434
vt 0.3016576 -0.3187662
vt 0.3016576 -0.3527889
vt 0.2943976 -0.3527889
vt 0.2943976 -0.3868117
vt 0.2943976 -0.4208345
vt 0.2943976 -0.4548573
vt 0.2943976 -0.4888802
vt 0.2943976 -0.5229028
vt 0.2943976 -0.5569257
vt 0.2943976 -0.5909485
vt 0.2943976 -0.6249712
vt 0.2943976 -0.658994
vt 0.2943975 -0.6930169
vt 0.2943975 -0.7270397
vt 0.2943975 -0.7610624
vt 0.2943975 -0.7950852
vt 0.2871375 -0.7950852
vt 0.2871375 -0.829108
vt 0.2871375 -0.8631308
vt 0.2871375 -0.8971536
vt 0.2871375 -0.9311764
vt 0.2798774 -0.9311764
vt 0.2798774 -0.9651992
vt 0.2798774 -0.999222
vt 0.2798774 -1.016233
vt 0.2871375 -0.9651992
vt 0.2871375 -0.999222
vt 0.2871375 -1.016233
vt 0.2943975 -0.9311764
vt 0.2943975 -0.8971536
vt 0.2943975 -0.8631308
vt 0.2943975 -0.829108
vt 0.2943975 -0.999222
vt 0.2943975 -0.9651992
vt 0.2943975 -1.016233
vt 0.3016576 -0.829108
vt 0.3016576 -0.7950852
vt 0.3016576 -0.7610624
vt 0.3016576 -0.7270397
vt 0.3016576 -0.6930169
vt 0.3016576 -0.658994
vt 0.3016576 -0.6249712
vt 0.3016576 -0.5909485
vt 0.3016576 -0.5569257
vt 0.3016576 -0.5229028
vt 0.3016576 -0.4888802
vt 0.3016576 -0.4548573
vt 0.3016576 -0.4208345
vt 0.3016576 -0.3868117
vt 0.3089176 -0.3868117
vt 0.3089176 -0.3527889
vt 0.3089176 -0.3187662
vt 0.3089176 -0.2847434
vt 0.3089176 -0.2507206
vt 0.3089176 -0.2166978
vt 0.3089176 -0.1826749
vt 0.3089176 -0.1486522
vt 0.3089176 -0.1146293
vt 0.3089176 -0.08060652
vt 0.3089176 -0.04658383
vt 0.3161777 -0.1146293
vt 0.3161777 -0.08060652
vt 0.3089176 -0.04658383
vt 0.3016576 -0.01256108
vt 0.3161777 -0.04658383
vt 0.3089176 -0.01256108
vt 0.3161777 -0.1486522
vt 0.3161777 -0.1826749
vt 0.3234377 -0.08060652
vt 0.3234377 -0.04658383
vt 0.3234377 -0.1146293
vt 0.3234377 -0.1486522
vt 0.3234377 -0.1826749
vt 0.3234377 -0.2166978
vt 0.3161777 -0.2166978
vt 0.3161777 -0.2507206
vt 0.3161777 -0.2847434
vt 0.3161777 -0.3187662
vt 0.3161777 -0.3527889
vt 0.3161777 -0.3868117
vt 0.3161777 -0.4208345
vt 0.3089176 -0.4208345
vt 0.3089176 -0.4548573
vt 0.3089176 -0.4888802
vt 0.3089176 -0.5229028
vt 0.3089176 -0.5569257
vt 0.3089176 -0.5909485
vt 0.3089176 -0.6249712
vt 0.3089176 -0.658994
vt 0.3089176 -0.6930169
vt 0.3089176 -0.7270397
vt 0.3089176 -0.7610624
vt 0.3089176 -0.7950852
vt 0.3089176 -0.829108
vt 0.3089176 -0.8631308
vt 0.3016576 -0.8631308
vt 0.3016576 -0.8971536
vt 0.3016576 -0.9311764
vt 0.3016576 -0.9651992
vt 0.3016576 -0.999222
vt 0.3016576 -1.016233
vt 0.3089176 -0.8971536
vt 0.3089176 -0.9311764
vt 0.3089176 -0.9651992
vt 0.3089176 -0.999222
vt 0.3089176 -1.016233
vt 0.3161777 -0.9311764
vt 0.3161777 -0.8971536
vt 0.3161777 -0.8631308
vt 0.3161777 -0.829108
vt 0.3161777 -0.7950852
vt 0.3161777 -0.7610624
vt 0.3161777 -0.7270397
vt 0.3161777 -0.6930169
vt 0.3161777 -0.658994
vt 0.3161777 -0.6249712
vt 0.3161777 -0.5909485
vt 0.3161777 -0.5569257
vt 0.3161777 -0.5229028
vt 0.3161777 -0.4888802
vt 0.3161777 -0.4548573
vt 0.3234377 -0.4548573
vt 0.3234377 -0.4208345
vt 0.3234377 -0.3868117
vt 0.3234377 -0.3527889
vt 0.3234377 -0.3187662
vt 0.3234377 -0.2847434
vt 0.3234377 -0.2507206
vt 0.3306977 -0.2507206
vt 0.3306977 -0.2166978
vt 0.3306977 -0.1826749
vt 0.3306977 -0.1486522
vt 0.3306977 -0.1146293
vt 0.3306977 -0.08060652
vt 0.3234377 -0.04658383
vt 0.3306977 -0.04658383
vt 0.3306977 -0.2847434
vt 0.3306977 -0.3187662
vt 0.3306977 -0.3527889
vt 0.3306977 -0.3868117
vt 0.3306977 -0.4208345
vt 0.3306977 -0.4548573
vt 0.3306977 -0.4888802
vt 0.3234377 -0.4888802
vt 0.3234377 -0.5229028
vt 0.3234377 -0.5569257
vt 0.3234377 -0.5909485
vt 0.3234377 -0.6249712
vt 0.3234377 -0.658994
vt 0.3234377 -0.6930169
vt 0.3234377 -0.7270397
vt 0.3234377 -0.7610624
vt 0.3234377 -0.7950852
vt 0.3234377 -0.829108
vt 0.3234377 -0.8631308
vt 0.3234377 -0.8971536
vt 0.3234377 -0.9311764
vt 0.3234377 -0.9651992
vt 0.3161777 -0.9651992
vt 0.3161777 -0.999222
vt 0.3161777 -1.016233
vt 0.3234377 -0.999222
vt 0.3234377 -1.016233
vt 0.3306977 -0.8971536
vt 0.3306977 -0.9311764
vt 0.3306977 -0.9651992
vt 0.3306977 -0.999222
vt 0.3306977 -1.016233
vt 0.3379577 -0.9311764
vt 0.3379577 -0.8971536
vt 0.3306977 -0.8631308
vt 0.3306977 -0.829108
vt 0.3306977 -0.7950852
vt 0.3306977 -0.7610624
vt 0.3306977 -0.7270397
vt 0.3306977 -0.6930169
vt 0.3306977 -0.658994
vt 0.3306977 -0.6249712
vt 0.3306977 -0.5909485
vt 0.3306977 -0.5569257
vt 0.3306977 -0.5229028
vt 0.3379578 -0.5229028
vt 0.3379578 -0.4888802
vt 0.3379578 -0.4548573
vt 0.3379578 -0.4208345
vt 0.3379578 -0.3868117
vt 0.3379578 -0.3527889
vt 0.3379578 -0.3187662
vt 0.3379578 -0.2847434
vt 0.3379578 -0.2507206
vt 0.3379578 -0.2166978
vt 0.3379578 -0.1826749
vt 0.3379578 -0.1486522
vt 0.3379578 -0.1146293
vt 0.3379578 -0.08060652
vt 0.3306977 -0.04658383
vt 0.3452178 -0.1146293
vt 0.3452178 -0.08060652
vt 0.3379578 -0.04658383
vt 0.3306977 -0.01256108
vt 0.3452178 -0.04658383
vt 0.3379578 -0.01256108
vt 0.3306977 0.00445056
vt 0.3234377 0.00445056
vt 0.3234377 -0.01256108
vt 0.3161777 0.00445056
vt 0.3161777 -0.01256108
vt 0.3089176 0.00445056
vt 0.3089176 -0.01256108
vt 0.3234377 -0.04658383
vt 0.3306977 -0.04658383
vt 0.3379578 0.00445056
vt 0.3379578 -0.04658383
vt 0.3452178 -0.01256108
vt 0.3452178 0.00445056
vt 0.3524778 -0.01256108
vt 0.3524778 0.00445056
vt 0.3524778 -0.04658383
vt 0.3524778 -0.08060652
vt 0.3524778 -0.1146293
vt 0.3524778 -0.1486522
vt 0.3452178 -0.1486522
vt 0.3452178 -0.1826749
vt 0.3452178 -0.2166978
vt 0.3452178 -0.2507206
vt 0.3452178 -0.2847434
vt 0.3452178 -0.3187662
vt 0.3452178 -0.3527889
vt 0.3452178 -0.3868117
vt 0.3452178 -0.4208345
vt 0.3452178 -0.4548573
vt 0.3452178 -0.4888802
vt 0.3452178 -0.5229028
vt 0.3452178 -0.5569257
vt 0.3379578 -0.5569257
vt 0.3379578 -0.5909485
vt 0.3379578 -0.6249712
vt 0.3379578 -0.658994
vt 0.3379577 -0.6930169
vt 0.3379577 -0.7270397
vt 0.3379577 -0.7610624
vt 0.3379577 -0.7950852
vt 0.3379577 -0.829108
vt 0.3379577 -0.8631308
vt 0.3452178 -0.6930169
vt 0.3452178 -0.658994
vt 0.3452178 -0.6249712
vt 0.3452178 -0.5909485
vt 0.3452178 -0.829108
vt 0.3452178 -0.8631308
vt 0.3452178 -0.8971536
vt 0.3452178 -0.9311764
vt 0.3452178 -0.9651992
vt 0.3379577 -0.9651992
vt 0.3379577 -0.999222
vt 0.3379577 -1.016233
vt 0.3452178 -0.999222
vt 0.3452178 -1.016233
vt 0.3524778 -0.8631308
vt 0.3524778 -0.829108
vt 0.3452178 -0.7950852
vt 0.3452178 -0.7610624
vt 0.3452178 -0.7270397
vt 0.3524778 -0.7270397
vt 0.3524778 -0.6930169
vt 0.3524778 -0.658994
vt 0.3524778 -0.6249712
vt 0.3524778 -0.5909485
vt 0.3524778 -0.5569257
vt 0.3524778 -0.5229028
vt 0.3524778 -0.4888802
vt 0.3524778 -0.4548573
vt 0.3524778 -0.4208345
vt 0.3524778 -0.3868117
vt 0.3524778 -0.3527889
vt 0.3524778 -0.3187662
vt 0.3524778 -0.2847434
vt 0.3524778 -0.2507206
vt 0.3524778 -0.2166978
vt 0.3524778 -0.1826749
vt 0.3597379 -0.1826749
vt 0.3597379 -0.1486522
vt 0.3597379 -0.1146293
vt 0.3597379 -0.08060652
vt 0.3597379 -0.04658383
vt 0.3597379 -0.01256108
vt 0.3597379 0.00445056
vt 0.3597379 -0.2166978
vt 0.3597379 -0.2507206
vt 0.3597379 -0.2847434
vt 0.3597379 -0.3187662
vt 0.3597379 -0.3527889
vt 0.3597379 -0.3868117
vt 0.3597379 -0.4208345
vt 0.3597379 -0.4548573
vt 0.3597379 -0.4888802
vt 0.3597379 -0.522903
vt 0.3597379 -0.5569257
vt 0.3597379 -0.5909485
vt 0.3597379 -0.6249713
vt 0.3597379 -0.6589941
vt 0.3597379 -0.6930169
vt 0.3597379 -0.7270397
vt 0.3597379 -0.7610625
vt 0.3524778 -0.7610624
vt 0.3524778 -0.7950852
vt 0.3597379 -0.7950853
vt 0.3597379 -0.8291081
vt 0.3597379 -0.8631308
vt 0.3597379 -0.8971536
vt 0.3524778 -0.8971536
vt 0.3524778 -0.9311764
vt 0.3524778 -0.9651992
vt 0.3524778 -0.999222
vt 0.3524778 -1.016233
vt 0.3597379 -0.9311764
vt 0.3597379 -0.9651992
vt 0.3597379 -0.999222
vt 0.3597379 -1.016233
vt 0.3669979 -0.9311764
vt 0.3669979 -0.9651992
vt 0.3669979 -0.999222
vt 0.3669979 -1.016233
vt 0.3742579 -0.9651992
vt 0.3742579 -0.9311764
vt 0.3669979 -0.8971536
vt 0.3669979 -0.8631308
vt 0.3669979 -0.8291081
vt 0.3669979 -0.7950853
vt 0.3669979 -0.7610625
vt 0.3669979 -0.7270397
vt 0.3669979 -0.6930169
vt 0.3669979 -0.6589941
vt 0.3669979 -0.6249713
vt 0.3669979 -0.5909485
vt 0.3669979 -0.5569257
vt 0.3669979 -0.522903
vt 0.3669979 -0.4888802
vt 0.3669979 -0.4548573
vt 0.3669979 -0.4208345
vt 0.3669979 -0.3868117
vt 0.3669979 -0.3527889
vt 0.3669979 -0.3187662
vt 0.3669979 -0.2847434
vt 0.3669979 -0.2507206
vt 0.3669979 -0.2166978
vt 0.3669979 -0.1826749
vt 0.3669979 -0.1486522
vt 0.3669979 -0.1146293
vt 0.3669979 -0.08060652
vt 0.3669979 -0.04658383
vt 0.3669979 -0.01256108
vt 0.3669979 0.00445056
vt 0.3742579 -0.01256108
vt 0.3742579 0.00445056
vt 0.3742579 -0.04658383
vt 0.3742579 -0.08060652
vt 0.3742579 -0.1146293
vt 0.3742579 -0.1486522
vt 0.3815179 -0.01256108
vt 0.3815179 0.00445056
vt 0.3815179 -0.04658383
vt 0.3815179 -0.08060652
vt 0.3815179 -0.1146293
vt 0.3815179 -0.1486522
vt 0.3815179 -0.1826749
vt 0.3742579 -0.1826749
vt 0.3742579 -0.2166978
vt 0.3742579 -0.2507206
vt 0.3742579 -0.2847434
vt 0.3742579 -0.3187662
vt 0.3742579 -0.3527889
vt 0.3742579 -0.3868117
vt 0.3742579 -0.4208345
vt 0.3742579 -0.4548573
vt 0.3742579 -0.4888802
vt 0.3742579 -0.522903
vt 0.3742579 -0.5569257
vt 0.3742579 -0.5909485
vt 0.3742579 -0.6249713
vt 0.3742579 -0.6589941
vt 0.3742579 -0.6930169
vt 0.3742579 -0.7270397
vt 0.3742579 -0.7610625
vt 0.3742579 -0.7950853
vt 0.3742579 -0.8291081
vt 0.3742579 -0.8631308
vt 0.3742579 -0.8971536
vt 0.3815179 -0.7270397
vt 0.3815179 -0.6930169
vt 0.3815179 -0.6589941
vt 0.3815179 -0.6249713
vt 0.3815179 -0.5909485
vt 0.3815179 -0.5569257
vt 0.3815179 -0.522903
vt 0.3815179 -0.4888802
vt 0.3815179 -0.4548573
vt 0.3815179 -0.4208345
vt 0.3815179 -0.3868117
vt 0.3815179 -0.3527889
vt 0.3815179 -0.3187662
vt 0.3815179 -0.2847434
vt 0.3815179 -0.2507206
vt 0.3815179 -0.2166978
vt 0.3887781 -0.2166978
vt 0.3887781 -0.1826749
vt 0.3887781 -0.1486522
vt 0.3887781 -0.1146293
vt 0.3887781 -0.08060652
vt 0.3887781 -0.04658383
vt 0.3887781 -0.01256108
vt 0.3887781 0.00445056
vt 0.3960381 -0.01256108
vt 0.3960381 0.00445056
vt 0.3960381 -0.04658383
vt 0.3960381 -0.08060652
vt 0.3960381 -0.1146293
vt 0.3960381 -0.1486522
vt 0.4032981 -0.01256108
vt 0.4032981 0.00445056
vt 0.4032981 -0.04658383
vt 0.4032981 -0.08060652
vt 0.4032981 -0.1146293
vt 0.4032981 -0.1486522
vt 0.4032981 -0.1826749
vt 0.3960381 -0.1826749
vt 0.3960381 -0.2166978
vt 0.3960381 -0.2507206
vt 0.3887781 -0.2507206
vt 0.3887781 -0.2847434
vt 0.3887781 -0.3187662
vt 0.3887781 -0.3527889
vt 0.3887781 -0.3868117
vt 0.3887781 -0.4208345
vt 0.3887781 -0.4548573
vt 0.3887781 -0.4888802
vt 0.3887781 -0.522903
vt 0.3887781 -0.5569257
vt 0.3887781 -0.5909485
vt 0.3887781 -0.6249713
vt 0.3887781 -0.6589941
vt 0.388778 -0.6930169
vt 0.388778 -0.7270397
vt 0.388778 -0.7610625
vt 0.3815179 -0.7610625
vt 0.3815179 -0.7950853
vt 0.3815179 -0.8291081
vt 0.3815179 -0.8631308
vt 0.3815179 -0.8971536
vt 0.3815179 -0.9311764
vt 0.3815179 -0.9651992
vt 0.3815179 -0.999222
vt 0.3742579 -0.999222
vt 0.3742579 -1.016233
vt 0.3815179 -1.016233
vt 0.388778 -0.8971536
vt 0.388778 -0.8631308
vt 0.388778 -0.8291081
vt 0.388778 -0.7950853
vt 0.388778 -1.016233
vt 0.396038 -0.7950853
vt 0.396038 -0.7610625
vt 0.396038 -0.7270397
vt 0.396038 -0.6930169
vt 0.3960381 -0.6589941
vt 0.3960381 -0.6249713
vt 0.3960381 -0.5909485
vt 0.3960381 -0.5569257
vt 0.3960381 -0.522903
vt 0.3960381 -0.4888802
vt 0.3960381 -0.4548573
vt 0.3960381 -0.4208345
vt 0.3960381 -0.3868117
vt 0.3960381 -0.3527889
vt 0.3960381 -0.3187662
vt 0.3960381 -0.2847434
vt 0.4032981 -0.2847434
vt 0.4032981 -0.2507206
vt 0.4032981 -0.2166978
vt 0.4032981 -0.3187662
vt 0.4032981 -0.3527889
vt 0.4032981 -0.3868117
vt 0.4032981 -0.4208345
vt 0.4032981 -0.4548573
vt 0.4032981 -0.4888802
vt 0.4032981 -0.522903
vt 0.4032981 -0.5569257
vt 0.4032981 -0.5909485
vt 0.4032981 -0.6249713
vt 0.4032981 -0.6589941
vt 0.403298 -0.6930169
vt 0.403298 -0.7270397
vt 0.403298 -0.7610625
vt 0.403298 -0.7950853
vt 0.403298 -0.8291081
vt 0.396038 -0.8291081
vt 0.396038 -0.8631308
vt 0.396038 -0.8971536
vt 0.396038 -0.9311764
vt 0.388778 -0.9311764
vt 0.388778 -0.9651992
vt 0.388778 -0.999222
vt 0.396038 -0.9651992
vt 0.396038 -0.999222
vt 0.396038 -1.016233
vt 0.403298 -0.8971536
vt 0.403298 -0.9311764
vt 0.403298 -0.9651992
vt 0.403298 -0.999222
vt 0.403298 -1.016233
vt 0.4105581 -0.9311764
vt 0.4105581 -0.8971536
vt 0.403298 -0.8631308
vt 0.4105581 -0.8631308
vt 0.4105581 -0.8291081
vt 0.4105581 -0.7950853
vt 0.4105581 -0.7610625
vt 0.4105581 -0.7270397
vt 0.4105581 -0.6930169
vt 0.4105581 -0.6589941
vt 0.4105581 -0.6249713
vt 0.4105581 -0.5909485
vt 0.4105581 -0.5569257
vt 0.4105581 -0.522903
vt 0.4105581 -0.4888802
vt 0.4105581 -0.4548573
vt 0.4105581 -0.4208345
vt 0.4105581 -0.3868117
vt 0.4105581 -0.3527889
vt 0.4105581 -0.3187662
vt 0.4105581 -0.2847434
vt 0.4105581 -0.2507206
vt 0.4105581 -0.2166978
vt 0.4105581 -0.1826749
vt 0.4105581 -0.1486522
vt 0.4105581 -0.1146293
vt 0.4105581 -0.08060652
vt 0.4105581 -0.04658383
vt 0.4105581 -0.01256108
vt 0.4105581 0.00445056
vt 0.4178182 -0.01256108
vt 0.4178182 0.00445056
vt 0.4178182 -0.04658389
vt 0.4178182 -0.08060652
vt 0.4178182 -0.1146293
vt 0.4178182 -0.1486522
vt 0.4250782 -0.01256108
vt 0.4250782 0.00445056
vt 0.4250782 -0.04658389
vt 0.4250782 -0.08060652
vt 0.4250782 -0.1146293
vt 0.4250782 -0.1486522
vt 0.4250782 -0.1146293
vt 0.4250782 -0.1826749
vt 0.4178182 -0.1826749
vt 0.4178182 -0.2166978
vt 0.4178182 -0.2507206
vt 0.4178182 -0.2847434
vt 0.4178182 -0.3187662
vt 0.4178182 -0.3527889
vt 0.4178182 -0.3868117
vt 0.4178182 -0.4208345
vt 0.4178182 -0.4548573
vt 0.4178182 -0.4888802
vt 0.4178182 -0.522903
vt 0.4178182 -0.5569257
vt 0.4178182 -0.5909485
vt 0.4178182 -0.6249713
vt 0.4178182 -0.6589941
vt 0.4178182 -0.6930169
vt 0.4178182 -0.7270397
vt 0.4178182 -0.7610625
vt 0.4178182 -0.7950853
vt 0.4178182 -0.8291081
vt 0.4178182 -0.8631308
vt 0.4178182 -0.8971536
vt 0.4178182 -0.9311764
vt 0.4178182 -0.9651992
vt 0.4105581 -0.9651992
vt 0.4105581 -0.999222
vt 0.4105581 -1.016233
vt 0.4178182 -0.999222
vt 0.4178182 -1.016233
vt 0.4250782 -0.8971536
vt 0.4250782 -0.9311764
vt 0.4250782 -0.9651992
vt 0.4250782 -0.999222
vt 0.4250782 -1.016233
vt 0.4323382 -0.9311764
vt 0.4323382 -0.8971536
vt 0.4250782 -0.8631308
vt 0.4250782 -0.8291081
vt 0.4250782 -0.7950853
vt 0.4250782 -0.7610625
vt 0.4250782 -0.7270397
vt 0.4250782 -0.6930169
vt 0.4250782 -0.6589941
vt 0.4250782 -0.6249713
vt 0.4250782 -0.5909485
vt 0.4250782 -0.5569257
vt 0.4250782 -0.522903
vt 0.4250782 -0.4888802
vt 0.4250782 -0.4548573
vt 0.4250782 -0.4208345
vt 0.4250782 -0.3868117
vt 0.4250782 -0.3527889
vt 0.4250782 -0.3187662
vt 0.4250782 -0.2847434
vt 0.4250782 -0.2507206
vt 0.4250782 -0.2166978
vt 0.4323382 -0.2166978
vt 0.4323382 -0.1826749
vt 0.4323382 -0.1486522
vt 0.4323382 -0.2507206
vt 0.4323382 -0.2847434
vt 0.4323382 -0.3187662
vt 0.4395983 -0.1826749
vt 0.4395983 -0.1486522
vt 0.4323382 -0.1146293
vt 0.4395983 -0.1146293
vt 0.4323382 -0.08060652
vt 0.4323382 -0.04658389
vt 0.4323382 -0.01256108
vt 0.4323382 0.00445056
vt 0.4250782 -0.1146293
vt 0.4395983 -0.01256108
vt 0.4395983 0.00445056
vt 0.4395983 -0.04658389
vt 0.4395983 -0.08060652
vt 0.4468583 -0.01256108
vt 0.4468583 0.00445056
vt 0.4468583 -0.04658389
vt 0.4468583 -0.08060652
vt 0.4468583 -0.1146293
vt 0.4541183 -0.01256108
vt 0.4541183 0.00445056
vt 0.4541183 -0.04658389
vt 0.4541183 -0.08060652
vt 0.4541183 -0.1146293
vt 0.4468583 -0.1146293
vt 0.4468583 -0.1486522
vt 0.4541183 -0.1486522
vt 0.4541183 -0.1826749
vt 0.4468583 -0.1826749
vt 0.4468583 -0.1486522
vt 0.4468583 -0.2166978
vt 0.4395983 -0.2166978
vt 0.4395983 -0.2507206
vt 0.4395983 -0.2847434
vt 0.4395983 -0.3187662
vt 0.4395983 -0.3527889
vt 0.4323382 -0.3527889
vt 0.4323382 -0.3868117
vt 0.4323382 -0.4208345
vt 0.4323382 -0.4548573
vt 0.4323382 -0.4888802
vt 0.4323382 -0.522903
vt 0.4323382 -0.5569257
vt 0.4323382 -0.5909485
vt 0.4323382 -0.6249713
vt 0.4323382 -0.6589941
vt 0.4323382 -0.6930169
vt 0.4323382 -0.7270397
vt 0.4323382 -0.7610625
vt 0.4323382 -0.7950853
vt 0.4323382 -0.8291081
vt 0.4323382 -0.8631308
vt 0.4395983 -0.6930169
vt 0.4395983 -0.6589941
vt 0.4395983 -0.6249713
vt 0.4395983 -0.5909485
vt 0.4395983 -0.5569257
vt 0.4395983 -0.522903
vt 0.4395983 -0.4888802
vt 0.4395983 -0.4548573
vt 0.4395983 -0.4208345
vt 0.4395983 -0.3868117
vt 0.4468583 -0.3868117
vt 0.4468583 -0.3527889
vt 0.4468583 -0.3187662
vt 0.4468583 -0.2847434
vt 0.4468583 -0.2507206
vt 0.4468583 -0.4208345
vt 0.4468583 -0.4548573
vt 0.4468583 -0.4888802
vt 0.4468583 -0.522903
vt 0.4468583 -0.5569257
vt 0.4468583 -0.5909485
vt 0.4468583 -0.6249713
vt 0.4468583 -0.6589941
vt 0.4468583 -0.6930169
vt 0.4468583 -0.7270397
vt 0.4395983 -0.7270397
vt 0.4395983 -0.7610625
vt 0.4395983 -0.7950853
vt 0.4395983 -0.8291081
vt 0.4395983 -0.8631308
vt 0.4395983 -0.8971536
vt 0.4395983 -0.9311764
vt 0.4395983 -0.9651992
vt 0.4323382 -0.9651992
vt 0.4323382 -0.999222
vt 0.4323382 -1.016233
vt 0.4395983 -0.999222
vt 0.4395983 -1.016233
vt 0.4468583 -0.8971536
vt 0.4468583 -0.9311764
vt 0.4468583 -0.9651992
vt 0.4468583 -0.999222
vt 0.4468583 -1.016233
vt 0.4541183 -0.9311764
vt 0.4541183 -0.8971536
vt 0.4468583 -0.8631308
vt 0.4468583 -0.8291081
vt 0.4468583 -0.7950853
vt 0.4468583 -0.7610625
vt 0.4541183 -0.7610625
vt 0.4541183 -0.7270397
vt 0.4541183 -0.6930169
vt 0.4541183 -0.6589941
vt 0.4541183 -0.6249713
vt 0.4541183 -0.5909485
vt 0.4541183 -0.5569257
vt 0.4541183 -0.522903
vt 0.4541183 -0.4888802
vt 0.4541183 -0.4548573
vt 0.4541183 -0.4208345
vt 0.4541183 -0.3868117
vt 0.4541183 -0.3527889
vt 0.4541183 -0.3187662
vt 0.4541183 -0.2847434
vt 0.4541183 -0.2507206
vt 0.4541183 -0.2166978
vt 0.4613784 -0.2166978
vt 0.4613784 -0.1826749
vt 0.4613784 -0.1486522
vt 0.4613784 -0.1146293
vt 0.4613784 -0.2507206
vt 0.4613784 -0.2847434
vt 0.4613784 -0.3187662
vt 0.4613784 -0.3527889
vt 0.4613784 -0.3868117
vt 0.4613784 -0.4208345
vt 0.4613784 -0.4548573
vt 0.4613784 -0.4888802
vt 0.4613784 -0.522903
vt 0.4613784 -0.5569257
vt 0.4613784 -0.5909485
vt 0.4613784 -0.6249713
vt 0.4613784 -0.6589941
vt 0.4613783 -0.6930169
vt 0.4613783 -0.7270397
vt 0.4613783 -0.7610625
vt 0.4686384 -0.5569257
vt 0.4686384 -0.522903
vt 0.4686384 -0.4888802
vt 0.4686384 -0.4548573
vt 0.4686384 -0.4208345
vt 0.4686384 -0.3868117
vt 0.4686384 -0.3527889
vt 0.4686384 -0.3187662
vt 0.4686384 -0.2847434
vt 0.4686384 -0.2507206
vt 0.4686384 -0.2166978
vt 0.4686384 -0.1826749
vt 0.4686384 -0.1486522
vt 0.4613784 -0.1146293
vt 0.4758984 -0.1826749
vt 0.4758984 -0.1486522
vt 0.4686384 -0.1146293
vt 0.4758984 -0.2166978
vt 0.4758984 -0.2507206
vt 0.4758984 -0.2847434
vt 0.4758984 -0.3187662
vt 0.4758984 -0.3527889
vt 0.4758984 -0.3868117
vt 0.4758984 -0.4208345
vt 0.4758984 -0.4548573
vt 0.4758984 -0.4888802
vt 0.4758984 -0.522903
vt 0.4758984 -0.5569257
vt 0.4758984 -0.5909485
vt 0.4686384 -0.5909485
vt 0.4686384 -0.6249713
vt 0.4686384 -0.6589941
vt 0.4686384 -0.6930169
vt 0.4686384 -0.7270397
vt 0.4686384 -0.7610625
vt 0.4613783 -0.7610625
vt 0.4686384 -0.7950853
vt 0.4758984 -0.6249713
vt 0.4758984 -0.6589941
vt 0.4758984 -0.6930169
vt 0.4758984 -0.7270397
vt 0.4758984 -0.7610625
vt 0.4758984 -0.7950853
vt 0.4758984 -0.8291081
vt 0.4686384 -0.8291081
vt 0.4613783 -0.7950853
vt 0.4541183 -0.7950853
vt 0.4541183 -0.8291081
vt 0.4541183 -0.8631308
vt 0.4613783 -0.8291081
vt 0.4613783 -0.8631308
vt 0.4613783 -0.8971536
vt 0.4613783 -0.9311764
vt 0.4613783 -0.9651992
vt 0.4541183 -0.9651992
vt 0.4541183 -0.999222
vt 0.4541183 -1.016233
vt 0.4613783 -0.999222
vt 0.4613783 -1.016233
vt 0.4686384 -0.8631308
vt 0.4686384 -0.9311764
vt 0.4686384 -0.9651992
vt 0.4686384 -0.999222
vt 0.4686384 -1.016233
vt 0.4758984 -0.8631308
vt 0.4758984 -0.8971536
vt 0.4686384 -0.8971536
vt 0.4758984 -0.9311764
vt 0.4758984 -0.9651992
vt 0.4758984 -0.999222
vt 0.4758984 -1.016233
vt 0.4831584 -0.8631308
vt 0.4831584 -0.8291081
vt 0.4831584 -0.7950853
vt 0.4831584 -0.7610625
vt 0.4831584 -0.7270397
vt 0.4831584 -0.6930169
vt 0.4831584 -0.6589941
vt 0.4831584 -0.6249713
vt 0.4831584 -0.5909485
vt 0.4831584 -0.5569257
vt 0.4831584 -0.522903
vt 0.4831584 -0.4888802
vt 0.4831584 -0.4548573
vt 0.4831584 -0.4208345
vt 0.4831584 -0.3868117
vt 0.4831584 -0.3527889
vt 0.4904185 -0.3868117
vt 0.4904185 -0.3527889
vt 0.4831584 -0.3187662
vt 0.4904185 -0.3187662
vt 0.4831584 -0.2847434
vt 0.4831584 -0.2507206
vt 0.4831584 -0.2166978
vt 0.4831584 -0.1826749
vt 0.4831584 -0.1486522
vt 0.4758984 -0.1146293
vt 0.4831584 -0.1146293
vt 0.4904185 -0.1826749
vt 0.4904185 -0.1486522
vt 0.4831584 -0.1146293
vt 0.4904185 -0.1146293
vt 0.4831584 -0.08060652
vt 0.4904185 -0.08060652
vt 0.4831584 -0.04658389
vt 0.4758984 -0.04658389
vt 0.4758984 -0.01256108
vt 0.4686384 -0.01256108
vt 0.4686384 0.00445056
vt 0.4613784 0.00445056
vt 0.4613784 -0.01256108
vt 0.4613784 -0.04658389
vt 0.4613784 -0.08060652
vt 0.4613784 -0.1146293
vt 0.4686384 -0.04658389
vt 0.4686384 -0.08060652
vt 0.4686384 -0.1146293
vt 0.4758984 0.00445056
vt 0.4758984 -0.08060652
vt 0.4758984 -0.1146293
vt 0.4831584 -0.1146293
vt 0.4758984 -0.1146293
vt 0.4686384 -0.1146293
vt 0.4831584 -0.01256108
vt 0.4831584 0.00445056
vt 0.4904185 -0.01256108
vt 0.4904185 0.00445056
vt 0.4904185 -0.04658389
vt 0.4976785 -0.01256108
vt 0.4976785 -0.04658389
vt 0.4976785 -0.08060652
vt 0.4976785 -0.1146293
vt 0.4976785 -0.1146293
vt 0.4976785 -0.1486522
vt 0.4976785 -0.1146293
vt 0.4976785 -0.1826749
vt 0.4904185 -0.2166978
vt 0.4904185 -0.2507206
vt 0.4904185 -0.2847434
vt 0.4976785 -0.2166978
vt 0.4976785 -0.2507206
vt 0.4976785 -0.2847434
vt 0.4976785 -0.3187662
vt 0.4976785 -0.3527889
vt 0.4976785 -0.3868117
vt 0.4904185 -0.4208345
vt 0.4904185 -0.4548573
vt 0.4904185 -0.4888802
vt 0.4904185 -0.522903
vt 0.4904185 -0.5569257
vt 0.4904185 -0.5909485
vt 0.4904185 -0.6249713
vt 0.4904185 -0.6589941
vt 0.4904185 -0.6930169
vt 0.4904185 -0.7270397
vt 0.4904185 -0.7610625
vt 0.4904185 -0.7950853
vt 0.4904185 -0.8291081
vt 0.4904185 -0.8631308
vt 0.4904185 -0.8971536
vt 0.4831584 -0.8971536
vt 0.4831584 -0.9311764
vt 0.4831584 -0.9651992
vt 0.4831584 -0.999222
vt 0.4831584 -1.016233
vt 0.4904185 -0.9311764
vt 0.4904185 -0.9651992
vt 0.4904185 -0.999222
vt 0.4904185 -1.016233
vt 0.4976785 -0.8971536
vt 0.4976785 -0.9311764
vt 0.4976785 -0.9651992
vt 0.4976785 -0.999222
vt 0.4976785 -0.8631308
vt 0.4976785 -0.8291081
vt 0.4976785 -0.7950853
vt 0.4976785 -0.7610625
vt 0.4976785 -0.7270397
vt 0.4976785 -0.6930169
vt 0.4976785 -0.6589941
vt 0.4976785 -0.6249713
vt 0.4976785 -0.5909485
vt 0.4976785 -0.5569257
vt 0.4976785 -0.522903
vt 0.4976785 -0.4888802
vt 0.4976785 -0.4548573
vt 0.4976785 -0.4208345
vt 0.06207639 -0.04658383
vt 0.06933642 -0.04658383
vt 0.06207639 -0.04658383
vt 0.06207639 -0.1146293
vt 0.06933641 -0.1146293
vt 0.06933641 -0.1486521
vt 0.06207638 -0.2847433
vt 0.06933641 -0.2847433
vt 0.06933641 -0.3187662
vt 0.06933641 -0.3187662
vt 0.08385649 -0.04658383
vt 0.09111654 -0.08060652
vt 0.09837657 -0.08060652
vt 0.1056366 -0.1146293
vt 0.1419368 -0.1146293
vt 0.2363173 -0.01256108
vt 0.2363173 0.00445056
vt 0.2363173 -0.04658383
vt 0.2363173 -0.08060652
vt 0.2435773 -0.01256108
vt 0.2435773 -0.04658383
vt 0.2435773 -0.08060652
vt 0.2508373 -0.08060652
vt 0.2363173 -0.08060652
vt 0.2435773 -0.08060652
vt 0.2435773 0.00445056
vt 0.2435773 -0.01256108
vt 0.2508373 -0.01256108
vt 0.2508373 -0.04658383
vt 0.2508373 -0.08060652
vt 0.2508373 0.00445056
vt 0.2508373 -0.01256108
vt 0.2508373 -0.01256108
vt 0.2580974 -0.01256108
vt 0.2508373 -0.04658383
vt 0.2435773 -0.01256108
vt 0.2580974 0.00445056
vt 0.2580974 -0.01256108
vt 0.2580974 -0.04658383
vt 0.2580974 -0.08060652
vt 0.2653574 -0.01256108
vt 0.2653574 -0.04658383
vt 0.2653574 0.00445056
vt 0.2580974 0.00445056
vt 0.2580974 -0.08060652
vt 0.2653574 -0.08060652
vt 0.2653574 -0.04658383
vt 0.2653574 -0.08060652
vt 0.2653574 -0.04658383
vt 0.2726174 -0.08060652
vt 0.2580974 -0.04658383
vt 0.2580974 -0.01256108
vt 0.2508373 -0.04658383
vt 0.2508373 -0.01256108
vt 0.2508373 -0.08060652
vt 0.2580974 -0.08060652
vt 0.2653574 -0.01256108
vt 0.2726174 -0.01256108
vt 0.2726174 -0.08060652
vt 0.2580974 -0.01256108
vt 0.2580974 0.00445056
vt 0.2653574 -0.01256108
vt 0.2653574 0.00445056
vt 0.2726174 -0.08060652
vt 0.2798774 -0.08060652
vt 0.2580974 -0.01256108
vt 0.2580974 -0.04658383
vt 0.2508373 -0.01256108
vt 0.2508373 -0.08060652
vt 0.2726174 0.00445056
vt 0.2726174 -0.01256108
vt 0.2653574 0.00445056
vt 0.2726174 -0.01256108
vt 0.2798774 -0.01256108
vt 0.2798774 0.00445056
vt 0.2798774 -0.01256108
vt 0.2871376 -0.01256108
vt 0.2871376 -0.04658383
vt 0.2798774 -0.01256108
vt 0.2726174 -0.01256108
vt 0.2726174 -0.08060652
vt 0.2871376 0.00445056
vt 0.2798774 0.00445056
vt 0.2943976 -0.01256108
vt 0.2943976 0.00445056
vt 0.2943976 -0.01256108
vt 0.3016576 -0.01256108
vt 0.3016576 0.00445056
vt 0.2943976 -0.01256108
vt 0.2943976 -0.01256108
vt 0.2871376 -0.01256108
vt 0.3016576 -0.01256108
vt 0.3016576 0.00445056
vt 0.3089176 -0.01256108
vt 0.3089176 -0.04658383
vt 0.3089176 0.00445056
vt 0.3089176 -0.01256108
vt 0.3016576 0.00445056
vt 0.3379578 -0.04658383
vt 0.4468583 -0.1486522
vt 0.4468583 -0.1146293
vt 0.4613783 -0.7610625
vt 0.4758984 -0.3187662
vt 0.4831584 -0.3527889
vt 0.4831584 -0.3527889
vt 0.4758984 -0.3187662
vt 0.01821624 -0.005795419
vt 0.01946662 -0.005934417
vt 0.01824095 -0.005790293
vt 0.01946662 -0.001167595
vt 0.02083808 -0.001676559
vt 0.01946662 -0.005934417
vt 0.02090232 -0.004751623
vt 0.01780604 -0.001573801
vt 0.01821624 -0.005795419
vt 0.01821624 -0.005795419
vt 0.01723522 -0.00246352
vt 0.01728958 -0.004746377
vt 0.01821624 -0.005795419
vt 0.01824095 -0.005790293
vt 0.02972415 -0.007764757
vt 0.03021343 -0.009317696
vt 0.03024308 -0.009148002
vt 0.03021343 -0.009317696
vt 0.03231633 -0.01074725
vt 0.02960553 -0.00401628
vt 0.03179245 -0.003255367
vt 0.02976368 -0.007965326
vt 0.03021343 -0.009317696
vt 0.03456009 -0.003476322
vt 0.03503207 -0.008916676
vt 0.03606993 -0.003790081
vt 0.03656662 -0.007667065
vt 0.03231633 -0.01074725
vt 0.0187846 -0.1900956
vt 0.02050695 -0.1899671
vt 0.01819153 -0.1901779
vt 0.01694363 -0.1908463
vt 0.01661744 -0.1919365
vt 0.02050695 -0.1899671
vt 0.01712402 -0.189931
vt 0.01819153 -0.1901779
vt 0.02327211 -0.1922502
vt 0.02218482 -0.1888203
vt 0.02364525 -0.1885993
vt 0.03814318 -0.002026379
vt 0.0406464 -0.001743615
vt 0.03860775 -0.01191443
vt 0.04608529 -0.01316398
vt 0.03860775 -0.01191443
vt 0.04498319 -0.001836061
vt 0.04206976 -0.01544696
vt 0.0463324 -0.01544696
vt 0.04840318 -0.01255715
vt 0.04754077 -0.001851559
vt 0.02632144 -0.002633154
vt 0.02651419 -0.007425547
vt 0.02393436 -0.002684474
vt 0.02781893 -0.006433129
vt 0.02754958 -0.002993107
vt 0.02655373 -0.008710861
vt 0.02257032 -0.003867149
vt 0.02261727 -0.007471621
vt 0.02415923 -0.009415388
vt 0.02261727 -0.007471621
vt 0.02655373 -0.008710861
vt 0.02657102 -0.008669734
vt 0.02415923 -0.009415388
vt 0.02778681 -0.007471621
vt 0.01187046 -0.1859665
vt 0.01206074 -0.1831179
vt 0.01227078 -0.1841308
vt 0.01199896 -0.1826088
vt 0.01062009 -0.1827425
vt 0.01210274 -0.1813695
vt 0.01328887 -0.1752146
vt 0.01258955 -0.1811382
vt 0.01336794 -0.1818736
vt 0.01328887 -0.1752146
vt 0.0138424 -0.1822951
vt 0.01496674 -0.1811639
vt 0.01381274 -0.1839046
vt 0.01328887 -0.1752146
vt 0.01328887 -0.1752146
vt 0.01062009 -0.1827425
vt 0.01301952 -0.1608837
vt 0.0153646 -0.1710136
vt 0.01496674 -0.1811639
vt 0.01328887 -0.1752146
vt 0.01076094 -0.1686997
vt 0.01301952 -0.1608837
vt 0.01328887 -0.1752146
vt 0.01092897 -0.1744844
vt 0.004037079 -0.1688077
vt 0.004528828 -0.1687717
vt 0.004000013 -0.1692138
vt 0.00460296 -0.1692396
vt 0.003901168 -0.1701086
vt 0.00300416 -0.1687562
vt 0.01415622 0.001403451
vt 0.01542884 0.00101769
vt 0.0143119 -0.002849102
vt 0.01269334 0.001300573
vt 0.01317026 -0.002658904
vt 0.01560429 -0.001645863
vt 0.0143119 -0.002849102
vt 0.01232761 -0.001445293
vt 0.01317026 -0.002658904
vt 0.01234491 -0.001388669
vt 0.002527237 -0.1671674
vt 0.002957207 -0.1670595
vt 0.00300416 -0.1687562
vt 0.004350908 -0.166427
vt 0.004019781 -0.1591972
vt 0.00424465 -0.1673371
vt 0.004751225 -0.1679026
vt 0.004350908 -0.166427
vt 0.008571544 -0.1761864
vt 0.009095415 -0.1752712
vt 0.009354878 -0.1773794
vt 0.008366441 -0.1743919
vt 0.008583897 -0.1729984
vt 0.008885373 -0.1750398
vt 0.007768434 -0.1740474
vt 0.006812121 -0.1742992
vt 0.006354969 -0.1740937
vt 0.00790929 -0.1598964
vt 0.007219853 -0.1753791
vt 0.007550981 -0.1761248
vt 0.00790929 -0.1598964
vt 0.01301952 -0.1608837
vt 0.01888097 -0.1473191
vt 0.01627643 -0.1647763
vt 0.02282484 -0.1674141
vt 0.0081391 -0.1407425
vt 0.02056625 -0.173929
vt 0.0197928 -0.134567
vt 0.02725058 -0.1863779
vt 0.02846142 -0.185874
vt 0.02231579 -0.144923
vt 0.01717097 -0.128885
vt 0.02458426 -0.1857814
vt 0.02576792 -0.1895711
vt 0.02685273 -0.1905994
vt 0.02445329 -0.1884038
vt 0.02346732 -0.1878074
vt 0.01622207 -0.171281
vt 0.02199455 -0.1731526
vt 0.03102147 -0.1720009
vt 0.03108077 -0.1840948
vt 0.02806851 -0.1960912
vt 0.02806851 -0.1960912
vt 0.02673659 -0.1955461
vt 0.02564436 -0.1959369
vt 0.02806851 -0.1960912
vt 0.02120627 -0.1757597
vt 0.02109507 -0.1757134
vt 0.007491672 -0.1742376
vt 0.008583897 -0.1729984
vt 0.007768434 -0.1740474
vt 0.007852453 -0.1775131
vt 0.008593783 -0.1779295
vt 0.006354969 -0.1740937
vt 0.007326111 -0.1769423
vt 0.006354969 -0.1740937
vt 0.01625666 -0.187504
vt 0.0164247 -0.1886044
vt 0.01592306 -0.1871337
vt 0.01651118 -0.1862031
vt 0.01699305 -0.1833133
vt 0.01750704 -0.18663
vt 0.01855725 -0.1876274
vt 0.01966183 -0.1808143
vt 0.01966183 -0.1808143
vt 0.01918244 -0.1881725
vt 0.01904406 -0.1898745
vt 0.02050695 -0.1899671
vt 0.01966183 -0.1808143
vt 0.01694363 -0.1908463
vt 0.01661744 -0.1919365
vt 0.01550792 -0.1872418
vt 0.01966183 -0.1808143
vt 0.02056625 -0.173929
vt 0.02056625 -0.173929
vt 0.01627643 -0.1647763
vt 0.01966183 -0.1808143
vt 0.02398379 -0.1947336
vt 0.02564436 -0.1959369
vt 0.02806851 -0.1960912
vt 0.02298299 -0.1927797
vt 0.02398379 -0.1947336
vt 0.02115932 -0.1940704
vt 0.02806851 -0.1960912
vt 0.02115932 -0.1940704
vt 0.02278036 -0.1920546
vt 0.02218482 -0.1888203
vt 0.02846142 -0.185874
vt 0.02689474 -0.1949599
vt 0.02688238 -0.191268
vt 0.01296021 -0.1855346
vt 0.01451206 -0.1843983
vt 0.01208545 -0.1850153
vt 0.01368672 -0.1845526
vt 0.01451206 -0.1843983
vt 0.01307388 -0.1846657
vt 0.004832773 -0.1690082
vt 0.004943971 -0.16799
vt 0.005702599 -0.1691779
vt 0.0182425 -0.4808446
vt 0.01816342 -0.4782634
vt 0.01823755 -0.4808961
vt 0.01873424 -0.4828398
vt 0.01817083 -0.4782891
vt 0.01874166 -0.4752914
vt 0.02046401 -0.4782891
vt 0.02021938 -0.4754301
vt 0.01823755 -0.4808961
vt 0.02026632 -0.4817548
vt 0.01873424 -0.4828398
vt 0.01719476 -0.456816
vt 0.01662889 -0.4558184
vt 0.01654734 -0.4558802
vt 0.01590732 -0.4514271
vt 0.01719476 -0.456816
vt 0.01673267 -0.4518386
vt 0.01909504 -0.457145
vt 0.01946076 -0.4525841
vt 0.01585791 -0.451494
vt 0.01654734 -0.4558802
vt 0.01674008 -0.4458275
vt 0.0193545 -0.44682
vt 0.01734055 -0.4426292
vt 0.01920377 -0.4436679
vt 0.04084656 -0.3232841
vt 0.04159778 -0.3228573
vt 0.04070324 -0.3243434
vt 0.04257386 -0.3221941
vt 0.04070324 -0.3243434
vt 0.0406044 -0.320852
vt 0.04070324 -0.3243434
vt 0.0396036 -0.3191397
vt 0.04123206 -0.3203069
vt 0.04070324 -0.3243434
vt 0.0396036 -0.3191397
vt 0.04228228 -0.3193094
vt 0.04328059 -0.3188825
vt 0.04422455 -0.3175764
vt 0.04353512 -0.3201835
vt 0.04422455 -0.3175764
vt 0.04422455 -0.3175764
vt 0.04336709 -0.3212838
vt 0.04442966 -0.3036931
vt 0.040125 -0.3134937
vt 0.0396036 -0.3191397
vt 0.04351782 -0.2974557
vt 0.03935402 -0.3019498
vt 0.0422205 -0.2728563
vt 0.03416224 -0.3084339
vt 0.05214443 -0.2793559
vt 0.04566026 -0.2640584
vt 0.05097806 -0.2642435
vt 0.04883068 -0.2990087
vt 0.04651032 -0.3078941
vt 0.05208759 -0.3009318
vt 0.05122518 -0.3056778
vt 0.04586784 -0.2536252
vt 0.04907037 -0.2376953
vt 0.05504797 -0.2321058
vt 0.04261834 -0.2615644
vt 0.0394331 -0.2610348
vt 0.03746363 -0.2776076
vt 0.03416224 -0.3084339
vt 0.05092123 -0.3077193
vt 0.05144263 -0.3070713
vt 0.05204311 -0.3067268
vt 0.04720965 -0.3138227
vt 0.04791143 -0.3138434
vt 0.04642877 -0.314553
vt 0.04562567 -0.3137199
vt 0.04774093 -0.3157973
vt 0.04918404 -0.315422
vt 0.04651032 -0.3078941
vt 0.04883068 -0.2990087
vt 0.04918404 -0.315422
vt 0.04739745 -0.3164144
vt 0.04595432 -0.3149746
vt 0.04562567 -0.3137199
vt 0.03687057 -0.3248473
vt 0.0361317 -0.3212787
vt 0.03749081 -0.3194687
vt 0.03532118 -0.3210884
vt 0.03251896 -0.3190626
vt 0.01529943 -0.4383717
vt 0.01462236 -0.4313732
vt 0.02005135 -0.4393487
vt 0.0201848 -0.4341244
vt 0.02014279 -0.4250794
vt 0.0201848 -0.4341244
vt 0.01443207 -0.4179115
vt 0.01360179 -0.4222668
vt 0.01529943 -0.4383717
vt 0.01359932 -0.4311575
vt 0.01359932 -0.4311575
vt 0.01360179 -0.4222668
vt 0.02013537 -0.4197472
vt 0.01499055 -0.4179476
vt 0.01973504 -0.4689717
vt 0.01745422 -0.4635932
vt 0.01975976 -0.4639943
vt 0.01743444 -0.4717175
vt 0.01916422 -0.4718152
vt 0.01958679 -0.4614335
vt 0.01793362 -0.4608731
vt 0.01650037 -0.4685038
vt 0.01683645 -0.4635058
vt 0.01654238 -0.4683753
vt 0.01685623 -0.4634749
vt 0.01740481 -0.4608628
vt 0.05581895 -0.3018985
vt 0.05521353 -0.3019242
vt 0.05578188 -0.3014871
vt 0.05642189 -0.3021813
vt 0.05525554 -0.302932
vt 0.0565331 -0.3008084
vt 0.05642189 -0.3021813
vt 0.0572942 -0.2998468
vt 0.05734608 -0.3019807
vt 0.0196535 -0.489036
vt 0.0202342 -0.4863415
vt 0.02169708 -0.4893649
vt 0.01974739 -0.4914167
vt 0.02165015 -0.4924141
vt 0.02151423 -0.4867066
vt 0.0202342 -0.4863415
vt 0.02035776 -0.4931443
vt 0.01977704 -0.4913343
vt 0.0203281 -0.4931753
vt 0.0572942 -0.2998468
vt 0.0568148 -0.3014356
vt 0.05686422 -0.2997388
vt 0.05557184 -0.3000165
vt 0.05546558 -0.2991064
vt 0.05506526 -0.3005821
vt 0.05546558 -0.2991064
vt 0.05498619 -0.3016877
vt 0.0543264 -0.3005872
vt 0.05546558 -0.2991064
vt 0.05546558 -0.2991064
vt 0.0572942 -0.2998468
vt 0.05579919 -0.2918767
vt 0.05202087 -0.2901078
vt 0.053805 -0.2918715
vt 0.05539392 -0.2984636
vt 0.053805 -0.2918715
vt 0.053805 -0.2918715
vt 0.05579919 -0.2918767
vt 0.05123753 -0.3088658
vt 0.05045172 -0.3100588
vt 0.05088664 -0.3077912
vt 0.05345905 -0.3067731
vt 0.05248544 -0.3096218
vt 0.0525917 -0.3080637
vt 0.05231988 -0.3069171
vt 0.05204311 -0.3067268
vt 0.05203323 -0.3110616
vt 0.05127707 -0.3114523
vt 0.0519591 -0.3101977
vt 0.05248544 -0.3096218
vt 0.04284815 -0.3235257
vt 0.04366114 -0.3220655
vt 0.04065134 -0.3252175
vt 0.03412764 -0.3286164
vt 0.03579316 -0.3274183
vt 0.03310708 -0.3303491
vt 0.03579316 -0.3274183
vt 0.03679396 -0.3254592
vt 0.03862257 -0.3267498
vt 0.03749081 -0.3194687
vt 0.03862257 -0.3267498
vt 0.03310708 -0.3303491
vt 0.03579316 -0.3274183
vt 0.03130564 -0.3185535
vt 0.03288963 -0.3239526
vt 0.03287727 -0.3276395
vt 0.03303295 -0.3282256
vt 0.03412764 -0.3286164
vt 0.03310708 -0.3303491
vt 0.03400409 -0.3222506
vt 0.0329168 -0.323279
vt 0.03251896 -0.3190626
vt 0.03532118 -0.3210884
vt 0.03416224 -0.3084339
vt 0.03749081 -0.3194687
vt 0.03532118 -0.3210884
vt 0.03749081 -0.3194687
vt 0.03630962 -0.3204868
vt 0.04591478 -0.3150415
vt 0.04578135 -0.3167743
vt 0.04562567 -0.3137199
vt 0.04771622 -0.3176999
vt 0.04918404 -0.315422
vt 0.04684144 -0.3182141
vt 0.04611 -0.317232
vt 0.04684144 -0.3182141
vt 0.04528466 -0.3170777
vt 0.004350908 -0.166427
vt 0.005702599 -0.1691779
vt 0.004943971 -0.16799
vt 0.00442257 -0.1657841
vt 0.00714819 -0.1597474
vt 0.0081391 -0.1407425
vt 0.006009015 -0.1591921
vt 0.006009015 -0.1591921
vt 0.00442257 -0.1657841
vt 0.008583897 -0.1729984
vt 0.0106448 -0.1732349
vt 0.009095415 -0.1752712
vt 0.009354878 -0.1773794
vt 0.01076094 -0.1686997
vt 0.01301952 -0.1608837
vt 0.00910283 -0.2502161
vt 0.01956299 -0.2578005
vt 0.01146025 -0.289064
vt 0.00910283 -0.2502161
vt 0.01377815 -0.2342861
vt 0.007145721 -0.2328618
vt 0.02330917 -0.2560882
vt 0.02005227 -0.2379317
vt 0.01813469 -0.2890795
vt 0.01146025 -0.289064
vt 0.008102035 -0.3122956
vt 0.02576297 -0.2652513
vt 0.009945475 -0.3178952
vt 0.02040811 -0.3137199
vt 0.00689614 -0.2497739
vt 0.02005227 -0.2379317
vt 0.02238004 -0.2429813
vt 0.0237861 -0.29037
vt 0.02576297 -0.2652513
vt 0.02040811 -0.3137199
vt 0.006834362 -0.2784097
vt 0.005495027 -0.3049683
vt 0.01488026 -0.3298454
vt 0.009945475 -0.3178952
vt 0.0237861 -0.29037
vt 0.02403568 -0.3089277
vt 0.02403568 -0.3089277
vt 0.02516991 -0.2914961
vt 0.0237861 -0.29037
vt 0.02576297 -0.2652513
vt 0.02734201 -0.2566332
vt 0.02576297 -0.2652513
vt 0.02739884 -0.2396132
vt 0.02734201 -0.2566332
vt 0.02739884 -0.2396132
vt 0.02519463 -0.2487763
vt 0.02238004 -0.2429813
vt 0.02336107 -0.2386671
vt 0.02519463 -0.2487763
vt 0.02576297 -0.2652513
vt 0.0226741 -0.2331086
vt 0.01946662 -0.2315248
vt 0.01605403 -0.2321213
vt 0.01377815 -0.2342861
vt 0.02739884 -0.2396132
vt 0.02611635 -0.2396492
vt 0.04804982 -0.09774494
vt 0.04886281 -0.08316219
vt 0.05256945 -0.1001772
vt 0.05249532 -0.1055865
vt 0.05382724 -0.1009021
vt 0.04595185 -0.1016015
vt 0.0489913 -0.09860361
vt 0.05256945 -0.1001772
vt 0.03736725 -0.1103019
vt 0.03606746 -0.1179017
vt 0.04595185 -0.1016015
vt 0.05061729 -0.1175367
vt 0.05061729 -0.1175367
vt 0.04017936 -0.125121
vt 0.05281904 -0.1170892
vt 0.05382724 -0.1009021
vt 0.03644059 -0.1234088
vt 0.03456009 -0.1160969
vt 0.03456009 -0.1160969
vt 0.03458974 -0.1405573
vt 0.03458974 -0.1405573
vt 0.0390822 -0.1563589
vt 0.0345848 -0.1588166
vt 0.03933425 -0.1810405
vt 0.04160519 -0.1563999
vt 0.04017936 -0.125121
vt 0.04928289 -0.1400483
vt 0.05281904 -0.1170892
vt 0.0525917 -0.1410922
vt 0.04659928 -0.1561377
vt 0.0516156 -0.1796163
vt 0.05416578 -0.1557726
vt 0.0516156 -0.1796163
vt 0.03933425 -0.1810405
vt 0.04508944 -0.1937053
vt 0.04853415 -0.189278
vt 0.0516156 -0.1796163
vt 0.0525917 -0.1410922
vt 0.05061729 -0.1175367
vt 0.04017936 -0.125121
vt 0.02846142 -0.185874
vt 0.02648948 -0.1558601
vt 0.03102147 -0.1720009
vt 0.03011952 -0.1600302
vt 0.03102147 -0.1720009
vt 0.02759653 -0.1296974
vt 0.03000832 -0.119146
vt 0.02388 -0.1205035
vt 0.02736177 -0.09723592
vt 0.03059644 -0.107417
vt 0.02241464 -0.103031
vt 0.02215517 -0.1163745
vt 0.01951604 -0.09535897
vt 0.02304477 -0.08350664
vt 0.01768248 -0.09404272
vt 0.01935542 -0.07990724
vt 0.01474187 -0.08456087
vt 0.01275017 -0.07340258
vt 0.008645677 -0.08696735
vt 0.01073376 -0.1050158
vt 0.01660755 -0.09440786
vt 0.02467075 -0.07503778
vt 0.01686455 -0.07148474
vt 0.01034085 -0.1114844
vt 0.008828537 -0.131564
vt 0.01393136 -0.1209406
vt 0.004079088 -0.1169658
vt 0.004019781 -0.1351788
vt 0.006009015 -0.1591921
vt 0.01413646 -0.1313738
vt 0.01717097 -0.128885
vt 0.01393136 -0.1209406
vt 0.01432179 -0.09788895
vt 0.01297504 -0.10354
vt 0.02035127 -0.1283554
vt 0.02231579 -0.144923
vt 0.02759653 -0.1296974
vt 0.02231579 -0.144923
vt 0.02759653 -0.1296974
vt 0.03552381 -0.1001823
vt 0.03796526 -0.09667021
vt 0.03869177 -0.1007221
vt 0.03719922 -0.1018637
vt 0.03552381 -0.1001823
vt 0.0386201 -0.09680915
vt 0.03869177 -0.1007221
vt 0.02611635 -0.2396492
vt 0.02336107 -0.2386671
vt 0.02500682 -0.235911
vt 0.02611635 -0.2396492
vt 0.02549857 -0.2478302
vt 0.04528466 -0.3170777
vt 0.04684144 -0.3182141
vt 0.04918404 -0.315422
vt 0.04278885 -0.09270066
vt 0.04087869 -0.09844434
vt 0.04164226 -0.09038162
vt 0.04022631 -0.09176993
vt 0.04244042 -0.0905565
vt 0.04060687 -0.1009124
vt 0.04278885 -0.09270066
vt 0.04291734 -0.09806383
vt 0.04060687 -0.1009124
vt 0.0432114 -0.08998573
vt 0.04662647 -0.0982129
vt 0.0454947 -0.08541954
vt 0.03736725 -0.1103019
vt 0.03869177 -0.1007221
vt 0.03869177 -0.1007221
vt 0.03719922 -0.1018637
vt 0.03425615 -0.1151507
vt 0.03468858 -0.1060905
vt 0.0432114 -0.08998573
vt 0.04342145 -0.08560979
vt 0.01062009 -0.1827425
vt 0.01206074 -0.1831179
vt 0.01187046 -0.1859665
vt 0.01117855 -0.1721757
vt 0.01076094 -0.1686997
vt 0.01092897 -0.1744844
vt 0.0528734 -0.08558923
vt 0.05256945 -0.1001772
vt 0.04886281 -0.08316219
vt 0.05387667 -0.09998685
vt 0.05484039 -0.09038681
vt 0.0528734 -0.08558923
vt 0.05249532 -0.07975316
vt 0.04886281 -0.08316219
vt 0.02218482 -0.1888203
vt 0.02216753 -0.1733738
vt 0.02458426 -0.1857814
vt 0.0209468 -0.1733018
vt 0.02109507 -0.1757134
vt 0.02216753 -0.1733738
vt 0.02346732 -0.1878074
vt 0.02218482 -0.1888203
vt 0.02458426 -0.1857814
vt 0.01086225 -0.2158417
vt 0.01181857 -0.2264497
vt 0.009537743 -0.2228554
vt 0.01060279 -0.2304193
vt 0.009537743 -0.2228554
vt 0.01946662 -0.2315248
vt 0.01779121 -0.2249277
vt 0.01965936 -0.2238838
vt 0.01946662 -0.2315248
vt 0.0168176 -0.2307483
vt 0.0177665 -0.2220069
vt 0.01965936 -0.2238838
vt 0.04442966 -0.3036931
vt 0.04562567 -0.3137199
vt 0.04421961 -0.3071176
vt 0.04444695 -0.3137354
vt 0.01030182 -0.3542149
vt 0.006899125 -0.380974
vt 0.008305185 -0.3488415
vt 0.01121366 -0.3436378
vt 0.00952343 -0.3812157
vt 0.01221941 -0.3564312
vt 0.01187839 -0.3822749
vt 0.01587416 -0.3546983
vt 0.01495985 -0.3829228
vt 0.01449033 -0.3454272
vt 0.01188086 -0.344116
vt 0.009449298 -0.3430619
vt 0.0106206 -0.3382078
vt 0.009513547 -0.3380228
vt 0.008023468 -0.3406348
vt 0.01829089 -0.3822081
vt 0.01751496 -0.3533613
vt 0.02302551 -0.3820178
vt 0.01669703 -0.341725
vt 0.01854048 -0.3409743
vt 0.01569624 -0.3416478
vt 0.01587416 -0.3546983
vt 0.01915577 -0.347916
vt 0.02302551 -0.3820178
vt 0.02062361 -0.339154
vt 0.02303293 -0.3496951
vt 0.02253623 -0.3660415
vt 0.01587416 -0.3546983
vt 0.009059418 -0.02209491
vt 0.01218041 -0.04858667
vt 0.009096485 -0.05023724
vt 0.01222736 -0.06292772
vt 0.01008492 -0.06047499
vt 0.01329982 -0.06335968
vt 0.01384841 -0.04848379
vt 0.01167631 -0.02148312
vt 0.009059418 -0.02209491
vt 0.01611193 -0.04830384
vt 0.01641835 -0.05444854
vt 0.0199619 -0.06578672
vt 0.01624784 -0.03130943
vt 0.01406833 -0.02123106
vt 0.01816047 -0.02103579
vt 0.01008492 -0.06047499
vt 0.007129493 -0.06141084
vt 0.005888995 -0.05014473
vt 0.006907094 -0.04619038
vt 0.004759708 -0.02230585
vt 0.002209533 -0.02144194
vt 0.004648504 -0.0574618
vt 0.009059418 -0.02209491
vt 0.007129493 -0.06141084
vt 0.03485662 -0.2416033
vt 0.03762425 -0.2490539
vt 0.03436981 -0.2590603
vt 0.03729065 -0.2524632
vt 0.03703119 -0.2645211
vt 0.03187153 -0.2675396
vt 0.031318 -0.2344969
vt 0.03187153 -0.2675396
vt 0.03328006 -0.2885395
vt 0.03130564 -0.3185535
vt 0.03416224 -0.3084339
vt 0.0394331 -0.2610348
vt 0.03328006 -0.2885395
vt 0.03130564 -0.3185535
vt 0.02874065 -0.3046803
vt 0.03673466 -0.2161862
vt 0.03249919 -0.2189783
vt 0.04026832 -0.2280385
vt 0.031318 -0.2344969
vt 0.0421093 -0.2267222
vt 0.04043142 -0.2125868
vt 0.04505484 -0.2172403
vt 0.04292722 -0.2041642
vt 0.03510373 -0.2077172
vt 0.04292722 -0.2041642
vt 0.04318422 -0.2270873
vt 0.04907037 -0.2376953
vt 0.0532416 -0.2192252
vt 0.04292722 -0.2041642
vt 0.04907037 -0.2376953
vt 0.04613471 -0.2345997
vt 0.05496693 -0.3540813
vt 0.05771727 -0.3810563
vt 0.05269846 -0.3491963
vt 0.05362266 -0.3812157
vt 0.05092669 -0.3564312
vt 0.0512677 -0.3822749
vt 0.04549522 -0.365589
vt 0.05257739 -0.340928
vt 0.05126524 -0.344116
vt 0.05185089 -0.3384753
vt 0.04675794 -0.382892
vt 0.04867306 -0.3472372
vt 0.04723486 -0.3522301
vt 0.04549522 -0.365589
vt 0.04744985 -0.3416478
vt 0.05185089 -0.3384753
vt 0.04644907 -0.341725
vt 0.04549522 -0.365589
vt 0.04415093 -0.3531916
vt 0.04012058 -0.3820178
vt 0.04460563 -0.3409743
vt 0.04016506 -0.3518547
vt 0.05062329 -0.02244973
vt 0.04849567 -0.05020124
vt 0.04549329 -0.03722799
vt 0.05304003 -0.02186871
vt 0.04512757 -0.05022693
vt 0.04438624 -0.06292772
vt 0.0435263 -0.03685254
vt 0.04146047 -0.02108717
vt 0.04755171 -0.02209491
vt 0.03921918 -0.04827303
vt 0.03845313 -0.02103579
vt 0.03875955 -0.03637433
vt 0.04364739 -0.04857635
vt 0.04019525 -0.05444854
vt 0.04223391 -0.05802232
vt 0.04438624 -0.06292772
vt 0.03696553 -0.05954945
vt 0.03827768 -0.06523138
vt 0.05072461 -0.05014473
vt 0.04849567 -0.05020124
vt 0.0519651 -0.0574618
vt 0.04946188 -0.0642646
vt 0.04652869 -0.06047499
vt 0.04849567 -0.05020124
vt 0.005477729 -0.2183407
vt 0.009537743 -0.2228554
vt 0.00583851 -0.2326714
vt 0.009537743 -0.2228554
vt 0.006829419 -0.2131215
vt 0.00689614 -0.2497739
vt 0.004523884 -0.2341216
vt 0.009060821 -0.2731649
vt 0.006834362 -0.2784097
vt 0.00910283 -0.2502161
vt 0.04662647 -0.0982129
vt 0.04595185 -0.1016015
vt 0.04291734 -0.09806383
vt 0.04060687 -0.1009124
vt 0.0489913 -0.09860361
vt 0.007145721 -0.2328618
vt 0.01073128 -0.2312832
vt 0.01377815 -0.2342861
vt 0.0396036 -0.3191397
vt 0.04422455 -0.3175764
vt 0.04228228 -0.3193094
vt 0.008102035 -0.3122956
vt 0.005495027 -0.3049683
vt 0.01146025 -0.289064
vt 0.009537743 -0.2228554
vt 0.006829419 -0.2131215
vt 0.01086225 -0.2158417
vt 0.05071119 -0.3079506
vt 0.04915934 -0.3059195
vt 0.05122518 -0.3056778
vt 0.05045172 -0.3100588
vt 0.04883068 -0.2990087
vt 0.05345905 -0.3067731
vt 0.05204311 -0.3067268
vt 0.05122518 -0.3056778
vt 0.05208759 -0.3009318
vt 0.04883068 -0.2990087
vt 0.04915934 -0.3059195
vt 0.04918404 -0.315422
vt 0.04586784 -0.2536252
vt 0.04762478 -0.2430224
vt 0.04907037 -0.2376953
vt 0.02150527 -0.1194391
vt 0.02215517 -0.1163745
vt 0.02388 -0.1205035
vt 0.04422455 -0.3175764
vt 0.04065134 -0.3252175
vt 0.04366114 -0.3220655
vt 0.0138844 -0.2175488
vt 0.01377815 -0.2342861
vt 0.01262415 -0.221251
vt 0.01243882 -0.2301263
vt 0.01332099 -0.2153789
vt 0.02178204 -0.2293498
vt 0.0226741 -0.2331086
vt 0.02112473 -0.2294886
vt 0.03241517 -0.1239538
vt 0.03236081 -0.1069338
vt 0.03306754 -0.1415292
vt 0.03236081 -0.1069338
vt 0.0345848 -0.1588166
vt 0.03710779 -0.1848404
vt 0.03933425 -0.1810405
vt 0.04508944 -0.1937053
vt 0.00790929 -0.1598964
vt 0.006354969 -0.1740937
vt 0.007338464 -0.1634292
vt 0.05579919 -0.2918767
vt 0.0542325 -0.2599294
vt 0.05214443 -0.2793559
vt 0.05504797 -0.2321058
vt 0.03456009 -0.1160969
vt 0.03458974 -0.1405573
vt 0.03236081 -0.1069338
vt 0.03468858 -0.1060905
vt 0.03474789 -0.1032264
vt 0.03561771 -0.1054632
vt 0.03318616 -0.1065893
vt 0.03474789 -0.1032264
vt 0.01681513 -0.2206135
vt 0.01597495 -0.2308306
vt 0.0138844 -0.2175488
vt 0.04368092 -0.3085985
vt 0.04422455 -0.3175764
vt 0.04442966 -0.3036931
vt 0.03251896 -0.3190626
vt 0.03288963 -0.3239526
vt 0.03130564 -0.3185535
vt 0.03416224 -0.3084339
vt 0.02982546 -0.3216026
vt 0.03310708 -0.3303491
vt 0.03123398 -0.3304109
vt 0.02874065 -0.3046803
vt 0.040125 -0.3134937
vt 0.0396036 -0.3191397
vt 0.03882274 -0.3086653
vt 0.03814071 -0.3053539
vt 0.040125 -0.3134937
vt 0.05162302 -0.1957467
vt 0.0516156 -0.1796163
vt 0.05482804 -0.1803257
vt 0.04853415 -0.189278
vt 0.0432114 -0.08998573
vt 0.04291734 -0.09806383
vt 0.04271966 -0.09207839
vt 0.04271966 -0.09207839
vt 0.04221061 -0.0874095
vt 0.02264198 -0.3175199
vt 0.01488026 -0.3298454
vt 0.02040811 -0.3137199
vt 0.0296426 -0.2927148
vt 0.02947209 -0.2667477
vt 0.03328006 -0.2885395
vt 0.0296426 -0.2927148
vt 0.004019781 -0.1591972
vt 0.004019781 -0.1351788
vt 0.006009015 -0.1591921
vt 0.006009015 -0.1591921
vt 0.00442257 -0.1657841
vt 0.02095916 -0.1759807
vt 0.02097646 -0.1808914
vt 0.02056625 -0.173929
vt 0.02218482 -0.1888203
vt 0.02127546 -0.176603
vt 0.02216753 -0.1733738
vt 0.02115932 -0.1940704
vt 0.01092897 -0.1744844
vt 0.01328887 -0.1752146
vt 0.01062009 -0.1827425
vt 0.04562567 -0.3137199
vt 0.04651032 -0.3078941
vt 0.03223231 -0.3280096
vt 0.03310708 -0.3303491
vt 0.03130564 -0.3185535
vt 0.05247308 -0.2961085
vt 0.05345905 -0.3067731
vt 0.05202087 -0.2901078
vt 0.05208759 -0.3009318
vt 0.05214443 -0.2793559
vt 0.01622207 -0.171281
vt 0.015886 -0.1830972
vt 0.01611334 -0.175919
vt 0.01432179 -0.09788895
vt 0.01073376 -0.1050158
vt 0.01660755 -0.09440786
vt 0.04060687 -0.1009124
vt 0.03736725 -0.1103019
vt 0.03736725 -0.1103019
vt 0.03456009 -0.1160969
vt 0.03621572 -0.1029796
vt 0.03719922 -0.1018637
vt 0.0138844 -0.2175488
vt 0.01597495 -0.2308306
vt 0.01377815 -0.2342861
vt 0.03749081 -0.3194687
vt 0.03814071 -0.3053539
vt 0.03416224 -0.3084339
vt 0.03749081 -0.3194687
vt 0.03814071 -0.3053539
vt 0.03854597 -0.3106399
vt 0.0153646 -0.1710136
vt 0.01557464 -0.1744381
vt 0.01496674 -0.1811639
vt 0.02846142 -0.185874
vt 0.02685273 -0.1905994
vt 0.009537743 -0.2228554
vt 0.01060279 -0.2304193
vt 0.007145721 -0.2328618
vt 0.05202087 -0.2901078
vt 0.05214443 -0.2793559
vt 0.05579919 -0.2918767
vt 0.05202087 -0.2901078
vt 0.05579919 -0.2918767
vt 0.053805 -0.2918715
vt 0.02005227 -0.2379317
vt 0.01970137 -0.2346409
vt 0.02112473 -0.2294886
vt 0.02112473 -0.2294886
vt 0.0226741 -0.2331086
vt 0.02005227 -0.2379317
vt 0.01959264 -0.2347643
vt 0.0198101 -0.2373661
vt 0.01946662 -0.2315248
vt 0.04887516 -0.3071638
vt 0.04918404 -0.315422
vt 0.04915934 -0.3059195
vt 0.03236081 -0.1069338
vt 0.03318616 -0.1065893
vt 0.003901168 -0.1701086
vt 0.001949 -0.1673781
vt 0.00300416 -0.1687562
vt 0.009945475 -0.3178952
vt 0.00809462 -0.3284312
vt 0.008102035 -0.3122956
vt 0.0177665 -0.2220069
vt 0.01779121 -0.2249277
vt 0.0168176 -0.2307483
vt 0.04060687 -0.1009124
vt 0.03869177 -0.1007221
vt 0.04004345 -0.1019564
vt 0.03697683 -0.1106875
vt 0.03468858 -0.1060905
vt 0.03561771 -0.1054632
vt 0.005702599 -0.1691779
vt 0.00790929 -0.1598964
vt 0.007219853 -0.1632903
vt 0.02176968 -0.1263603
vt 0.02388 -0.1205035
vt 0.02035127 -0.1283554
vt 0.01332099 -0.2153789
vt 0.01681513 -0.2206135
vt 0.01435144 -0.2173843
vt 0.0175268 -0.220089
vt 0.01332099 -0.2153789
vt 0.04168674 -0.195145
vt 0.03710779 -0.1848404
vt 0.04508944 -0.1937053
vt 0.01691645 -0.2254367
vt 0.01661991 -0.2306763
vt 0.01681513 -0.2206135
vt 0.01597495 -0.2308306
vt 0.01661991 -0.2306763
vt 0.04677473 -0.08517265
vt 0.04584559 -0.08486933
vt 0.04342145 -0.08560979
vt 0.02050695 -0.1899671
vt 0.02056625 -0.173929
vt 0.02097646 -0.1808914
vt 0.01187046 -0.1859665
vt 0.01208545 -0.1850153
vt 0.01451206 -0.1843983
vt 0.04060687 -0.1009124
vt 0.03867447 -0.09240234
vt 0.04022631 -0.09176993
vt 0.04190666 -0.08998054
vt 0.04022631 -0.09176993
vt 0.03867447 -0.09240234
vt 0.02350439 -0.2411763
vt 0.02336107 -0.2386671
vt 0.02277295 -0.243367
vt 0.01377815 -0.2342861
vt 0.01073128 -0.2312832
vt 0.01238445 -0.2303165
vt 0.03868929 -0.3083929
vt 0.03857562 -0.3084391
vt 0.03814071 -0.3053539
vt 0.05208759 -0.3009318
vt 0.05202087 -0.2901078
vt 0.05345905 -0.3067731
vt 0.01627643 -0.1647763
vt 0.01622207 -0.171281
vt 0.01592306 -0.1871337
vt 0.015886 -0.1830972
vt 0.015886 -0.1830972
vt 0.01622207 -0.171281
vt 0.02658091 -0.1993615
vt 0.02115932 -0.1940704
vt 0.02806851 -0.1960912
vt 0.05249532 -0.07975316
vt 0.0535406 -0.07862186
vt 0.05484039 -0.09038681
vt 0.05249532 -0.07975316
vt 0.0528734 -0.08558923
vt 0.01965936 -0.2238838
vt 0.02107036 -0.225082
vt 0.01946662 -0.2315248
vt 0.01965936 -0.2238838
vt 0.0177665 -0.2220069
vt 0.02107036 -0.225082
vt 0.05248544 -0.3096218
vt 0.05345905 -0.3067731
vt 0.05203323 -0.3110616
vt 0.0226741 -0.2331086
vt 0.02353652 -0.235659
vt 0.04851297 -0.06379682
vt 0.04652869 -0.06047499
vt 0.04946188 -0.0642646
vt 0.01661991 -0.2306763
vt 0.01946662 -0.2315248
vt 0.01605403 -0.2321213
vt 0.03425615 -0.1151507
vt 0.03318616 -0.1065893
vt 0.03468858 -0.1060905
vt 0.04342145 -0.08560979
vt 0.0432114 -0.08998573
vt 0.04221061 -0.0874095
vt 0.04442966 -0.3036931
vt 0.04351782 -0.2974557
vt 0.04562567 -0.3137199
vt 0.008351616 -0.2101494
vt 0.01086225 -0.2158417
vt 0.006829419 -0.2131215
vt 0.0386201 -0.09680915
vt 0.04004345 -0.1019564
vt 0.03869177 -0.1007221
vt 0.5300774 -0.7953802
vt 0.7262839 -0.7953802
vt 0.5300774 -0.8236896
vt 0.7262839 -0.8236896
vt 0.5300774 -0.7954032
vt 0.7262839 -0.7954032
vt 0.5300774 -0.8237126
vt 0.7262839 -0.8237126
vt 1 -0.06006223
vt 0.503526 -0.06006223
vt 1 -0.001999974
vt 0.503526 -0.001999974
vt 0.503526 -0.06006223
vt 0.5062347 -0.06481737
vt 0.503526 -0.5355725
vt 0.5062347 -0.5308174
vt 0.5121855 -0.5217036
vt 0.5121855 -0.0759123
vt 0.9913792 -0.0759123
vt 0.9972128 -0.06481737
vt 1 -0.06006223
vt 0.503526 -0.06006223
vt 0.9972128 -0.5308174
vt 1 -0.5355725
vt 1 -0.06006223
vt 1 -0.5355725
vt 0.503526 -0.5355725
vt 0.9913792 -0.5217036
vt 0.5217684 -0.501554
vt 0.9817943 -0.501554
vt 0.5217684 -0.09588367
vt 0.9817943 -0.09588367
vt 1 -0.5355725
vt 1 -0.5961374
vt 0.503526 -0.5355725
vt 0.503526 -0.5961374
vt 0.5455751 -0.9220549
vt 0.5343469 -0.9220549
vt 0.5455762 -0.9466813
vt 0.5343469 -0.9466813
vt 0.5513238 -0.9466813
vt 0.5513223 -0.9220549
vt 0.5606079 -0.9466813
vt 0.5606059 -0.9220549
vt 0.5343469 -0.9466813
vt 0.5343469 -0.9220549
vt 0.5343469 -0.9466813
vt 0.5343469 -0.9220549
vt 0.5432944 -0.9466813
vt 0.5343469 -0.9466813
vt 0.5432944 -0.9220549
vt 0.5343469 -0.9220549
vt 0.5491105 -0.9220549
vt 0.5491105 -0.9466813
vt 0.5585053 -0.9220549
vt 0.5585053 -0.9466813
vt 0.5432944 -0.9220549
vt 0.5343469 -0.9220549
vt 0.5455751 -0.9220549
vt 0.5343469 -0.9220549
vt 0.5491105 -0.9220549
vt 0.5513223 -0.9220549
vt 0.5606059 -0.9220549
vt 0.5585053 -0.9220549
vt 0.5343469 -0.9466813
vt 0.5432944 -0.9466813
vt 0.5343469 -0.9466813
vt 0.5455762 -0.9466813
vt 0.5491105 -0.9466813
vt 0.5513238 -0.9466813
vt 0.5585053 -0.9466813
vt 0.5606079 -0.9466813
vt 0.5152964 -0.6007224
vt 0.5040681 -0.6007224
vt 0.5152974 -0.6253488
vt 0.5040681 -0.6253488
vt 0.521045 -0.6253488
vt 0.5210436 -0.6007224
vt 0.5303291 -0.6253488
vt 0.5303271 -0.6007224
vt 0.584764 -0.6253488
vt 0.5847576 -0.6007224
vt 0.6333991 -0.6253488
vt 0.6333887 -0.6007224
vt 0.7065759 -0.6253488
vt 0.7051589 -0.6007224
vt 0.7142737 -0.6152349
vt 0.5040681 -0.6253488
vt 0.5040681 -0.6007224
vt 0.5040681 -0.6253488
vt 0.5040681 -0.6007224
vt 0.7142737 -0.6152349
vt 0.7142737 -0.6152349
vt 0.7051589 -0.6007224
vt 0.7051589 -0.6007224
vt 0.6333887 -0.6007224
vt 0.6324488 -0.6007224
vt 0.5832334 -0.6007224
vt 0.5847576 -0.6007224
vt 0.5282266 -0.6007224
vt 0.5303271 -0.6007224
vt 0.5210436 -0.6007224
vt 0.5188318 -0.6007224
vt 0.5152964 -0.6007224
vt 0.5130155 -0.6007224
vt 0.5040681 -0.6007224
vt 0.5040681 -0.6007224
vt 0.7142737 -0.6152349
vt 0.7065759 -0.6253488
vt 0.7142737 -0.6152349
vt 0.7065759 -0.6253488
vt 0.6333991 -0.6253488
vt 0.6324488 -0.6253488
vt 0.584764 -0.6253488
vt 0.5832334 -0.6253488
vt 0.5282266 -0.6253488
vt 0.5303291 -0.6253488
vt 0.521045 -0.6253488
vt 0.5188318 -0.6253488
vt 0.5152974 -0.6253488
vt 0.5130155 -0.6253488
vt 0.5040681 -0.6253488
vt 0.5040681 -0.6253488
vt 0.5130155 -0.6253488
vt 0.5040681 -0.6253488
vt 0.5130155 -0.6007224
vt 0.5040681 -0.6007224
vt 0.5188318 -0.6007224
vt 0.5188318 -0.6253488
vt 0.5282266 -0.6253488
vt 0.5282266 -0.6007224
vt 0.5832334 -0.6007224
vt 0.5832334 -0.6253488
vt 0.6324488 -0.6253488
vt 0.6324488 -0.6007224
vt 0.7065759 -0.6253488
vt 0.7051589 -0.6007224
vt 0.7142737 -0.6152349
vt 0.7032927 -0.6579617
vt 0.7032927 -0.6579617
vt 0.7032927 -0.6339961
vt 0.7032927 -0.6339961
vt 0.5234003 -0.6579617
vt 0.5234003 -0.6339961
vt 0.5234003 -0.6579617
vt 0.5234003 -0.6339961
vt 0.5313598 -0.6579617
vt 0.5234003 -0.6579617
vt 0.5313598 -0.6339961
vt 0.5234003 -0.6339961
vt 0.5339176 -0.6339961
vt 0.5339176 -0.6579617
vt 0.5363687 -0.6579617
vt 0.5363687 -0.6339961
vt 0.5495893 -0.6579617
vt 0.5495893 -0.6339961
vt 0.5704601 -0.6339961
vt 0.5704601 -0.6579617
vt 0.6001437 -0.6579617
vt 0.6001437 -0.6339961
vt 0.644752 -0.6339961
vt 0.644752 -0.6579617
vt 0.676567 -0.6579617
vt 0.676567 -0.6339961
vt 0.7032927 -0.6339961
vt 0.7032927 -0.6579617
vt 0.5313598 -0.6339961
vt 0.5234003 -0.6339961
vt 0.5313598 -0.6339961
vt 0.5234003 -0.6339961
vt 0.5336276 -0.6339961
vt 0.5339176 -0.6339961
vt 0.5361621 -0.6339961
vt 0.5363687 -0.6339961
vt 0.5495893 -0.6339961
vt 0.5496097 -0.6339961
vt 0.5705842 -0.6339961
vt 0.5704601 -0.6339961
vt 0.6001437 -0.6339961
vt 0.6001437 -0.6339961
vt 0.644752 -0.6339961
vt 0.644752 -0.6339961
vt 0.676567 -0.6339961
vt 0.6770347 -0.6339961
vt 0.7032927 -0.6339961
vt 0.7032927 -0.6339961
vt 0.5313598 -0.6579617
vt 0.5313598 -0.6579617
vt 0.5234003 -0.6579617
vt 0.5234003 -0.6579617
vt 0.5336276 -0.6579617
vt 0.5339176 -0.6579617
vt 0.5363687 -0.6579617
vt 0.5361621 -0.6579617
vt 0.5495893 -0.6579617
vt 0.5496097 -0.6579617
vt 0.5705842 -0.6579617
vt 0.5704601 -0.6579617
vt 0.6001437 -0.6579617
vt 0.6001437 -0.6579617
vt 0.644752 -0.6579617
vt 0.644752 -0.6579617
vt 0.676567 -0.6579617
vt 0.6770347 -0.6579617
vt 0.7032927 -0.6579617
vt 0.7032927 -0.6579617
vt 0.5313598 -0.6339961
vt 0.5234003 -0.6339961
vt 0.5313598 -0.6579617
vt 0.5234003 -0.6579617
vt 0.5336276 -0.6579617
vt 0.5336276 -0.6339961
vt 0.5361621 -0.6579617
vt 0.5361621 -0.6339961
vt 0.5496097 -0.6579617
vt 0.5496097 -0.6339961
vt 0.5705842 -0.6579617
vt 0.5705842 -0.6339961
vt 0.6001437 -0.6579617
vt 0.6001437 -0.6339961
vt 0.644752 -0.6579617
vt 0.644752 -0.6339961
vt 0.6770347 -0.6579617
vt 0.6770347 -0.6339961
vt 0.7032927 -0.6579617
vt 0.7032927 -0.6339961
vt 0.7335715 -0.9792942
vt 0.7335715 -0.9792942
vt 0.7335715 -0.9553286
vt 0.7335715 -0.9553286
vt 0.5536791 -0.9792942
vt 0.5536791 -0.9553286
vt 0.5536791 -0.9792942
vt 0.5536791 -0.9553286
vt 0.5616386 -0.9792942
vt 0.5536791 -0.9792942
vt 0.5616386 -0.9553286
vt 0.5536791 -0.9553286
vt 0.5641964 -0.9553286
vt 0.5641964 -0.9792942
vt 0.5666475 -0.9553286
vt 0.5666475 -0.9792942
vt 0.5798681 -0.9553286
vt 0.5798681 -0.9792942
vt 0.5616386 -0.9553286
vt 0.5536791 -0.9553286
vt 0.5616386 -0.9553286
vt 0.5536791 -0.9553286
vt 0.5639065 -0.9553286
vt 0.5641964 -0.9553286
vt 0.566441 -0.9553286
vt 0.5666475 -0.9553286
vt 0.5798681 -0.9553286
vt 0.5798885 -0.9553286
vt 0.5616386 -0.9792942
vt 0.5616386 -0.9792942
vt 0.5536791 -0.9792942
vt 0.5536791 -0.9792942
vt 0.5639065 -0.9792942
vt 0.5641964 -0.9792942
vt 0.566441 -0.9792942
vt 0.5666475 -0.9792942
vt 0.5798681 -0.9792942
vt 0.5798885 -0.9792942
vt 0.5616386 -0.9553286
vt 0.5536791 -0.9553286
vt 0.5616386 -0.9792942
vt 0.5536791 -0.9792942
vt 0.5639065 -0.9792942
vt 0.5639065 -0.9553286
vt 0.566441 -0.9553286
vt 0.566441 -0.9792942
vt 0.5798885 -0.9792942
vt 0.5798885 -0.9553286
vt 1 -0.6654137
vt 0.503526 -0.6654137
vt 1 -0.7034866
vt 0.503526 -0.7034866
vt 1 -0.749536
vt 0.503526 -0.749536
vt 1 -0.7114632
vt 0.503526 -0.7114632
vt 1 -0.7034866
vt 0.503526 -0.7034866
vt 1 -0.6654137
vt 0.503526 -0.6654137
vt 1 -0.7114632
vt 0.503526 -0.7114632
vt 1 -0.749536
vt 0.503526 -0.749536
vt 0.9976179 -0.7596039
vt 0.5068017 -0.7596039
vt 0.9976179 -0.7884768
vt 0.5068017 -0.7884768
vt 0.9976179 -0.7884768
vt 0.5068017 -0.7884768
vt 0.9976179 -0.7596039
vt 0.5068017 -0.7596039
vt 0.9976179 -0.7598571
vt 0.5068017 -0.7598571
vt 0.9976179 -0.7887301
vt 0.5068017 -0.7887301
vt 0.9976179 -0.7887301
vt 0.5068017 -0.7887301
vt 0.9976179 -0.7598571
vt 0.5068017 -0.7598571
vt 0.9958296 -0.5987162
vt 0.9958296 -0.6582421
vt 0.7914809 -0.5987162
vt 0.7914809 -0.6582421
vt 0.9958296 -0.5987162
vt 0.7914809 -0.5987162
vt 0.9958296 -0.6582421
vt 0.7914809 -0.6582421
vt 0.7511528 -0.7116664
vt 0.9351719 -0.7116664
vt 0.7511528 -0.7490095
vt 0.9351719 -0.7490095
vt 0.7511528 -0.7490095
vt 0.9351719 -0.7490095
vt 0.7511528 -0.7116664
vt 0.9351719 -0.7116664
vt 0.7511528 -0.7490095
vt 0.9351719 -0.7490095
vt 0.7511528 -0.7116664
vt 0.9351719 -0.7116664
vt 0.7511528 -0.7116664
vt 0.9351719 -0.7116664
vt 0.7511528 -0.7490095
vt 0.9351719 -0.7490095
vt 0.8590485 -0.6464414
vt 0.8590485 -0.6496118
vt 0.8598951 -0.6511965
vt 0.857355 -0.6496118
vt 0.8598951 -0.6036454
vt 0.857355 -0.6464414
vt 0.8590485 -0.6084006
vt 0.8590485 -0.6052302
vt 0.857355 -0.6052302
vt 0.857355 -0.6084006
vt 0.8052829 -0.6036454
vt 0.8078228 -0.6464414
vt 0.8061294 -0.6464414
vt 0.8052829 -0.6511965
vt 0.8061294 -0.6496118
vt 0.8078228 -0.6496118
vt 0.8061294 -0.6084006
vt 0.8061294 -0.6052302
vt 0.8078228 -0.6052302
vt 0.8078228 -0.6084006
vt 0.6366813 -0.8374664
vt 0.5768661 -0.8374664
vt 0.6366813 -0.8924243
vt 0.5768661 -0.8924243
vt 0.7853643 -0.8374664
vt 0.7853643 -0.8924243
vt 0.6366813 -0.8924243
vt 0.5768661 -0.8924243
vt 0.6366813 -0.8374664
vt 0.5768661 -0.8374664
vt 0.7853643 -0.8374664
vt 0.7853643 -0.8924243
vt 0.8506616 -0.8374664
vt 0.7908464 -0.8374664
vt 0.8506616 -0.8924243
vt 0.7908464 -0.8924243
vt 0.9993446 -0.8924243
vt 0.9993446 -0.8374664
vt 0.6366813 -0.8924243
vt 0.5768661 -0.8924243
vt 0.6366813 -0.8374664
vt 0.5768661 -0.8374664
vt 0.7853643 -0.8924243
vt 0.7853643 -0.8374664
vt 0.6366813 -0.8374664
vt 0.6366813 -0.8924243
vt 0.6260002 -0.8814325
vt 0.6260002 -0.8484582
vt 0.60891 -0.8484582
vt 0.60891 -0.8814325
vt 0.5768661 -0.8374664
vt 0.5768661 -0.8924243
vt 0.7853643 -0.8374664
vt 0.7853643 -0.8924243
vt 0.6366813 -0.8374664
vt 0.6366813 -0.8924243
vt 0.6260002 -0.8814325
vt 0.6260002 -0.8484582
vt 0.60891 -0.8484582
vt 0.60891 -0.8814325
vt 0.5768661 -0.8374664
vt 0.5768661 -0.8924243
vt 0.7853643 -0.8924243
vt 0.7853643 -0.8374664
vt 0.6366813 -0.8924243
vt 0.6366813 -0.8374664
vt 0.6260002 -0.8814325
vt 0.6260002 -0.8484582
vt 0.60891 -0.8484582
vt 0.60891 -0.8814325
vt 0.5768661 -0.8374664
vt 0.5768661 -0.8924243
vt 0.7853643 -0.8924243
vt 0.7853643 -0.8374664
vt 0.6366813 -0.8924243
vt 0.6366813 -0.8374664
vt 0.6260002 -0.8814325
vt 0.6260002 -0.8484582
vt 0.60891 -0.8484582
vt 0.60891 -0.8814325
vt 0.5768661 -0.8374664
vt 0.5768661 -0.8924243
vt 0.7853643 -0.8374664
vt 0.7853643 -0.8924243
vt 0.8517901 -0.8369939
vt 0.7925673 -0.8369939
vt 0.8517901 -0.8910519
vt 0.7925673 -0.8910519
vt 0.9990011 -0.8369939
vt 0.9990011 -0.8910519
vt 0.6378098 -0.8370159
vt 0.5785869 -0.8370159
vt 0.6378098 -0.8910739
vt 0.5785869 -0.8910739
vt 0.7850208 -0.8910739
vt 0.7850208 -0.8370159
vt 0.6378098 -0.8910739
vt 0.5785869 -0.8910739
vt 0.6378098 -0.8370159
vt 0.5785869 -0.8370159
vt 0.7850208 -0.8910739
vt 0.7850208 -0.8370159
vt 0.6378098 -0.8369939
vt 0.6378098 -0.8910519
vt 0.6272343 -0.8478055
vt 0.6272343 -0.8802403
vt 0.6103135 -0.8802403
vt 0.6103135 -0.8478055
vt 0.5785869 -0.8910519
vt 0.5785869 -0.8369939
vt 0.7850208 -0.8369939
vt 0.7850208 -0.8910519
vt 0.8517901 -0.8369939
vt 0.7925673 -0.8910519
vt 0.7925673 -0.8369939
vt 0.8517901 -0.8910519
vt 0.9990011 -0.8369939
vt 0.9990011 -0.8910519
vt 0.6378098 -0.8910519
vt 0.6378098 -0.8369939
vt 0.6272343 -0.8478055
vt 0.6272343 -0.8802403
vt 0.6103135 -0.8802403
vt 0.6103135 -0.8478055
vt 0.5785869 -0.8910519
vt 0.5785869 -0.8369939
vt 0.7850208 -0.8369939
vt 0.7850208 -0.8910519
vt 0.6378098 -0.8910739
vt 0.6378098 -0.8370159
vt 0.6272343 -0.8802623
vt 0.6272343 -0.8478275
vt 0.6103135 -0.8478275
vt 0.6103135 -0.8802623
vt 0.5785869 -0.8370159
vt 0.5785869 -0.8910739
vt 0.7850208 -0.8910739
vt 0.7850208 -0.8370159
vt 0.8517901 -0.8370159
vt 0.8517901 -0.8910739
vt 0.8412147 -0.8802623
vt 0.8412147 -0.8478275
vt 0.8242939 -0.8478275
vt 0.8242939 -0.8802623
vt 0.7925673 -0.8370159
vt 0.7925673 -0.8910739
vt 0.9990011 -0.8910739
vt 0.9990011 -0.8370159
vt 0.8132091 -0.9453071
vt 0.9811166 -0.9453071
vt 0.8132091 -0.9266821
vt 0.9811166 -0.9266821
vt 0.8132091 -0.9473243
vt 0.9811166 -0.9473243
vt 0.8132091 -0.9286993
vt 0.9811166 -0.9286993
vt 0.9951088 -0.9535329
vt 0.9951088 -0.9224916
vt 0.9811166 -0.9535329
vt 0.9811166 -0.9224916
vt 0.7992169 -0.9535329
vt 0.8132091 -0.9535329
vt 0.7992169 -0.9224916
vt 0.8132091 -0.9224916
vt 0.9951088 -0.9204735
vt 0.9811166 -0.9204735
vt 0.9951088 -0.9515148
vt 0.9811166 -0.9515148
vt 0.7992169 -0.9204735
vt 0.7992169 -0.9515148
vt 0.8132091 -0.9204735
vt 0.8132091 -0.9515148
vt 0.06702542 -0.6265773
vt 0.1200799 -0.6265773
vt 0.08856975 -0.5903691
vt 0.1194126 -0.5370365
vt 0.1010083 -0.554161
vt 0.02408334 -0.6576958
vt -3.427414E-07 -0.6888143
vt 0.1200799 -0.6888143
vt 0.01367698 -0.7199329
vt 0.02241157 -0.7510514
vt 0.1200799 -0.7510514
vt 0.02403659 -0.7821699
vt 0.01647051 -0.8132885
vt 0.1200799 -0.8132885
vt 0.00422748 -0.8411362
vt 0.00663111 -0.8630637
vt 0.03916462 -0.8849911
vt 0.1200799 -0.8755255
vt 0.06567702 -0.90916
vt 0.08493911 -0.9338914
vt 0.1200799 -0.9377625
vt 0.1084174 -0.9883935
vt 0.1200799 -0.9999995
vn -0.9305069 -0.09421771 0.353949
vn -0.9712862 -0.08413459 -0.2225406
vn -0.9981011 -0.03851866 0.04806891
vn -0.7817878 0.0748778 0.6190324
vn -0.9543354 0.02496212 -0.2976927
vn -0.9024088 0.03571415 -0.4293984
vn -0.9193368 0.08080222 0.3850855
vn -0.9601534 0.08417952 0.2664944
vn -0.9155108 0.03215653 -0.401006
vn -0.9639145 0.02726541 -0.2648125
vn -0.995703 0.08636268 0.0334212
vn -0.9927264 0.08652658 -0.08371045
vn -0.6214645 0.2157052 0.753162
vn -0.9808037 -0.02956514 -0.1927437
vn -0.9819484 -0.0692975 0.1759973
vn -0.9825923 0.0584962 -0.1763251
vn -0.8400535 0.2183064 0.4966412
vn -0.9646529 -0.1133086 0.2379201
vn -0.7894101 -0.1338417 0.5990978
vn -0.9945862 -0.007367992 -0.1036532
vn -0.8954837 0.1209138 0.4283558
vn -0.9483172 0.1557575 0.2764671
vn -0.8641225 -0.08225597 0.4965141
vn -0.8150989 -0.0005021134 0.5793217
vn -0.9920204 -0.05438897 0.1137425
vn -0.9646267 0.1008035 0.2435858
vn -0.709962 0.1101041 0.6955797
vn -0.9559646 0.06901902 0.2852506
vn -0.9864879 0.1530969 0.05833424
vn -0.9827521 -0.01575241 0.1842554
vn -0.9802315 0.09789128 0.1719404
vn -0.8974617 0.2006921 0.3927913
vn -0.9950693 0.09859612 0.01076688
vn -0.9969084 0.07564546 -0.02124556
vn -0.9940522 0.04218971 0.1003997
vn -0.9856749 0.08826582 0.1437151
vn -0.9336925 0.1749753 0.3124131
vn -0.9955413 0.0527994 0.078166
vn -0.9886368 0.07379171 0.1309656
vn -0.9963973 0.05083931 0.06788031
vn -0.9914281 0.1238407 0.04163923
vn -0.9756665 0.1699529 0.1385307
vn -0.9944648 0.08973407 0.05465731
vn -0.9880752 0.1290847 0.08393191
vn -0.9972332 0.06298225 0.03948712
vn -0.9856941 0.1660296 0.02900451
vn -0.9655887 0.2565659 -0.04257002
vn -0.9921305 0.1236844 0.01947708
vn -0.9815622 0.1793936 0.06598215
vn -0.996552 0.08283399 -0.004766012
vn -0.9741858 0.2241583 -0.0267404
vn -0.834538 0.5423492 -0.09697266
vn -0.9884035 0.1514815 0.01057867
vn -0.9708316 0.227004 0.0771707
vn -0.9955952 0.09137232 -0.0210111
vn -0.9641631 0.2649903 -0.01303211
vn -0.6472693 0.7621935 -0.01017534
vn -0.7326319 0.678272 -0.05654612
vn -0.9831866 0.1825317 -0.005125856
vn -0.9522992 0.3026173 0.0393597
vn -0.9958168 0.08951332 -0.0183405
vn -0.9597254 0.2799788 0.02321228
vn -0.6556765 0.74959 0.09057245
vn -0.2968643 0.9143202 0.2754818
vn -0.2304306 0.9426725 0.2413924
vn -0.6517053 0.7584707 0.001590604
vn -0.2685894 0.8485482 0.4558791
vn -0.2043641 0.8718736 0.4450526
vn -0.1592978 0.9507185 0.2660046
vn -0.1905041 0.9764245 0.1015059
vn -0.1444743 0.8896114 0.4332651
vn -0.1018025 0.9507677 0.2927065
vn -0.1303953 0.9783162 0.1609169
vn -0.06876503 0.9508032 0.302067
vn -0.05505703 0.8977958 0.436957
vn -0.03160599 0.8727117 0.4872119
vn -0.03143809 0.8134075 0.580844
vn 0.03174737 0.7388483 0.6731235
vn -0.01142097 0.6436818 0.765208
vn 2.063307E-05 0.3089668 0.9510729
vn -0.01741662 0.4077022 0.9129489
vn -0.1709182 0.1557295 0.9729004
vn -0.04558834 0.2586035 0.9649072
vn -0.09843501 0.1600428 0.9821898
vn -0.5648543 0.2140709 0.7969399
vn -0.04368959 0.1571315 0.9866108
vn 0.002249075 0.1205287 0.9927073
vn -0.4147226 0.1849452 0.8909547
vn -0.04359866 0.1056907 0.9934428
vn 0.1179643 0.01319325 0.9929302
vn -0.2137107 0.1443156 0.9661785
vn 0.1338153 0.05685288 0.9893742
vn -0.4935925 0.09740367 0.8642216
vn 0.2879983 -0.2201241 0.9319884
vn 0.5137448 -0.1052403 0.8514639
vn -0.03612686 0.122373 0.9918264
vn -0.06681886 0.078613 0.9946634
vn -0.5277908 0.200297 0.8254198
vn -0.8690144 0.07795316 0.4886076
vn -0.03355407 0.1275043 0.9912703
vn -0.04578466 0.1682396 0.9846823
vn -0.1956195 0.2254176 0.9544213
vn 0.1594931 -0.04232981 0.9862911
vn -0.04922221 0.2572273 0.9650965
vn -0.2271877 0.2913659 0.9292426
vn -0.5117851 0.1608317 0.8439249
vn -0.001932007 0.2275405 0.9737667
vn -0.05988727 0.1303978 0.9896514
vn -0.1114767 0.0613814 0.9918696
vn -0.1714852 0.2118078 0.9621488
vn -0.3075293 0.4526315 0.8369889
vn -0.1504191 0.4828226 0.862703
vn -0.0567992 0.1593665 0.9855843
vn -0.1355517 0.2098887 0.9682833
vn -0.09668408 0.1906661 0.976882
vn 0.03647653 0.1119001 0.9930497
vn -0.04541121 0.1772102 0.9831249
vn -0.1324198 0.199151 0.9709809
vn -0.1046955 0.1058193 0.9888585
vn 0.05569391 0.1022844 0.9931948
vn 0.03172586 0.2419506 0.9697697
vn -0.003496212 0.2432055 0.9699686
vn 0.07130786 0.09195644 0.9932065
vn -0.08287711 0.2300735 0.9696379
vn 0.07120036 0.2437365 0.9672244
vn 0.08528476 0.2518354 0.9640049
vn -0.04063826 0.3876195 0.9209234
vn 0.02754478 0.2337699 0.9719017
vn 0.2342139 0.02830189 0.971773
vn -0.04285401 0.5815403 0.8123882
vn 0.1166039 0.4071095 0.9059059
vn 0.1744248 0.4410385 0.8803755
vn 0.1588373 0.3509625 0.9228197
vn 0.152776 0.3809837 0.9118721
vn 0.06418923 0.2839092 0.9567003
vn 0.09471016 0.2651891 0.9595336
vn 0.05445797 0.1348515 0.9893681
vn 0.07377215 0.09875119 0.9923739
vn 0.03262401 0.04992627 0.9982199
vn 0.03681092 0.03785897 0.9986048
vn 0.01857729 0.01680948 0.9996861
vn 0.02174037 0.01004242 0.9997131
vn 0.01749332 0.003719996 0.99984
vn 0.01872341 0.0005313198 0.9998246
vn 0.01386492 -0.0005323892 0.9999038
vn 0.01458801 -0.007358297 0.9998665
vn -0.002498742 -0.007105282 0.9999716
vn -0.007844244 -0.01070767 0.9999119
vn -0.005293341 -0.004292856 0.9999768
vn -0.002240729 -0.001645555 0.9999962
vn 0.002549331 -0.001062047 0.9999962
vn 0.00131999 -0.001098595 0.9999986
vn -0.001566522 -0.002038465 0.9999968
vn -0.001288863 -0.002232602 0.9999967
vn 0.002186465 -0.002666828 0.999994
vn 0.002922049 -0.0034958 0.9999896
vn -0.002673191 -0.001948494 0.9999945
vn -0.004256871 -0.00397715 0.9999831
vn -0.00357342 -0.006732412 0.999971
vn -0.002000718 -0.007933657 0.9999665
vn 0.005052812 -0.005207575 0.9999737
vn 0.005144042 -0.004170115 0.9999781
vn 0.004307651 -0.001284682 0.9999899
vn 0.002935624 -0.0006236422 0.9999955
vn -0.004922063 -0.0003845239 0.9999878
vn -0.006929663 8.902812E-05 0.999976
vn -0.008286725 0.0001900462 0.9999657
vn -0.008581594 0.001186654 0.9999624
vn -0.005977009 0.0009830648 0.9999816
vn -0.003551821 -8.427525E-05 0.9999937
vn 0.002905097 -0.002567273 0.9999925
vn -0.0021561 -0.002362501 0.9999949
vn 0.002577796 -0.0007814163 0.9999964
vn -0.003599476 -0.003688336 0.9999868
vn -0.003949592 -2.069753E-05 0.9999923
vn 0.01313212 0.002254956 0.9999112
vn 0.01615024 0.002301661 0.999867
vn 0.01299256 0.01065409 0.9998589
vn 0.01747425 0.03211533 0.9993315
vn 0.01311768 0.09808955 0.9950912
vn 0.0216724 0.2006911 0.9794149
vn 0.1358444 0.2336155 0.9627928
vn 0.1200345 0.1869991 0.974999
vn -0.00588612 0.1314167 0.9913098
vn -0.01565238 0.06709751 0.9976236
vn 0.006958144 0.02184962 0.9997371
vn 0.009825367 0.008396465 0.9999166
vn 0.08765374 0.2631976 0.9607518
vn 0.05392794 0.3686467 0.928004
vn 0.0810756 0.3625564 0.9284285
vn 0.08838014 0.2181022 0.9719159
vn -0.1388408 0.1753079 0.9746745
vn -0.1487511 0.2428421 0.9585931
vn -0.03277788 0.2270983 0.9733201
vn -0.03123875 0.1585967 0.9868491
vn -0.04006473 0.2709557 0.9617577
vn -0.02511046 0.3305749 0.9434457
vn -0.1714572 0.3597624 0.9171551
vn -0.1834775 0.3679518 0.9115633
vn 0.1175949 0.4469342 0.8868039
vn 0.1432716 0.5552528 0.8192483
vn 0.02691895 0.5711779 0.8203847
vn 0.02423667 0.4523563 0.8915079
vn -0.05121018 0.2935929 0.9545578
vn -0.02817113 0.1425075 0.9893928
vn -0.02407531 0.09225229 0.9954445
vn 0.004235157 0.08082101 0.9967197
vn 0.007938616 0.06231804 0.9980248
vn 0.01202754 0.03866272 0.9991799
vn 0.01548676 0.002020053 0.999878
vn 0.01378006 0.003631975 0.9998984
vn -0.006022787 0.004200849 0.9999731
vn -0.003389784 -0.004164791 0.9999856
vn 0.002829144 -0.0009942 0.9999956
vn -0.002912883 -0.00278114 0.9999919
vn 0.003986922 -0.002725576 0.9999883
vn -0.004467988 0.0007091427 0.9999897
vn -0.004870535 -0.005441379 0.9999734
vn -0.004108862 -0.005713438 0.9999753
vn 0.006421042 -0.004211404 0.9999706
vn 0.004950136 -0.0009458056 0.9999874
vn -0.005241344 -0.0003078426 0.9999863
vn -0.007602594 -0.0006641214 0.9999709
vn -0.005155982 0.0003892322 0.9999866
vn 0.00774633 -0.003566831 0.9999636
vn 0.005357963 -0.0009895044 0.9999852
vn -0.005658525 -0.0005795339 0.9999839
vn -0.006603547 -0.0008890351 0.9999778
vn -0.003228634 0.000641445 0.9999946
vn 0.005433144 -0.001264041 0.9999845
vn 0.009100492 -0.00320589 0.9999535
vn -0.005721278 -0.005587967 0.9999681
vn -0.005450129 0.00108497 0.9999846
vn 0.00530169 -0.002930739 0.9999816
vn -0.003769971 -0.003373439 0.9999872
vn 0.002993992 0.004823324 0.9999839
vn -0.002804041 -0.0008003202 0.9999958
vn -0.008104089 0.003308065 0.9999617
vn 0.01315969 0.012062 0.9998406
vn -0.00931832 0.2418287 0.9702743
vn -0.0008026676 0.3782224 0.9257144
vn 0.009633981 0.4250588 0.9051145
vn 0.03214742 0.4318593 0.901368
vn 0.01973669 0.3021433 0.9530581
vn -0.00888754 0.0857983 0.9962729
vn -0.001474306 0.02912768 0.9995746
vn 0.00423515 0.01054256 0.9999355
vn -0.006412692 0.004252212 0.9999704
vn 0.00688048 -0.002910892 0.9999721
vn -0.006478183 0.001516591 0.9999779
vn -0.006595507 -0.005517159 0.999963
vn 0.01105397 -0.001479011 0.9999379
vn 0.004841971 0.001866057 0.9999865
vn -0.006429783 -0.001997648 0.9999774
vn -0.006021577 -0.001436739 0.9999809
vn -0.005062744 -0.001076316 0.9999866
vn -0.0002635808 0.001280259 0.9999992
vn -0.002784729 -0.001421942 0.9999951
vn 0.003800337 0.002000531 0.9999908
vn 0.0141579 -8.633961E-05 0.9998997
vn 0.004630685 0.008178641 0.9999559
vn -0.008212046 0.003210777 0.9999611
vn 0.0003419958 -0.001406056 0.9999989
vn 0.009271063 0.00305445 0.9999524
vn 0.006759246 0.00696394 0.9999529
vn 0.01458551 0.01753635 0.9997398
vn -0.00739149 -0.0034721 0.9999667
vn -0.007209403 0.003478396 0.9999679
vn 0.006800344 0.02227629 0.9997287
vn -0.004208437 0.03189147 0.9994825
vn -0.00875799 0.2056399 0.9785886
vn 0.01996735 0.3705994 0.9285781
vn -0.01111574 0.379213 0.9252427
vn -0.07471604 0.5497533 0.8319787
vn -0.02280933 0.6564302 0.7540419
vn 0.0110922 0.6794518 0.7336364
vn 0.09503439 0.6392722 0.7630855
vn 0.08337697 0.6318157 0.7706213
vn -0.05721371 0.7172757 0.6944366
vn -0.04141005 0.752749 0.6570039
vn 0.0007525661 0.762235 0.6472999
vn 0.1886754 0.7361234 0.6500183
vn 0.1265744 0.7040676 0.6987616
vn -0.2142353 0.6086125 0.7639987
vn -0.1856573 0.529388 0.8278162
vn -0.02654829 0.4889329 0.8719174
vn -0.05053737 0.4475324 0.8928385
vn -0.05611152 0.6415167 0.7650541
vn -0.03488575 0.6547319 0.7550557
vn -0.1795024 0.6903607 0.7008431
vn -0.2084959 0.7981645 0.5652105
vn 0.1146383 0.8772605 0.4661244
vn -0.05551188 0.7825794 0.620071
vn -0.046594 0.7755754 0.629533
vn -0.1537375 0.7981665 0.5824903
vn -0.165936 0.8976479 0.408281
vn 0.09238486 0.948563 0.3028089
vn 0.1674917 0.9010772 0.400008
vn 0.1931223 0.8518569 0.4868712
vn -0.0003930969 0.8613096 0.5080802
vn -0.04917416 0.877124 0.4777399
vn -0.03347037 0.9089833 0.4154865
vn 0.05817446 0.8799175 0.4715516
vn 0.08112943 0.7178259 0.6914796
vn 0.002722406 0.6569155 0.7539592
vn -0.03036524 0.6577745 0.7526026
vn -0.08995158 0.7022038 0.7062709
vn -0.001498275 0.6762873 0.7366365
vn 0.06346003 0.6229871 0.7796537
vn -0.05468706 0.5507058 0.832906
vn 0.006536453 0.3508903 0.9363938
vn 0.01014312 0.3111255 0.9503148
vn -0.007496054 0.1369751 0.9905462
vn -0.004646444 0.04555709 0.998951
vn 0.05019503 0.7728941 0.6325467
vn 0.007730819 0.8671792 0.4979364
vn -0.03135404 0.8171983 0.5755031
vn -0.01337325 0.7798142 0.6258682
vn -0.00244948 0.7742681 0.6328529
vn 0.01827576 0.8245641 0.5654733
vn 0.01071328 0.8986342 0.4385679
vn -0.02674796 0.9062474 0.4219006
vn -0.0517239 0.9143732 0.4015547
vn 0.003894491 0.9047741 0.4258741
vn 0.02061994 0.9085051 0.4173647
vn 0.1405834 0.8913724 0.4309195
vn 0.06941175 0.9553445 0.2872261
vn -0.1000313 0.9206804 0.3772816
vn -0.1191941 0.8401977 0.5290185
vn -0.05967538 0.8336222 0.5491019
vn -0.06349085 0.8616683 0.5034844
vn -0.09461682 0.89322 0.4395515
vn -0.08109836 0.8401955 0.5361851
vn -0.08823776 0.8266433 0.5557652
vn -0.04315103 0.8781978 0.4763471
vn 0.06847811 0.9008781 0.4286367
vn -0.1184863 0.8190063 0.5614175
vn -0.07232944 0.7741951 0.6288008
vn -0.01374246 0.8035026 0.5951426
vn 0.08438842 0.8075933 0.5836708
vn 0.1164835 0.8157696 0.5665259
vn 0.1157216 0.8550941 0.5053934
vn 0.06499664 0.8886098 0.4540354
vn 0.01148299 0.9510121 0.3089404
vn -0.03837511 0.9458801 0.322239
vn -0.03896658 0.948815 0.3134193
vn 0.008249293 0.9215305 0.3882181
vn 0.01065359 0.9286169 0.370887
vn 0.001396827 0.9427696 0.3334418
vn 0.003276328 0.94101 0.338363
vn -0.01157505 0.933704 0.3578586
vn 0.003702671 0.9073719 0.4203124
vn 0.009907488 0.8606259 0.5091413
vn -0.02563003 0.83146 0.5549933
vn -0.06414126 0.7189948 0.6920494
vn 0.020351 0.669569 0.742471
vn 0.01555074 0.5728601 0.8195056
vn -0.01354411 0.4438784 0.8959846
vn 0.0256942 0.4315757 0.9017107
vn -0.007607735 0.3147124 0.9491566
vn 0.003480841 0.1372859 0.9905254
vn -0.01493055 0.08870487 0.995946
vn -0.0112693 0.01065662 0.9998797
vn 0.003464027 0.0008637641 0.9999937
vn 0.01661292 0.004833665 0.9998503
vn 0.002889917 0.03006947 0.9995436
vn 0.02709777 0.0110135 0.9995721
vn -0.05528368 0.6158397 0.7859295
vn -0.05238751 0.3900992 0.9192814
vn -0.02239515 0.2870303 0.9576597
vn 0.05913059 0.300154 0.9520563
vn 0.06250279 0.2794394 0.9581268
vn -0.1001781 0.7365427 0.6689314
vn -0.06745199 0.7173864 0.6934025
vn 0.08579185 0.6300303 0.771817
vn -0.007702416 0.5082043 0.8612021
vn -0.04832314 0.6833312 0.7285076
vn 0.01842738 0.8420272 0.5391203
vn -0.004325235 0.8937697 0.4485052
vn -0.00539597 0.9269909 0.3750451
vn 0.0162109 0.9186301 0.3947858
vn -0.01870712 0.9434873 0.3308802
vn -0.02508591 0.9671086 0.2531237
vn -0.0003176469 0.968995 0.2470804
vn 0.01265474 0.9691938 0.2459739
vn 0.02253676 0.9718485 0.2345262
vn 0.007046482 0.9825432 0.1859014
vn -0.02851042 0.9850661 0.1697994
vn -0.001107895 0.9758876 0.218271
vn 0.06382115 0.9360159 0.3461232
vn 0.1215814 0.8658917 0.4852314
vn -0.002401707 0.9828429 0.1844293
vn 0.002974946 0.9756762 0.2191965
vn -0.003023387 0.9528244 0.3035071
vn -0.01230167 0.934689 0.3552537
vn -0.02845167 0.9305589 0.3650352
vn -0.02743732 0.9480848 0.3168318
vn 0.0233507 0.9507513 0.309074
vn -0.0006149498 0.9560755 0.2931198
vn -0.04110362 0.9300107 0.3652268
vn -0.2310802 0.8413152 0.4886621
vn -0.1586335 0.7403057 0.6532863
vn 0.00787921 0.5495179 0.8354447
vn 0.1352805 0.6697 0.7302063
vn 0.02177953 0.7271782 0.6861032
vn 0.1901266 0.7647342 0.615657
vn -0.01973213 0.8072721 0.5898494
vn -0.05320489 0.9024188 0.4275622
vn 0.01664862 0.9157465 0.4014115
vn 0.001370734 0.668866 0.7433817
vn 0.1785457 0.6363289 0.7504711
vn 0.2893346 0.6177859 0.7311812
vn 0.1742088 0.8819524 0.4379626
vn 0.3533452 0.8085843 0.4704665
vn 0.2575039 0.8762073 0.4073727
vn 0.03371698 0.9018998 0.4306273
vn -0.2448687 0.9040786 0.3502588
vn -0.06648664 0.9438416 0.3236394
vn -0.0005369202 0.9404231 0.3400061
vn 0.02267784 0.9306149 0.3652963
vn -0.0165213 0.9055665 0.4238825
vn -0.03109258 0.885199 0.4641725
vn -0.02495207 0.8901163 0.4550498
vn -0.02902885 0.9109777 0.4114328
vn -0.02124016 0.9383667 0.344988
vn -0.01539941 0.9525653 0.3039444
vn 0.0132804 0.9437811 0.3303041
vn 0.1019037 0.9120358 0.3972483
vn 0.1674243 0.8503076 0.498945
vn 0.1472571 0.7918922 0.5926398
vn 0.1009831 0.7499474 0.6537441
vn 0.009275678 0.733038 0.6801243
vn -0.08268087 0.7326037 0.6756151
vn -0.1637268 0.7899843 0.5908624
vn -0.2126871 0.7584512 0.6160487
vn -0.101548 0.6983922 0.7084747
vn 0.02372747 0.6895286 0.7238697
vn 0.1278592 0.7181478 0.6840436
vn 0.1862111 0.7731235 0.6063048
vn -0.2691086 0.7177415 0.6422053
vn -0.3363023 0.8221477 0.459319
vn -0.3452651 0.8882978 0.3028517
vn -0.6566941 0.7358319 0.1652406
vn -0.9566551 0.2851619 0.05910722
vn -0.996055 0.08388166 -0.02895134
vn -0.9676656 0.2331034 -0.09636434
vn -0.9017106 0.4193999 -0.1049849
vn 0.2289296 0.751611 0.618605
vn 0.2342073 0.8055524 0.5442723
vn 0.2069037 0.8293147 0.5190645
vn 0.1243113 0.8849418 0.4488036
vn 0.01549258 0.9074022 0.4199778
vn -0.02626189 0.9119324 0.4094993
vn -0.04459912 0.8954791 0.4428632
vn -0.05042651 0.8653553 0.4986155
vn -0.03693899 0.8408431 0.540017
vn -0.03213616 0.8364422 0.5471121
vn -0.00693689 0.8586619 0.5124954
vn 0.02903445 0.8864433 0.4619256
vn -0.003299846 0.9074339 0.4201818
vn -0.06970184 0.9242284 0.3754247
vn -0.2129566 0.933254 0.2892858
vn 0.04388769 0.9764239 0.2113534
vn 0.2808243 0.9084117 0.3097188
vn 0.02051515 0.9678575 0.250661
vn 0.007803962 0.9398551 0.3414842
vn -0.0158211 0.9399025 0.3410763
vn 0.002660111 0.9189271 0.3944184
vn 0.1450783 0.8852955 0.4418193
vn 0.3020266 0.8297019 0.469441
vn -0.02032981 0.9692903 0.245078
vn -0.02145945 0.9570271 0.2892032
vn 0.1240791 0.9227319 0.364925
vn 0.2535427 0.8686901 0.425551
vn -0.009848869 0.9824012 0.1865235
vn -0.02177246 0.9887622 0.1479029
vn 0.099513 0.9703351 0.2203339
vn 0.2371577 0.9272164 0.2898726
vn -0.01868572 0.994253 0.1054133
vn 0.008817939 0.9889261 0.1481469
vn 0.03469336 0.9760129 0.2149307
vn 0.2576101 0.9324605 0.253287
vn 0.05499611 0.9827617 0.1765075
vn -0.1665082 0.9283503 0.3323262
vn -0.05948481 0.8975398 0.4369025
vn 0.0005985167 0.8705564 0.4920683
vn 0.03752368 0.8401486 0.5410568
vn 0.002052519 0.810354 0.5859371
vn -0.03162216 0.7869275 0.6162347
vn -0.04770424 0.7902092 0.6109776
vn -0.06941242 0.8160279 0.5738297
vn -0.06429593 0.8467876 0.5280312
vn -0.03695879 0.8644984 0.5012749
vn 0.008755658 0.8645128 0.5025346
vn 0.134507 0.8445269 0.5183457
vn 0.1302883 0.8019156 0.5830577
vn 0.2466118 0.7924432 0.5578678
vn 0.2774592 0.7318679 0.6224031
vn 0.1649107 0.6825861 0.7119554
vn 0.0376376 0.6456136 0.7627362
vn -0.1180713 0.6483489 0.7521323
vn -0.1289175 0.5790864 0.8050088
vn -0.3370632 0.659605 0.6717958
vn -0.4101831 0.7935206 0.4495274
vn -0.3795607 0.8706245 0.3129641
vn -0.649842 0.7257149 0.2259272
vn -0.9543587 0.2851314 0.08887897
vn -0.9941018 0.07246244 -0.08068901
vn -0.933395 0.2827302 -0.220992
vn -0.8273808 0.510422 -0.2343296
vn -0.917882 0.298133 -0.2619338
vn -0.7925715 0.5492071 -0.2649569
vn -0.9923814 0.04378086 -0.1151628
vn -0.9547309 0.2765981 0.1094651
vn -0.631938 0.7230313 0.2790703
vn -0.3978736 0.8670145 0.2999706
vn -0.93663 0.2804903 -0.2098799
vn -0.822623 0.5395271 -0.179449
vn -0.9953752 0.003720741 -0.09599129
vn -0.9555271 0.258336 0.1422335
vn -0.6053877 0.7086983 0.3622876
vn -0.3836682 0.8623446 0.3303947
vn -0.5948066 0.7424426 0.308195
vn -0.4972587 0.76486 0.4095401
vn -0.4213134 0.5801175 0.6971074
vn -0.1255847 0.5017022 0.8558758
vn 0.09342705 0.5960953 0.7974595
vn 0.05766226 0.5922628 0.8036789
vn 0.2122205 0.6397069 0.7387406
vn 0.2555928 0.678602 0.6886013
vn 0.3287216 0.7213231 0.6096188
vn 0.249572 0.775396 0.5800645
vn 0.111348 0.7702515 0.6279445
vn -0.006116811 0.7681462 0.6402453
vn 0.001027399 0.8145967 0.580027
vn -0.04692734 0.8146395 0.5780659
vn -0.08094285 0.7966735 0.5989655
vn -0.08587041 0.7661471 0.6369026
vn -0.05690738 0.7402164 0.6699561
vn -0.02974539 0.7384343 0.6736692
vn 0.01078208 0.7625638 0.6468232
vn 0.0473482 0.793641 0.6065411
vn 0.008780526 0.8313767 0.5556398
vn -0.04394929 0.8662496 0.4976746
vn -0.126915 0.9120889 0.3898543
vn 0.06404722 0.9586307 0.277354
vn 0.2427035 0.9141765 0.3246172
vn 0.0631663 0.965451 0.2528127
vn 0.01983253 0.7912993 0.6111072
vn 0.05786414 0.747914 0.6612687
vn 0.01935302 0.7165223 0.6972956
vn -0.02671743 0.6920746 0.7213315
vn -0.06457938 0.6924418 0.7185777
vn -0.1001765 0.7177861 0.6890194
vn -0.09486197 0.7471762 0.6578214
vn -0.05620766 0.7649499 0.6416326
vn -0.06483612 0.7174066 0.6936311
vn -0.01471761 0.7232665 0.6904122
vn 0.08597172 0.7348809 0.6727248
vn 0.2373899 0.7440478 0.624531
vn 0.3420509 0.7301289 0.5915343
vn 0.2943561 0.7304173 0.6163157
vn 0.1571646 0.7033711 0.6932303
vn -0.1706066 0.6386092 0.7503811
vn -0.5374747 0.5732359 0.6184832
vn -0.6562998 0.6414064 0.3973264
vn -0.6420768 0.7294976 0.2357347
vn -0.3429017 0.8362227 0.4279603
vn -0.5842039 0.6906941 0.4262012
vn -0.9529958 0.2408076 0.1838772
vn -0.9987097 -0.03455945 -0.03721218
vn -0.9709792 0.2296083 -0.06692778
vn -0.881786 0.4708513 0.02743219
vn -0.979287 0.150483 0.1354686
vn -0.8895878 0.33822 0.3069867
vn -0.9976206 -0.06135745 0.03143542
vn -0.9436918 0.2273509 0.2403273
vn -0.5620602 0.6720132 0.4821687
vn -0.3021185 0.8278507 0.4726389
vn -0.9549273 0.08815117 0.283449
vn -0.850091 0.2437904 0.4668098
vn -0.9953159 -0.06881154 0.06790591
vn -0.9300836 0.2201461 0.2940751
vn -0.5365758 0.6532205 0.5342184
vn -0.2464158 0.8170637 0.5212353
vn -0.5729902 0.7848087 0.2361304
vn -0.6215289 0.7430246 0.248226
vn -0.7077309 0.6830267 0.1805313
vn -0.2474675 0.8940784 0.3733411
vn -0.203627 0.7999948 0.5643973
vn 0.1423599 0.8526942 0.5026393
vn 0.2894563 0.7665756 0.5732163
vn 0.3240858 0.7089585 0.6263755
vn 0.21599 0.6986015 0.6821322
vn 0.06473587 0.6917682 0.7192122
vn -0.02419822 0.6805091 0.7323399
vn -0.07268339 0.6729375 0.7361197
vn -0.1167135 0.6562058 0.7455012
vn -0.1066058 0.6999185 0.7062218
vn -0.1125728 0.6717282 0.7321944
vn -0.07085057 0.6473433 0.7588984
vn -0.02268008 0.648384 0.7609757
vn 0.02777407 0.6729847 0.7391347
vn 0.06860818 0.7039257 0.7069523
vn 0.03296512 0.7512318 0.6592147
vn -0.008883722 0.797491 0.6032655
vn -0.02666955 0.8322517 0.5537562
vn -0.08971687 0.8869821 0.453005
vn 0.06881971 0.93357 0.3517256
vn 0.2299057 0.890507 0.3926077
vn 0.08943623 0.9351007 0.3429109
vn 0.02810744 0.9700428 0.2413028
vn -0.02486502 0.9824044 0.1851035
vn -0.03873625 0.9701694 0.2393135
vn 0.02959637 0.9831249 0.1805257
vn 0.1607672 0.9462346 0.280703
vn 0.04782907 0.9429974 0.3293452
vn 0.1106246 0.8985937 0.4246076
vn 0.2149528 0.8630715 0.4570589
vn 0.0720127 0.9051533 0.418941
vn -0.0544165 0.8566741 0.5129799
vn -0.0604769 0.9246059 0.3760938
vn -0.02140101 0.8235207 0.5668823
vn 0.009118114 0.7618864 0.6476466
vn 0.04730523 0.7120723 0.7005107
vn 0.07941943 0.6622567 0.7450562
vn 0.03604233 0.6322721 0.7739076
vn -0.01771578 0.6075326 0.7940971
vn -0.07587343 0.6051773 0.7924668
vn -0.1235427 0.6289374 0.7675774
vn -0.1336288 0.5896705 0.7965124
vn -0.1254455 0.6160887 0.7776234
vn -0.07959562 0.6316884 0.7711254
vn -0.03416531 0.6400558 0.7675685
vn 0.04715016 0.6572318 0.7522121
vn 0.1947298 0.6689446 0.7173516
vn 0.3015793 0.6804284 0.6678827
vn 0.2509843 0.7477136 0.6147612
vn 0.1127783 0.8719944 0.4763474
vn 0.05207245 0.8777726 0.4762392
vn -0.3036612 0.9263095 0.2230261
vn -0.7039164 0.7091356 0.04035292
vn 0.2032238 0.7261231 0.6568451
vn 0.2816614 0.6529446 0.7030862
vn 0.1743088 0.6412478 0.7472736
vn 0.02881585 0.6248914 0.7801797
vn -0.04431999 0.6017005 0.7974912
vn -0.08550667 0.5936518 0.8001662
vn -0.1329911 0.5791618 0.8042915
vn -0.1432577 0.5534524 0.8204679
vn -0.08327089 0.528798 0.844653
vn -0.07992835 0.5658524 0.8206233
vn -0.0118533 0.569415 0.8219647
vn 0.04413895 0.5944758 0.8029011
vn 0.09025875 0.6230292 0.7769736
vn 0.06204027 0.6745913 0.7355797
vn 0.02704836 0.7260067 0.6871555
vn 0.00908514 0.788514 0.6149498
vn 0.0757641 0.8403139 0.5367796
vn 0.0743666 0.874008 0.4801871
vn 0.1976686 0.8333342 0.5162181
vn 0.1276522 0.8586252 0.496455
vn 0.07090495 0.9080588 0.4127975
vn 0.04925956 0.9424006 0.3308392
vn -0.02641533 0.9634273 0.2666647
vn -0.1015125 0.9493684 0.2973126
vn -0.02338794 0.9385377 0.3443835
vn -0.1573185 0.9231949 0.3506592
vn -0.1623382 0.8950688 0.4153289
vn 0.14109 0.8173788 0.5585567
vn 0.0920646 0.8690606 0.4860637
vn -0.01591846 0.9087865 0.4169575
vn -0.2056099 0.8937862 0.3985859
vn -0.2558016 0.8576449 0.4461062
vn 0.1119409 0.8275411 0.5501317
vn 0.15159 0.7764254 0.611706
vn 0.1788455 0.8019736 0.5699584
vn 0.1595504 0.7697195 0.6181227
vn 0.07611833 0.8053043 0.5879549
vn 0.03700646 0.752641 0.6573905
vn 0.04452374 0.6905944 0.7218705
vn 0.07681342 0.6394442 0.7649907
vn 0.1011497 0.5861929 0.8038324
vn 0.0520166 0.559626 0.8271112
vn -0.004994856 0.5337762 0.845611
vn 0.001702593 0.497947 0.8672057
vn -0.08607716 0.4939732 0.8652059
vn -0.1531522 0.5215746 0.8393476
vn -0.1397176 0.5476134 0.824984
vn -0.09000178 0.5595909 0.8238676
vn -0.05446364 0.5649371 0.8233346
vn 0.009533051 0.5953089 0.8034403
vn 0.1549673 0.6163267 0.7720922
vn 0.2648013 0.6268323 0.7327766
vn 0.1511067 0.7018449 0.6961181
vn -0.04657964 0.8810543 0.4707162
vn -0.3721356 0.9226986 0.1007099
vn -0.6748524 0.7336988 -0.07912236
vn -0.4817467 0.8356048 0.2639789
vn -0.1864518 0.798656 0.5721751
vn -0.5096948 0.6372506 0.5780337
vn -0.9195632 0.2155421 0.3285498
vn -0.9961752 -0.06258002 0.06098108
vn -0.93801 0.07923713 0.3374295
vn -0.8297346 0.2186033 0.513569
vn -0.9367742 0.09784497 0.3359769
vn -0.8396891 0.2111153 0.5003523
vn -0.9984456 -0.05266061 0.01825897
vn -0.9068863 0.2070233 0.3670129
vn -0.4801447 0.6230912 0.617429
vn -0.1325805 0.7728009 0.6206458
vn -0.9523951 0.1337939 0.273939
vn -0.8731688 0.2659146 0.4084919
vn -0.9989135 -0.04636202 -0.004717653
vn -0.9044976 0.2036473 0.3747157
vn -0.984303 0.05885367 0.1663846
vn -0.444913 0.6107104 0.655046
vn -0.8419834 0.25375 0.4761037
vn -0.09102737 0.7436083 0.6623901
vn -0.2784946 0.8240119 0.4934016
vn -0.373902 0.842822 0.3871025
vn -0.6451468 0.7636562 -0.02479641
vn -0.4495424 0.8907205 0.06729507
vn -0.1674297 0.861506 0.4793481
vn 0.09774738 0.6765846 0.7298484
vn 0.250867 0.6045383 0.7560419
vn 0.1373946 0.5942391 0.7924662
vn -0.01145131 0.5695953 0.8218455
vn -0.06433044 0.5295207 0.8458542
vn -0.09331446 0.5268074 0.844847
vn -0.1441461 0.5150716 0.8449397
vn -0.1598364 0.5084811 0.8461084
vn -0.08957944 0.504042 0.859021
vn 0.008229366 0.5015509 0.865089
vn 0.06802697 0.5043834 0.860796
vn 0.0598851 0.5219172 0.8508914
vn 0.1122098 0.5514879 0.8266014
vn 0.09152322 0.606984 0.7894264
vn 0.0609334 0.6564857 0.7518733
vn 0.06233105 0.7162001 0.695106
vn 0.07557734 0.7696753 0.6339464
vn 0.1406316 0.7375143 0.6605267
vn 0.1596325 0.7367912 0.6570054
vn 0.1299401 0.7850791 0.6056125
vn 0.01154513 0.8391283 0.5438111
vn -0.004204595 0.8753258 0.4835153
vn -0.2462174 0.8629864 0.4411706
vn -0.3400274 0.8154501 0.4684257
vn -0.2791616 0.8321139 0.4792236
vn -0.4151089 0.7708812 0.4831426
vn 0.1655397 0.6993271 0.6953691
vn 0.1457524 0.7427921 0.6534647
vn 0.03113192 0.8010709 0.5977595
vn -0.3041651 0.8018287 0.5143484
vn -0.4811794 0.7255039 0.4920472
vn 0.1586605 0.7163001 0.6795153
vn 0.1734475 0.7047469 0.68793
vn 0.1227584 0.7064636 0.6970219
vn 0.07463404 0.7346001 0.6743831
vn 0.08512791 0.6803858 0.7278931
vn 0.07590779 0.6238517 0.7778476
vn 0.106038 0.577662 0.8093594
vn 0.1253458 0.5216943 0.8438741
vn 0.1427603 0.5854934 0.7980081
vn 0.08477176 0.5913464 0.8019496
vn 0.01699352 0.5916076 0.806047
vn -0.0812858 0.5655277 0.8207138
vn -0.1607764 0.5464341 0.8219249
vn -0.1555898 0.5736909 0.8041583
vn -0.09242676 0.59006 0.8020514
vn -0.06410223 0.5573875 0.8277742
vn -0.02721304 0.5669127 0.8233283
vn 0.1224773 0.57714 0.8074086
vn 0.2398021 0.5894104 0.771421
vn 0.04013994 0.6720403 0.7394258
vn -0.2822818 0.8283728 0.4838549
vn -0.5090976 0.8460439 0.1582068
vn -0.605865 0.7806951 0.1531105
vn -0.5596128 0.7883241 0.2556925
vn -0.190833 0.8048736 0.5619263
vn -0.06142397 0.7159728 0.6954207
vn -0.4070534 0.6009759 0.6878484
vn -0.5321137 0.8107647 0.2439582
vn -0.3813105 0.8049408 0.4546126
vn -0.02103881 0.7014789 0.7123796
vn 0.2324062 0.6099724 0.7575758
vn 0.1171189 0.6000343 0.7913545
vn -0.02212686 0.6114167 0.7909994
vn -0.0385666 0.6450506 0.7631659
vn -0.0701803 0.7135503 0.6970802
vn -0.1671373 0.7262937 0.6667552
vn -0.1782598 0.7072787 0.6840907
vn -0.07126665 0.6973703 0.7131589
vn 0.03444136 0.7109726 0.7023758
vn 0.1058914 0.708094 0.6981331
vn 0.163233 0.7115268 0.6834359
vn 0.115919 0.6926324 0.7119151
vn 0.1178232 0.5774411 0.8078858
vn 0.0894421 0.5934702 0.7998707
vn 0.1063439 0.647818 0.754336
vn 0.08412982 0.7177402 0.6912099
vn 0.114913 0.7265875 0.6773961
vn 0.1028392 0.6377182 0.7633739
vn 0.1599003 0.6869112 0.7089323
vn 0.1301654 0.7997229 0.5860889
vn 0.1385706 0.835759 0.5313239
vn 0.196716 0.8311931 0.52002
vn 0.171553 0.8213102 0.5440763
vn 0.06229034 0.7922409 0.6070207
vn 0.05428241 0.7625836 0.6446082
vn -0.3199477 0.7715302 0.5498862
vn -0.5376264 0.6798632 0.4987423
vn -0.3196324 0.7365966 0.5960374
vn -0.5820109 0.6337354 0.5095515
vn 0.2127928 0.9166715 0.3382789
vn 0.1728799 0.9559773 0.2371074
vn 0.1747367 0.9577483 0.2284411
vn 0.02947711 0.9412481 0.3364269
vn -0.3481879 0.8327964 0.4303666
vn -0.6230296 0.6568741 0.4246771
vn 0.1943344 0.9783774 -0.07079359
vn 0.2855355 0.9577424 0.03462631
vn 0.2543789 0.8133042 0.5232855
vn 0.123844 0.8079197 0.5761323
vn 0.117199 0.8224216 0.5566751
vn 0.1821833 0.8216432 0.5401033
vn 0.122127 0.8419112 0.5256144
vn 0.04866433 0.8554589 0.5155793
vn -0.06934182 0.8614647 0.5030609
vn -0.1824118 0.8540295 0.4871954
vn -0.157177 0.8355684 0.5264226
vn -0.03338675 0.7870266 0.6160148
vn -0.00786912 0.7537617 0.6571007
vn 0.008965915 0.716683 0.6973416
vn 0.1305064 0.6848024 0.7169476
vn 0.2327169 0.7108563 0.6637214
vn -0.07507095 0.7870361 0.6123223
vn -0.4510965 0.7919651 0.4114647
vn -0.554231 0.7950082 0.2465559
vn -0.5108726 0.8003876 0.3136698
vn -0.1086554 0.7759296 0.6213914
vn -0.03817179 0.692113 0.720779
vn -0.3675363 0.5901964 0.7187387
vn -0.8239293 0.2536897 0.5067369
vn -0.01597809 0.6690338 0.7430602
vn -0.3240382 0.5769003 0.7497901
vn -0.7841873 0.2534156 0.5664191
vn -0.03613546 0.7653488 0.6426005
vn -0.4351048 0.8238055 0.3633569
vn -0.5692734 0.8055306 0.1644636
vn 0.007375509 0.6438484 0.7651175
vn -0.2776411 0.5669821 0.77553
vn -0.6769416 0.2493053 0.6925293
vn -0.4733925 0.4699593 0.7450086
vn -0.5483265 0.4659457 0.6944297
vn 0.04640838 0.763714 0.6438845
vn -0.3469132 0.8746917 0.3384754
vn -0.5566677 0.8265426 0.08335779
vn -0.5179844 0.8479915 0.1122607
vn -0.5041215 0.8296208 0.2399807
vn -0.1238866 0.8881546 0.4425307
vn 0.2282569 0.8275281 0.5129288
vn 0.1409807 0.7914835 0.5947087
vn 0.04975328 0.8097705 0.5846335
vn 0.007018912 0.8525372 0.5226195
vn -0.006638167 0.8379095 0.5457689
vn -0.1186279 0.8906752 0.4388908
vn -0.1581309 0.9338642 0.3207683
vn -0.05986449 0.958562 0.2785234
vn 0.05777599 0.9613853 0.2690728
vn 0.1300688 0.9519264 0.2773415
vn 0.186489 0.930765 0.3144813
vn 0.1366138 0.9292238 0.3433362
vn 0.158911 0.9438093 0.2897778
vn 0.3321325 0.9224371 0.1969719
vn 0.07327778 0.9967871 0.03234033
vn -0.03539984 0.9955343 0.08751162
vn -0.110572 0.9702612 0.2153299
vn -0.06264449 0.9118695 0.4056718
vn -0.004207226 0.881445 0.472268
vn 0.02196903 0.8883582 0.4586251
vn 0.07706565 0.8472933 0.5255045
vn 0.1289025 0.860853 0.4922563
vn 0.2084407 0.9048778 0.3711449
vn -0.1486963 0.9661491 0.2108203
vn -0.1639389 0.9860153 0.02996353
vn -0.5178935 0.8550636 -0.02554477
vn -0.527529 0.8494262 0.01372259
vn -0.2365519 0.9148373 0.3272857
vn 0.1411113 0.7501045 0.6460889
vn 0.03012745 0.6257533 0.779439
vn -0.2508186 0.5894558 0.7678749
vn -0.6029996 0.2697611 0.7507465
vn 0.1674238 0.9621184 0.2151685
vn 0.1052261 0.9255852 0.3636201
vn 0.08070437 0.8967226 0.435173
vn 0.04479399 0.8963985 0.4409799
vn -0.01227579 0.9116189 0.4108531
vn -0.02103698 0.9075605 0.4193942
vn -0.03132853 0.9726915 0.2299779
vn 0.0104313 0.9993398 -0.03480093
vn 0.09471343 0.9866064 -0.1328049
vn 0.1309621 0.9744436 -0.1825068
vn 0.1288344 0.9916655 -0.001041324
vn 0.1717249 0.98409 0.0455787
vn 0.1615362 0.9832418 0.0845074
vn 0.1969728 0.9796458 -0.03867588
vn 0.3589448 0.9254915 -0.1209303
vn 0.3186032 0.9297066 -0.1847637
vn 0.2081794 0.947779 -0.241612
vn 0.2211577 0.9354394 -0.2757578
vn 0.222524 0.968316 -0.1133452
vn 0.2198711 0.9521487 0.2122958
vn 0.162412 0.9808 -0.1079516
vn -0.01504036 0.9998139 -0.01208554
vn -0.3432692 0.9342009 0.09713392
vn -0.6187212 0.7792202 0.09999947
vn 0.1513368 0.9405853 -0.3039678
vn -0.05649224 0.958003 -0.2811383
vn -0.3327639 0.9329903 -0.1371033
vn -0.5238691 0.8440861 -0.1143664
vn -0.07359396 0.9585159 -0.2753746
vn 0.1603665 0.9523112 -0.2595884
vn 0.2258865 0.9382857 -0.2619071
vn 0.2113792 0.9398655 -0.2682752
vn 0.3182618 0.9106455 -0.2635036
vn 0.3582234 0.8968214 -0.2595908
vn 0.2362852 0.9524766 -0.1922438
vn 0.1695624 0.9772034 -0.1277585
vn 0.148353 0.9737075 -0.172873
vn 0.1447121 0.96679 -0.210655
vn 0.1391408 0.9712043 -0.1933962
vn 0.1152779 0.9809834 -0.1561494
vn 0.08257294 0.996384 -0.02001548
vn 0.06023607 0.9547648 0.2911969
vn -0.01515498 0.9277811 0.3728172
vn -0.009766329 0.9380575 0.3463421
vn 0.05495677 0.9313655 0.3599139
vn 0.07243008 0.9501239 0.3033454
vn 0.07909363 0.9689544 0.2342469
vn 0.1107479 0.9895907 0.09189716
vn -0.1813533 0.9791124 -0.09192269
vn -0.5006646 0.8623173 -0.07578835
vn -0.4814295 0.8764198 0.01067573
vn -0.1213695 0.949442 0.2895328
vn 0.2411031 0.7530966 0.6121395
vn 0.03149186 0.7208129 0.6924139
vn -0.2527297 0.6862828 0.6820143
vn -0.4049212 0.4144764 0.8150142
vn -0.4603591 0.3478853 0.8167284
vn -0.4060965 0.5192521 0.7519727
vn -0.2410628 0.7409964 0.626748
vn 0.03741449 0.8320305 0.5534666
vn 0.3093446 0.8028268 0.5096813
vn -0.008092398 0.9641702 0.2651608
vn -0.4440871 0.8959286 0.009931855
vn 0.07404453 0.9379513 0.3387694
vn -0.3012227 0.8938898 0.3320028
vn -0.6448016 0.5583817 0.5219586
vn 0.3386118 0.887464 0.3126496
vn 0.06882898 0.9738825 0.216369
vn -0.4060368 0.9105319 0.07788378
vn -0.4870642 0.8732067 0.01668363
vn -0.4907996 0.8702125 -0.04296472
vn -0.1948376 0.9774832 -0.08102485
vn 0.06348541 0.9978867 0.01384886
vn 0.05519798 0.9917854 0.1153899
vn 0.06343597 0.9798602 0.1893404
vn 0.05007201 0.9691583 0.2412986
vn -0.001206186 0.9661161 0.258105
vn -0.03216817 0.9548018 0.2954972
vn 0.1283274 0.9406173 0.3142785
vn 0.1626754 0.9861886 0.03112413
vn 0.1331136 0.9854504 -0.1056803
vn 0.1465466 0.9808642 -0.128177
vn 0.1544159 0.9777902 -0.1417112
vn 0.1607012 0.9728012 -0.166832
vn 0.1592638 0.9634798 -0.2152712
vn 0.2540537 0.9454855 -0.2037497
vn 0.3666354 0.9053661 -0.2142212
vn 0.3206186 0.9243796 -0.2067029
vn 0.2154895 0.9542202 -0.207432
vn 0.2269901 0.9528898 -0.2011877
vn 0.1565082 0.9690579 -0.1908715
vn -0.08043618 0.9833742 -0.1628037
vn -0.3997168 0.907501 -0.1291059
vn -0.3720418 0.9044307 -0.2087822
vn -0.5099193 0.845834 -0.1566748
vn -0.5405472 0.8341815 -0.1093167
vn 0.22712 0.9647096 -0.1332363
vn 0.2174971 0.9656785 -0.1419861
vn 0.3209691 0.9357418 -0.1461717
vn 0.3714777 0.9155564 -0.1541451
vn 0.2541059 0.9540854 -0.1585917
vn 0.2539806 0.962928 -0.09090337
vn 0.165015 0.9818179 -0.09382691
vn 0.1591538 0.9833241 -0.0879994
vn 0.1496709 0.9855918 -0.07878815
vn 0.1502644 0.9869108 -0.05854752
vn 0.2411415 0.9679683 0.06991598
vn 0.1660771 0.9493102 0.2668868
vn -0.05569592 0.978801 0.1970953
vn -0.000991255 0.9874409 0.1579858
vn 0.04614659 0.9908331 0.1269657
vn 0.05037138 0.9953912 0.08160223
vn 0.03641566 0.9991642 0.01856624
vn 0.04185999 0.9989914 -0.01624053
vn -0.1897745 0.981707 -0.01539162
vn -0.1809443 0.9819532 0.05501997
vn -0.4804008 0.8737921 0.07551482
vn -0.3882247 0.9147187 0.1121215
vn 0.09183493 0.9816236 0.1672763
vn 0.2996679 0.9534789 0.03281971
vn 0.0778058 0.9962705 -0.03729849
vn -0.3542586 0.9147425 -0.1942857
vn -0.7948366 0.5732357 0.1990874
vn -0.7312555 0.4913659 0.4731015
vn -0.9131403 -0.07031968 0.4015344
vn -0.9167153 -0.1746884 0.3593286
vn -0.7954311 -0.3235314 0.5124615
vn -0.9390116 0.05850465 0.3388723
vn -0.7883392 0.6095464 -0.08351368
vn -0.9818761 0.07394575 0.1745034
vn -0.8051314 -0.3314602 0.4918309
vn -0.9907717 0.0984734 0.09313638
vn -0.9210334 -0.3094978 0.23645
vn -0.728137 0.6256192 -0.2800304
vn -0.9682943 0.03838814 -0.2468457
vn -0.9305021 -0.3548919 -0.09064995
vn -0.3219729 0.7904256 -0.5211149
vn 0.02606274 0.9105516 -0.412573
vn 0.2026859 0.9335806 -0.2955432
vn 0.007800906 0.9999666 -0.002446046
vn -0.3626652 0.9127391 0.1880992
vn -0.4732811 0.8714507 0.1287585
vn -0.1631678 0.9818174 0.09700918
vn 0.06041332 0.9981511 -0.00666531
vn 0.0432824 0.9988771 0.01926251
vn 0.03362791 0.9993725 -0.01112361
vn 0.04237491 0.9989063 -0.01976828
vn 0.04422577 0.998984 0.008659855
vn -0.006072835 0.999302 0.03685858
vn -0.06733952 0.9949845 0.07396761
vn 0.180928 0.9756764 0.1237769
vn 0.297332 0.9532166 0.0545155
vn 0.1632524 0.9864715 -0.01492262
vn 0.1513305 0.988086 -0.02801833
vn 0.1613983 0.986378 -0.03176755
vn 0.1654289 0.985671 -0.03295261
vn 0.2543251 0.9666873 -0.02888322
vn 0.375666 0.9263638 -0.02692887
vn 0.374477 0.9227349 -0.09125415
vn 0.3195413 0.9438424 -0.08399367
vn 0.2169428 0.9733263 -0.07464479
vn 0.2259706 0.9720774 -0.06326796
vn 0.1450068 0.9880887 -0.05151661
vn 0.1509128 0.981101 -0.1211038
vn -0.09025786 0.9912153 -0.09667213
vn -0.4127844 0.9077113 -0.07529382
vn -0.5599261 0.8261148 -0.06337909
vn -0.09684855 0.9947917 -0.03177838
vn -0.4212599 0.9066121 -0.02438505
vn -0.5732356 0.8191427 -0.0201536
vn 0.1391452 0.9900991 0.01850287
vn 0.223647 0.9746404 0.007629477
vn 0.2137775 0.9768624 -0.006244068
vn 0.3164782 0.9483787 -0.02047973
vn -0.4259095 0.904411 0.02533371
vn -0.1001729 0.9944077 0.03345019
vn -0.5830742 0.8121365 0.02141688
vn 0.3118569 0.9490995 0.04422034
vn 0.3748704 0.926294 0.03809933
vn 0.253074 0.9668524 0.03390861
vn 0.1646567 0.9859174 0.02924213
vn 0.160801 0.9866791 0.0246429
vn 0.1511737 0.9882358 0.02316298
vn 0.167285 0.9856623 0.02203433
vn 0.3105552 0.9504849 0.01157799
vn 0.1737201 0.9830078 -0.05930526
vn -0.06451114 0.9941006 -0.08719035
vn -0.005120242 0.9956168 -0.09338658
vn 0.04343354 0.9925379 -0.1139386
vn 0.0519175 0.9925148 -0.1105397
vn 0.0509336 0.996837 -0.06100558
vn 0.07004841 0.9791216 -0.1908249
vn 0.1094671 0.9917293 -0.06700633
vn -0.1293264 0.9857426 0.1076395
vn -0.4587691 0.8731351 0.1648213
vn -0.4042734 0.9023789 0.1492493
vn -0.1518004 0.9603479 -0.2338561
vn 0.1336536 0.875511 -0.4643461
vn -0.02994715 0.819639 -0.5720971
vn -0.2782305 0.7714819 -0.5721919
vn -0.6804436 0.5558481 -0.4775242
vn -0.9042571 -0.0772626 -0.41994
vn -0.2450208 0.6809523 -0.6901223
vn -0.6399308 0.4159687 -0.6461104
vn -0.9594557 -0.02480958 -0.2807656
vn -0.8280423 -0.3862725 -0.4063736
vn -0.9102294 -0.2036404 -0.3605732
vn -0.8550609 -0.4731535 -0.212124
vn -0.07010928 0.7521241 -0.6552817
vn 0.06338581 0.8702473 -0.48852
vn -0.6066214 0.2714607 -0.7472078
vn -0.8995062 -0.2146064 -0.3805691
vn -0.2310264 0.5883287 -0.7749168
vn -0.1152288 0.6837336 -0.7205767
vn -0.04595645 0.8591559 -0.5096461
vn -0.3391323 0.923955 -0.1769076
vn -0.2650001 0.9299722 -0.2548071
vn -0.4863913 0.8730288 0.03527414
vn -0.4375029 0.8943134 0.0937808
vn -0.08712068 0.9957696 0.0292067
vn 0.1812153 0.9760908 -0.1200323
vn 0.09769578 0.9483542 -0.3017947
vn 0.07669004 0.9376549 -0.3390012
vn 0.06765038 0.9737719 -0.2172364
vn 0.04431285 0.9727064 -0.2277691
vn -0.003240492 0.97975 -0.2001983
vn -0.0430534 0.9750111 -0.2179446
vn 0.1381713 0.9634543 -0.2294873
vn 0.2822168 0.9591585 -0.01920045
vn 0.1597782 0.9854645 0.05771198
vn 0.1491725 0.9860242 0.07418842
vn 0.1573267 0.984272 0.08035427
vn 0.1625927 0.9824369 0.09154931
vn 0.2504217 0.96335 0.09615479
vn 0.3717119 0.922591 0.1032285
vn 0.3057478 0.9457408 0.1099667
vn 0.2004464 0.9710531 0.1299125
vn 0.2081459 0.9761138 0.06226557
vn 0.2200182 0.9723237 0.0786042
vn 0.1332955 0.9870249 0.08952162
vn -0.09999888 0.9899626 0.0998702
vn -0.4263135 0.9014555 0.07506429
vn -0.5902258 0.8048809 0.06164619
vn 0.2145157 0.9652979 0.1489397
vn 0.1272253 0.9784737 0.1624898
vn -0.09599422 0.9810598 0.1682461
vn -0.4205229 0.8983422 0.1270501
vn -0.5938905 0.7981485 0.1012574
vn 0.1206742 0.9637693 0.2378792
vn 0.2059481 0.9539673 0.2180173
vn 0.1913556 0.9618064 0.1957335
vn 0.2982138 0.9380172 0.1766133
vn 0.3656309 0.9154851 0.1679321
vn 0.2466428 0.956266 0.1572347
vn 0.1592391 0.9752166 0.1536088
vn 0.1507268 0.9795128 0.1335519
vn 0.1458578 0.9814708 0.1242606
vn 0.1437244 0.9846522 0.09901243
vn 0.2141389 0.976209 -0.03406659
vn 0.0963312 0.9533556 -0.2860653
vn -0.0207655 0.957002 -0.2893373
vn -0.004332104 0.9537556 -0.300552
vn 0.04426979 0.9411528 -0.3350697
vn 0.04093963 0.917641 -0.395296
vn 0.08270559 0.9218711 -0.3785675
vn 0.1377636 0.9362394 -0.3232288
vn 0.2373401 0.9538224 -0.1840989
vn -0.05199042 0.9881068 -0.1447132
vn -0.4115196 0.9113994 -0.001694094
vn -0.5319205 0.8466859 0.0135483
vn -0.5464531 0.8296067 0.1146378
vn -0.4151128 0.9059303 -0.0834972
vn -0.1672776 0.857726 -0.486132
vn -0.1705232 0.6763866 -0.7165354
vn -0.2603785 0.5460801 -0.7962409
vn -0.6357064 0.1890115 -0.7484331
vn -0.9339635 -0.2349502 -0.2692779
vn -0.9026935 -0.2178588 -0.3710553
vn -0.357859 0.9303301 0.08014308
vn -0.004719289 0.9774758 -0.2109949
vn 0.2572731 0.9298373 -0.2630839
vn 0.1653995 0.9370893 -0.3074194
vn 0.08857428 0.9370269 -0.3378389
vn 0.04923703 0.9270187 -0.3717689
vn 0.0007164732 0.9143137 -0.4050061
vn -0.003853672 0.924101 -0.3821289
vn -0.02382676 0.9288311 -0.3697365
vn 0.0477991 0.9638864 -0.2619891
vn 0.13529 0.9907702 0.008431075
vn 0.1236288 0.9818237 0.1440071
vn 0.1423914 0.9748023 0.1717132
vn 0.1512442 0.9764973 0.153552
vn 0.1469597 0.9767031 0.1563777
vn 0.2422238 0.9461813 0.2146356
vn 0.3561349 0.9056287 0.230227
vn 0.2894062 0.9260287 0.2423116
vn 0.1819929 0.9491145 0.2570219
vn 0.1949928 0.9408523 0.2770828
vn 0.1208661 0.9531522 0.2772945
vn -0.06782104 0.9804463 0.1847308
vn -0.08823176 0.9672765 0.2378889
vn -0.4037633 0.8958348 0.1856211
vn -0.5903935 0.7943882 0.142769
vn -0.4070877 0.9116468 0.05638953
vn -0.5856964 0.8054137 0.09093112
vn 0.1981818 0.9605548 0.1950859
vn 0.1448312 0.9787965 0.144849
vn -0.004959046 0.9998798 -0.01468966
vn -0.3604302 0.8942 -0.2655117
vn -0.6044202 0.7504293 -0.2674547
vn 0.1884467 0.9679288 -0.1661377
vn 0.2160421 0.9739594 -0.0687672
vn 0.1800257 0.9618315 0.2060848
vn 0.2857127 0.9377704 0.1973701
vn 0.3543647 0.9218522 0.1568889
vn 0.227547 0.9707054 0.07715733
vn 0.1365947 0.9906262 -0.001272641
vn 0.1742287 0.9824708 0.06629769
vn 0.1479646 0.9817548 0.1194324
vn 0.1052827 0.9886162 0.1074876
vn 0.06215387 0.9980614 -0.003234929
vn -0.02443606 0.9670953 -0.2532383
vn -0.04054782 0.9178112 -0.3949412
vn -0.06678662 0.9229978 -0.3789652
vn 0.00879384 0.9168196 -0.3992048
vn 0.06777901 0.9418337 -0.3291736
vn 0.09239566 0.9516801 -0.2928619
vn 0.1718278 0.9405963 -0.2928374
vn 0.2579034 0.9185795 -0.2994953
vn 0.06729353 0.9790297 -0.1922823
vn -0.2969538 0.9471671 0.1212145
vn -0.5624507 0.8110662 0.1606889
vn -0.5055382 0.8613136 -0.05069532
vn -0.2916778 0.8311564 -0.4733953
vn -0.2308903 0.6797466 -0.6961567
vn -0.3195145 0.5448357 -0.7752835
vn -0.6955144 0.1456889 -0.7035868
vn -0.9512355 -0.2070529 -0.2286487
vn -0.3886914 0.5408557 -0.7459183
vn -0.7573997 0.1102581 -0.6435751
vn -0.9529365 -0.1731835 -0.2488363
vn -0.9449152 0.02855126 0.3260673
vn -0.9543704 -0.1290055 -0.2693227
vn -0.9839241 0.1142922 0.1372251
vn -0.8865402 0.3368683 0.3171221
vn -0.8659516 0.1861819 0.4641812
vn -0.9286608 -0.1455135 0.3411963
vn -0.9339295 -0.1642468 0.3174882
vn -0.9142836 -0.4047331 0.01663384
vn -0.8908353 -0.4528426 -0.03668691
vn -0.6991658 -0.4507537 -0.5549671
vn -0.9486185 -0.2640214 -0.1744006
vn -0.9726212 -0.2321417 -0.01087662
vn -0.9225447 0.3767676 0.08341137
vn -0.9681888 -0.1761323 -0.1777297
vn -0.9874322 0.1439877 -0.06515478
vn -0.9426287 0.299456 -0.1475713
vn -0.9644294 0.09397028 -0.2470738
vn -0.9300218 0.1630506 -0.329354
vn -0.9574152 -0.08622096 -0.2755393
vn -0.8198001 0.09237926 -0.5651495
vn -0.4656638 0.5339172 -0.7057547
vn -0.3236279 0.6797099 -0.6582245
vn -0.283428 0.6795003 -0.6767185
vn -0.3930334 0.7653632 -0.5096509
vn -0.6059694 0.7670504 -0.2107953
vn -0.624644 0.7807853 -0.01393255
vn -0.2653109 0.9634128 0.03802538
vn 0.1400755 0.977187 -0.1596386
vn 0.2605012 0.9222519 -0.2856407
vn 0.1633938 0.9500806 -0.2657995
vn 0.09331898 0.9656343 -0.2425735
vn 0.08865351 0.9555437 -0.2812061
vn 0.02935571 0.9241796 -0.3808285
vn -0.09050726 0.9088869 -0.4071033
vn -0.1179597 0.9388935 -0.3233643
vn -0.08604436 0.9620528 -0.2589416
vn 0.007723839 0.9924421 -0.1224701
vn 0.09958891 0.9926554 -0.06868356
vn 0.163267 0.9831172 -0.08261
vn 0.2091942 0.96562 -0.154323
vn 0.1421291 0.9552808 -0.2593029
vn 0.1971052 0.9499027 -0.2425581
vn 0.3341208 0.9315615 -0.143375
vn 0.28061 0.959234 -0.03358617
vn 0.1840495 0.9823715 -0.03274145
vn 0.2296433 0.8847217 -0.4056249
vn 0.1730996 0.9220264 -0.3462713
vn 0.1017663 0.9454219 -0.3095498
vn -0.0137574 0.9542586 -0.2986657
vn 0.2401858 0.9063768 -0.3475513
vn 0.1833521 0.9229755 -0.3383757
vn 0.2195791 0.8877428 -0.4045958
vn 0.2125009 0.8556489 -0.4719199
vn 0.1098947 0.8111681 -0.5743949
vn 0.06161 0.9278937 -0.3677195
vn -0.2552445 0.8093364 -0.5289846
vn -0.502643 0.6776012 -0.5368488
vn -0.2093236 0.7338825 -0.6462198
vn -0.4499888 0.6317542 -0.6311868
vn 0.1660208 0.7778255 -0.6061556
vn 0.1617317 0.7573472 -0.6326674
vn 0.262729 0.8307713 -0.4907061
vn 0.1615527 0.8204551 -0.5484106
vn 0.1564813 0.8538569 -0.4964292
vn 0.177208 0.723421 -0.6672776
vn 0.2339821 0.7735139 -0.5890065
vn 0.172891 0.8095447 -0.5610225
vn 0.1048913 0.8375331 -0.5362239
vn -0.01107681 0.8661534 -0.4996555
vn -0.1328615 0.862693 -0.4879636
vn -0.082899 0.8735346 -0.479651
vn 0.06892768 0.9306616 -0.3593301
vn 0.1128898 0.9671711 -0.2276748
vn 0.09036201 0.9782833 -0.1865381
vn 0.1452485 0.9610679 -0.2350561
vn 0.2683064 0.9248574 -0.2695376
vn 0.1881255 0.9582138 -0.215488
vn -0.2897226 0.9246696 -0.2470767
vn -0.6655517 0.6731889 -0.3222694
vn -0.6431414 0.6582923 -0.3911783
vn -0.4434271 0.7139863 -0.541845
vn -0.4641479 0.6828934 -0.5641128
vn -0.3506005 0.6857051 -0.6378776
vn -0.5429113 0.5328517 -0.6490889
vn -0.8813341 0.09799215 -0.4622203
vn -0.9621048 -0.06243471 -0.2654362
vn -0.9418743 0.06015402 -0.3305363
vn -0.9135288 0.116737 -0.3896635
vn -0.643421 0.6023506 -0.4724229
vn -0.6580095 0.5941686 -0.4625874
vn -0.3161589 0.8084056 -0.4965117
vn 0.1898942 0.9067341 -0.3765281
vn 0.2635494 0.91829 -0.2954408
vn 0.115229 0.971465 -0.2073117
vn 0.08258509 0.9888741 -0.1237242
vn 0.1414747 0.9756516 -0.1675975
vn 0.1233374 0.9369251 -0.3270462
vn -0.02839918 0.8486615 -0.5281733
vn -0.1166828 0.7384618 -0.6641229
vn -0.01064076 0.714644 -0.6994075
vn 0.1073461 0.7057992 -0.7002316
vn 0.1571385 0.6735935 -0.7222045
vn 0.2242734 0.6444756 -0.7309943
vn 0.1915184 0.6113307 -0.7678512
vn 0.1294353 0.5779458 -0.8057451
vn 0.1340246 0.6542394 -0.7443172
vn 0.1845754 0.676652 -0.7127929
vn 0.1448123 0.6150078 -0.7751095
vn 0.110991 0.656319 -0.746275
vn 0.1463745 0.675452 -0.7227303
vn 0.1936469 0.6769173 -0.7101294
vn 0.2100307 0.7468921 -0.6309035
vn 0.2034398 0.7393712 -0.6418275
vn 0.115165 0.7543187 -0.6463283
vn -0.1959118 0.750869 -0.6307253
vn -0.4513941 0.6649004 -0.5951056
vn 0.1809203 0.7156922 -0.6745757
vn 0.102307 0.7769521 -0.6211914
vn -0.1860272 0.7863373 -0.5891244
vn -0.4281677 0.7040808 -0.566518
vn 0.1624625 0.7609442 -0.628148
vn 0.08690271 0.8203465 -0.5652253
vn -0.1684578 0.8218778 -0.5441865
vn -0.3914981 0.7442824 -0.541085
vn 0.07364164 0.8626944 -0.5003353
vn 0.1414129 0.8093235 -0.5700857
vn 0.1858997 0.7071265 -0.6822121
vn 0.135514 0.6789365 -0.7215824
vn 0.1052512 0.6633366 -0.7408825
vn 0.1358631 0.651279 -0.7465767
vn 0.1162629 0.5753622 -0.8095933
vn 0.187027 0.5367924 -0.822724
vn 0.20807 0.5338883 -0.8195549
vn 0.1430005 0.5446467 -0.8263842
vn 0.09350128 0.5624824 -0.8215054
vn -0.009507758 0.5755609 -0.8177037
vn -0.05846701 0.6872106 -0.7241017
vn 0.05340899 0.8536179 -0.5181544
vn 0.1867916 0.9394557 -0.2872835
vn 0.176141 0.9804607 -0.08758505
vn 0.06676389 0.9966239 -0.04778481
vn 0.06886314 0.9804257 -0.1844546
vn 0.2279987 0.9044365 -0.3605707
vn 0.1543026 0.8268073 -0.540907
vn -0.3266495 0.6905999 -0.6452688
vn -0.6343474 0.5199111 -0.5720978
vn -0.6225463 0.5529467 -0.5537924
vn -0.4646478 0.6635215 -0.5863801
vn -0.3655137 0.6983438 -0.6153987
vn -0.6092816 0.5423916 -0.5784352
vn -0.9303961 0.1195683 -0.3465061
vn -0.9749869 -0.04055685 -0.218531
vn -0.9487269 0.08094727 -0.3055568
vn -0.9314455 0.1209089 -0.343206
vn -0.9668724 0.1185505 -0.226061
vn -0.9516899 0.1849275 -0.2451285
vn -0.9905422 -0.003633632 -0.13716
vn -0.9595512 0.1358383 -0.2465958
vn -0.6571788 0.5634378 -0.5006536
vn -0.36996 0.7174407 -0.5902613
vn -0.9747314 0.2045668 -0.08972768
vn -0.9325453 0.3543928 -0.06902754
vn -0.998634 0.05073964 -0.01246756
vn -0.9771743 0.1554327 -0.1448136
vn -0.6878225 0.5830052 -0.4324407
vn -0.3663136 0.7410353 -0.5627443
vn -0.4198668 0.6768374 -0.6046511
vn -0.4479015 0.6625568 -0.6003355
vn -0.5857556 0.532793 -0.6107553
vn -0.5824068 0.4334708 -0.6876812
vn -0.3149105 0.5223572 -0.7924483
vn 0.1009642 0.6996723 -0.707294
vn 0.1588216 0.8506299 -0.5012031
vn 0.009674833 0.9564418 -0.2917625
vn 0.03259002 0.992284 -0.1196262
vn 0.2150643 0.9759 -0.03696763
vn 0.2598833 0.9362982 -0.2362337
vn 0.136453 0.8583493 -0.4945879
vn 0.01676021 0.7057058 -0.7083068
vn 0.02150161 0.5572945 -0.8300363
vn 0.09018363 0.4896088 -0.8672658
vn 0.136621 0.4698192 -0.8721265
vn 0.1830389 0.4740817 -0.8612453
vn 0.1728728 0.5324604 -0.8286139
vn 0.09016537 0.6106898 -0.7867199
vn 0.1254188 0.6934236 -0.7095306
vn 0.1163007 0.7055166 -0.6990855
vn 0.1292129 0.7175896 -0.6843751
vn 0.1728882 0.7500587 -0.6383742
vn 0.1539275 0.5646849 -0.810825
vn 0.1719814 0.4989735 -0.8493809
vn 0.1351396 0.4728238 -0.8707325
vn 0.1040473 0.4915195 -0.8646286
vn 0.06872376 0.5803762 -0.8114435
vn 0.09168461 0.7267955 -0.6807072
vn 0.2176614 0.8590074 -0.4633895
vn 0.3310877 0.9190414 -0.2138781
vn 0.2179768 0.9465473 -0.2377694
vn -0.007267379 0.8986001 -0.4387084
vn -0.03631213 0.8447971 -0.5338532
vn 0.08100857 0.7327112 -0.6757011
vn 0.03562199 0.5184112 -0.8543893
vn -0.2838922 0.3580977 -0.8894781
vn -0.5223079 0.4068373 -0.7494518
vn -0.5457597 0.5378711 -0.6425269
vn -0.5045806 0.5590112 -0.657955
vn -0.3846532 0.7017587 -0.5996469
vn -0.3566757 0.7681381 -0.531739
vn -0.7079826 0.6074737 -0.3601893
vn -0.981012 0.1873788 -0.05004646
vn -0.9873341 0.1110469 0.1133137
vn -0.9475972 0.3120295 0.06853622
vn -0.8768293 0.4743538 0.07847811
vn -0.9198927 0.3638863 0.1462341
vn -0.8573172 0.4998521 0.1231061
vn -0.9762213 0.1465097 0.1597715
vn -0.9784033 0.2067016 -0.001194249
vn -0.7172726 0.6331099 -0.291019
vn -0.3423025 0.7982219 -0.4956517
vn -0.9305077 0.3473087 0.1163277
vn -0.9000914 0.4319169 0.05730022
vn -0.9806259 0.1496066 0.1264545
vn -0.9793034 0.2021647 0.00971301
vn -0.7251242 0.6475661 -0.2342069
vn -0.3246557 0.8289109 -0.4555274
vn -0.3013447 0.7691308 -0.5635861
vn -0.3447256 0.7335557 -0.5857136
vn -0.461169 0.5903053 -0.6624672
vn -0.4160738 0.4545272 -0.7875834
vn -0.4665588 0.4276071 -0.7742578
vn -0.2427158 0.3061502 -0.9205222
vn -0.0307097 0.3606388 -0.9321998
vn 0.006279514 0.6029704 -0.7977388
vn -0.04690618 0.6833254 -0.7286057
vn -0.02391308 0.6606731 -0.7502927
vn 0.1471612 0.7663287 -0.625367
vn 0.3484975 0.8684945 -0.3525151
vn 0.2934248 0.8606995 -0.4160508
vn 0.1624853 0.7457154 -0.646148
vn 0.1180079 0.6114528 -0.7824318
vn 0.1259342 0.5234353 -0.8427076
vn 0.1360165 0.5046767 -0.8525262
vn 0.1599122 0.5363836 -0.828686
vn 0.1350181 0.6035846 -0.7857835
vn 0.02325162 0.6893284 -0.7240757
vn 0.05873409 0.6488723 -0.7586272
vn 0.1115499 0.7380464 -0.6654653
vn 0.1298048 0.7505947 -0.6478876
vn 0.1245397 0.7589536 -0.6391239
vn 0.1554803 0.795221 -0.5860456
vn 0.1173695 0.8572348 -0.501371
vn 0.06311347 0.9022186 -0.426636
vn -0.1077718 0.8937103 -0.435508
vn -0.1423082 0.8581484 -0.4932847
vn -0.3449093 0.7874794 -0.510797
vn -0.2879376 0.8322146 -0.4738258
vn 0.1332243 0.8415585 -0.5234794
vn 0.1215744 0.8016611 -0.5852855
vn 0.1455976 0.7970024 -0.5861642
vn 0.09282268 0.783727 -0.6141302
vn -0.2202017 0.8764345 -0.4282215
vn 0.06812099 0.8287874 -0.5554014
vn -0.01528795 0.7307566 -0.6824669
vn 0.1154727 0.6463437 -0.7542585
vn 0.1463821 0.5770502 -0.8034832
vn 0.1368887 0.5397007 -0.8306532
vn 0.149578 0.5570129 -0.8169229
vn 0.1672647 0.6426072 -0.7477155
vn 0.2324761 0.7672298 -0.597757
vn 0.3340097 0.8281233 -0.4501657
vn 0.2715671 0.73939 -0.6160794
vn 0.06328913 0.5584949 -0.8270901
vn -0.01073527 0.5083069 -0.861109
vn -0.0378219 0.5289662 -0.8477997
vn -0.06495229 0.4223844 -0.9040866
vn -0.06843583 0.2974605 -0.9522782
vn -0.2089679 0.3355513 -0.918552
vn -0.176764 0.363539 -0.9146551
vn -0.3669969 0.4843159 -0.7941986
vn -0.4139904 0.6275242 -0.6594129
vn -0.06500099 0.304294 -0.9503579
vn -0.08879207 0.2803253 -0.9557895
vn -0.04921205 0.3101676 -0.9494073
vn -0.01713973 0.3900225 -0.9206458
vn 0.01735092 0.4830628 -0.8754138
vn 0.1791176 0.5805084 -0.794309
vn 0.3074687 0.7193744 -0.6228672
vn 0.2869904 0.7688323 -0.571431
vn 0.2162778 0.6744519 -0.7059309
vn 0.1747597 0.5926725 -0.7862559
vn 0.1373719 0.5779159 -0.8044514
vn 0.1310723 0.6211437 -0.7726581
vn 0.09500958 0.6921438 -0.715479
vn -0.05603756 0.7712526 -0.6340577
vn 0.0365386 0.8706595 -0.4905272
vn 0.179724 0.8837517 -0.4320672
vn 0.1627647 0.8423666 -0.5137373
vn 0.1207528 0.8444028 -0.5219222
vn 0.1051883 0.886802 -0.4500196
vn 0.06272294 0.9430135 -0.3267893
vn 0.09086886 0.902764 -0.4204285
vn 0.05557499 0.93709 -0.3446355
vn -0.06492933 0.9267717 -0.3699709
vn 0.05150201 0.9655398 -0.2551086
vn -0.01427087 0.9548962 -0.2965968
vn -0.1412487 0.9170465 -0.3729269
vn 0.07101459 0.9264914 -0.3695545
vn 0.03267207 0.9731387 -0.2278892
vn 0.05118169 0.9854884 -0.1618426
vn 0.04283235 0.975257 -0.2168852
vn -0.05152337 0.9499777 -0.3080386
vn -0.01579789 0.9682826 -0.2493577
vn 0.04376505 0.943067 -0.329711
vn 0.1224195 0.884842 -0.4495197
vn 0.1262212 0.9199078 -0.3712652
vn 0.1936077 0.9171139 -0.348451
vn -0.003279634 0.904381 -0.4267132
vn -0.09750001 0.8073685 -0.5819363
vn 0.07400025 0.7396799 -0.6688779
vn 0.1137633 0.6688236 -0.7346651
vn 0.1371282 0.619626 -0.7728257
vn 0.2014409 0.630785 -0.7493542
vn 0.2626231 0.7033648 -0.6605353
vn 0.2722605 0.6540078 -0.705796
vn 0.2323231 0.4796378 -0.8461522
vn 0.1196451 0.3784116 -0.9178724
vn -0.02273638 0.3228053 -0.9461923
vn -0.04078841 0.272099 -0.9614044
vn -0.05853203 0.2332157 -0.9706618
vn -0.07461221 0.2755848 -0.9583768
vn -0.05144027 0.3231103 -0.9449623
vn -0.1450751 0.3906671 -0.9090282
vn -0.3171051 0.5155975 -0.7959923
vn -0.3617544 0.6670196 -0.6513207
vn -0.255291 0.8056272 -0.5345946
vn -0.3044722 0.8600333 -0.4094377
vn -0.7346885 0.6578641 -0.165673
vn -0.9813986 0.1894628 0.0309938
vn -0.9898989 0.1277233 0.06153869
vn -0.9626705 0.2704199 0.01176591
vn -0.9544304 0.2891036 -0.07403929
vn -0.9809374 0.1802119 -0.07270057
vn -0.9741924 0.1695991 -0.148947
vn -0.9945852 0.1014933 0.02234711
vn -0.9832881 0.1666189 0.07336668
vn -0.7332404 0.6767044 -0.06655463
vn -0.2788099 0.8932465 -0.3526697
vn -0.9882917 0.1248687 -0.08767822
vn -0.9828372 0.1195476 -0.1404975
vn -0.9963236 0.08371586 0.01819577
vn -0.993356 0.1074618 0.04118256
vn -0.7796797 0.6172991 -0.1050779
vn -0.2415165 0.9286206 -0.2816623
vn -0.7018101 0.7016271 -0.1232156
vn -0.1540044 0.8739262 -0.4610159
vn -0.206522 0.8412048 -0.499723
vn -0.303705 0.7058647 -0.6399362
vn -0.2656484 0.5476661 -0.7934058
vn -0.1137032 0.4185165 -0.9010636
vn -0.03588637 0.3441981 -0.9382111
vn -0.0596314 0.296048 -0.9533098
vn -0.05741366 0.2606312 -0.9637297
vn -0.04503964 0.2728551 -0.9610003
vn -0.0272713 0.2485153 -0.968244
vn 0.08212651 0.2457431 -0.9658496
vn 0.1708996 0.3198715 -0.9319203
vn 0.1906255 0.4466412 -0.8741702
vn 0.2447186 0.6202013 -0.745294
vn 0.2285239 0.6701012 -0.7062162
vn 0.1357847 0.6650179 -0.7343798
vn 0.09432207 0.7202256 -0.6872978
vn 0.05434005 0.7872236 -0.6142688
vn -0.1347282 0.8279756 -0.5443388
vn -0.06047897 0.9106513 -0.4087254
vn 0.197562 0.9372153 -0.2873967
vn 0.1297343 0.9457974 -0.2977186
vn 0.04424365 0.9701817 -0.2383065
vn -0.02646485 0.9573573 -0.2876917
vn 0.009850649 0.9611972 -0.2756862
vn 0.05095653 0.9880146 -0.1457065
vn 0.09036455 0.9795843 -0.1795796
vn 0.04663989 0.9702582 -0.2375368
vn 0.108315 0.97939 -0.1704788
vn 0.09456842 0.9745885 -0.2030616
vn 0.01226014 0.9415644 -0.33661
vn 0.003197731 0.9632407 -0.2686206
vn -0.008610968 0.948725 -0.315985
vn 0.06448267 0.9749819 -0.2127255
vn 0.108993 0.9863417 -0.1234933
vn -0.06065398 0.8520249 -0.5199755
vn -0.03064431 0.7880799 -0.6148098
vn 0.1210586 0.916077 -0.3822928
vn 0.1610615 0.9042112 -0.3955518
vn -0.1316034 0.8499866 -0.5101015
vn -0.1468791 0.837702 -0.5260056
vn 0.04034226 0.8350888 -0.5486338
vn 0.07168189 0.774084 -0.6290116
vn 0.1329984 0.7131735 -0.688255
vn 0.213222 0.6488466 -0.7304345
vn 0.1773617 0.5204731 -0.8352547
vn 0.1483317 0.4146739 -0.8977991
vn 0.1459631 0.3456988 -0.9269235
vn 0.07203867 0.2840845 -0.9560892
vn -0.01997129 0.273888 -0.9615542
vn -0.04566194 0.2897491 -0.9560127
vn -0.0545989 0.289864 -0.9555092
vn -0.04627435 0.3204857 -0.9461224
vn -0.01907301 0.3686416 -0.9293759
vn -0.08272188 0.4487787 -0.889806
vn -0.2134119 0.5812835 -0.7852165
vn -0.2404712 0.7421382 -0.6256233
vn -0.1743813 0.7766929 -0.6052597
vn -0.09583142 0.8995965 -0.4260779
vn -0.2423037 0.9354938 -0.2571777
vn -0.1621745 0.6183903 -0.7689557
vn -0.05224808 0.4837826 -0.8736273
vn -0.001334962 0.3977473 -0.9174941
vn -0.03426015 0.8824719 -0.4691158
vn -0.2358438 0.9252298 -0.2971996
vn -0.8188436 0.5675321 -0.08603837
vn -0.8581447 0.4955334 -0.1342923
vn -0.9914218 0.1071672 0.07482094
vn -0.9976047 0.06702575 0.01709539
vn -0.992651 0.09420326 -0.07595877
vn -0.9886528 0.0847876 -0.1240029
vn -0.9204639 0.3870975 -0.05386847
vn -0.9950623 0.05238638 -0.08430141
vn -0.9902961 0.01828744 -0.137765
vn -0.99918 0.04008914 -0.005673606
vn -0.9993351 0.03392715 0.01334643
vn -0.9952489 -0.003942028 -0.09728416
vn -0.9893661 -0.05268016 -0.1355719
vn -0.9994741 0.01579707 -0.02831843
vn -0.9941418 -0.01173175 -0.1074452
vn -0.8962224 0.1995666 -0.39618
vn -0.9969104 -0.03086633 -0.07222781
vn -0.995561 -0.05124432 -0.07894504
vn -0.9997731 0.00499869 -0.02070706
vn -0.9899685 0.05262581 -0.1311217
vn -0.7388353 0.1246195 -0.6622631
vn -0.8408938 0.2137685 -0.4971927
vn -0.2366624 0.6896392 -0.6843892
vn -0.2109915 0.3474472 -0.9136536
vn -0.01164333 0.5308145 -0.8474081
vn -0.001626242 0.8000247 -0.5999648
vn -0.1784204 0.7639804 -0.6200806
vn -0.08103361 0.8285344 -0.5540437
vn -0.1117218 0.8115977 -0.5734348
vn -0.1140486 0.662249 -0.7405533
vn -0.02215041 0.5264138 -0.8499399
vn 0.01722309 0.4331028 -0.9011799
vn -0.02262405 0.3849364 -0.9226658
vn -0.03403022 0.3496215 -0.9362728
vn -0.05104457 0.3219492 -0.9453799
vn -0.04468435 0.315341 -0.9479258
vn -0.0170158 0.3056086 -0.9520052
vn 0.0598948 0.3284025 -0.9426369
vn 0.1258181 0.3974565 -0.9089544
vn 0.1298157 0.4693117 -0.8734382
vn 0.1389347 0.5321115 -0.8351973
vn 0.162359 0.6322928 -0.7575258
vn 0.110932 0.7500968 -0.6519577
vn 0.04664098 0.8301154 -0.5556374
vn 0.03119113 0.8856686 -0.4632692
vn -0.1122956 0.8750352 -0.4708535
vn -0.1526568 0.7996776 -0.5806992
vn 0.09683151 0.8388493 -0.5356823
vn 0.133723 0.8574629 -0.4968655
vn 0.02597751 0.8683774 -0.4952232
vn 0.06810835 0.7990245 -0.5974287
vn 0.117062 0.6765508 -0.7270319
vn 0.1204719 0.6037664 -0.7880055
vn 0.1093566 0.5392013 -0.8350467
vn 0.1040054 0.4625935 -0.8804488
vn 0.04365571 0.3786063 -0.9245276
vn -0.01711804 0.3423045 -0.9394332
vn -0.04273136 0.3484806 -0.9363414
vn -0.04710537 0.359192 -0.9320742
vn -0.04291287 0.4042062 -0.9136606
vn -0.01193272 0.4287914 -0.9033248
vn 0.03669481 0.4769962 -0.878139
vn 0.007826579 0.5805125 -0.8142138
vn -0.06999254 0.7160798 -0.6945004
vn -0.03990194 0.3901649 -0.91988
vn -0.01911112 0.3854351 -0.922537
vn 0.02044522 0.4360588 -0.8996859
vn 0.07819048 0.5447685 -0.8349333
vn 0.08739413 0.6255915 -0.7752402
vn 0.1029043 0.6844916 -0.7217216
vn 0.07777823 0.7471921 -0.6600413
vn 0.01946105 0.8591068 -0.5114262
vn 0.03033327 0.9144524 -0.4035548
vn 0.007634034 0.8653267 -0.5011501
vn 0.005157181 0.8971617 -0.4416721
vn -0.06024457 0.9069116 -0.4169914
vn -0.1099802 0.7871995 -0.6068124
vn 0.01179907 0.7747066 -0.6322108
vn 0.175552 0.8736044 -0.4538689
vn 0.01657376 0.7300173 -0.6832276
vn -0.1214766 0.6111091 -0.7821695
vn -0.07255792 0.6600364 -0.7477214
vn -0.01275453 0.9334016 -0.3586069
vn 0.004292555 0.945315 -0.3261305
vn 0.0358175 0.9703207 -0.2391543
vn -0.009025525 0.7110939 -0.7030391
vn -0.0009854749 0.8065197 -0.5912064
vn 0.1152503 0.7521421 -0.6488448
vn -0.06085262 0.5736694 -0.8168234
vn -0.07082899 0.3790771 -0.9226504
vn -0.01080015 0.3379401 -0.9411056
vn -0.03775854 0.3489145 -0.9363936
vn 0.01094091 0.3892725 -0.9210576
vn 0.056379 0.3783662 -0.9239375
vn 0.08048528 0.6988329 -0.7107424
vn -0.05861348 0.570702 -0.8190628
vn -0.01587838 0.791375 -0.6111248
vn -0.07757697 0.8326276 -0.5483731
vn -0.08915373 0.6456542 -0.7584077
vn 0.106827 0.8897752 -0.4437207
vn 0.01713486 0.9290706 -0.3695053
vn -0.06676999 0.8034934 -0.5915574
vn 0.05086838 0.7272749 -0.6844587
vn 0.09680979 0.7549285 -0.6486222
vn 0.06449721 0.7261838 -0.6844684
vn 0.04459479 0.6425098 -0.7649787
vn -0.01302238 0.5002318 -0.8657936
vn -0.02170901 0.4369364 -0.8992305
vn -0.03607238 0.4428301 -0.8958796
vn -0.03835826 0.4603646 -0.8869008
vn -0.001928212 0.4845987 -0.8747345
vn 0.05828824 0.5459943 -0.8357587
vn 0.0332289 0.6554663 -0.7544931
vn -0.0269318 0.7656075 -0.6427439
vn -0.07550033 0.6752294 -0.7337337
vn -0.03665075 0.2950831 -0.9547684
vn -0.004263857 0.2731929 -0.9619498
vn -0.1741932 0.1413779 -0.9745096
vn -0.6825041 0.1519184 -0.7149189
vn -0.005431322 0.5714672 -0.8206069
vn -0.009078992 0.7865921 -0.6174063
vn 0.08729946 0.7827851 -0.6161383
vn 0.0129139 0.566662 -0.8238492
vn -0.03302488 0.5318853 -0.8461722
vn -0.03104281 0.5102831 -0.8594461
vn -0.02100315 0.4945338 -0.8689046
vn -0.05835853 0.5410379 -0.838971
vn -0.005075821 0.7049729 -0.7092162
vn 0.03841289 0.7942989 -0.6063116
vn 0.1087639 0.8219107 -0.5591361
vn 0.09101785 0.7613736 -0.6418925
vn -0.1072565 0.614744 -0.7813999
vn -0.1239413 0.596956 -0.7926424
vn 0.121782 0.7409471 -0.660429
vn 0.09848026 0.691677 -0.7154611
vn -0.002265702 0.5944167 -0.804154
vn -0.08512186 0.4726222 -0.8771446
vn -0.07953628 0.4656187 -0.8814042
vn -0.006259737 0.5598262 -0.8285865
vn -0.02476173 0.5953323 -0.8030979
vn -0.0249721 0.6222231 -0.7824415
vn 0.09193422 0.7292334 -0.6780609
vn 0.1063915 0.8043914 -0.5844957
vn -0.02926322 0.605921 -0.7949865
vn -0.03353667 0.2593917 -0.9651898
vn -0.007631904 0.06574069 -0.9978076
vn 0.002319126 0.03283809 -0.999458
vn -0.1054556 0.07751417 -0.9913983
vn -0.590477 0.1327434 -0.7960628
vn 0.001612662 0.02206409 -0.9997552
vn -0.03352147 0.1006823 -0.9943538
vn -0.5034151 0.2127971 -0.837431
vn -0.02131447 0.05330051 -0.998351
vn -0.1112502 0.1695027 -0.9792305
vn 0.001398871 0.4213389 -0.9069023
vn 0.08487628 0.3941487 -0.9151189
vn 0.1175249 0.6913038 -0.7129425
vn -0.02010966 0.6944858 -0.7192253
vn -0.01474946 0.6791006 -0.733897
vn 0.01937407 0.6505849 -0.7591863
vn -0.004643545 0.551972 -0.8338497
vn -0.07873236 0.293065 -0.9528453
vn -0.03807377 0.1910725 -0.9808372
vn -0.01478019 0.2302068 -0.9730295
vn 0.08077053 0.6959441 -0.713539
vn 0.1278248 0.7637678 -0.6327081
vn -0.003789301 0.6818693 -0.7314641
vn -0.1138687 0.3404375 -0.9333467
vn -0.03843471 0.2034984 -0.9783206
vn 0.0837049 0.3444999 -0.9350471
vn 0.05708877 0.6160248 -0.7856554
vn -0.04470981 0.1621888 -0.9857463
vn 0.06096051 0.4240909 -0.9035656
vn 0.04573552 0.4604349 -0.8865146
vn -0.006072221 0.2673735 -0.9635739
vn -0.05031597 0.08352826 -0.9952343
vn 0.0289861 0.09409607 -0.995141
vn -0.01082832 0.03571462 -0.9993033
vn -2.368165E-05 0.01498728 -0.9998877
vn 0.01965998 0.1000138 -0.9947918
vn -0.09237827 0.2888664 -0.9529021
vn -0.03139772 0.6096217 -0.7920703
vn 0.03957001 0.5275449 -0.8486051
vn -0.06287677 0.2658126 -0.9619721
vn 0.05487726 0.3079749 -0.9498104
vn -0.02498389 0.1406512 -0.9897439
vn -0.01094598 0.06514405 -0.9978158
vn 0.01894212 0.06510617 -0.9976985
vn 0.01368761 0.03182921 -0.9993997
vn -0.02243085 0.1988989 -0.9797633
vn 0.002089324 0.1497479 -0.988722
vn -0.01883096 0.1873082 -0.9821207
vn -0.004210765 0.01241678 -0.9999141
vn -0.005815425 0.01532786 -0.9998657
vn 0.006368985 0.03633145 -0.9993194
vn 0.01504414 -0.001437172 -0.9998858
vn 0.01861634 0.004263503 -0.9998177
vn -0.007316897 0.005335911 -0.999959
vn -0.01844756 0.01316523 -0.9997432
vn 0.01955821 0.013411 -0.9997187
vn -0.01819391 -0.006329335 -0.9998145
vn -0.02162437 -0.006093314 -0.9997476
vn 0.01206494 -0.006928064 -0.9999032
vn 0.01737422 0.00140972 -0.999848
vn -0.005345372 0.003313671 -0.9999802
vn -0.0201805 0.0005242567 -0.9997962
vn 0.02310734 0.005611848 -0.9997172
vn -0.009698737 -0.007313572 -0.9999262
vn 0.005651278 0.0001403709 -0.999984
vn 0.009693899 0.02664 -0.9995981
vn -0.04572338 0.006139493 -0.9989353
vn 0.02623552 0.03874905 -0.9989045
vn 0.04504568 0.1218713 -0.9915233
vn -0.004907034 0.1323785 -0.9911872
vn -0.04704814 0.05100534 -0.9975896
vn -0.008952635 0.1031409 -0.9946265
vn -0.004038928 0.2325761 -0.9725698
vn 0.05880258 0.4703715 -0.8805071
vn 0.002006176 0.4594815 -0.8881851
vn -0.002091383 0.461796 -0.8869838
vn -0.007005914 0.5061802 -0.8623994
vn -0.04371653 0.2800199 -0.9589983
vn -0.04853157 0.1538212 -0.9869061
vn -0.0476513 0.08135276 -0.9955456
vn 0.07451102 0.2363549 -0.9688056
vn 0.2295759 0.2168585 -0.9488242
vn 0.01431538 0.3451352 -0.9384438
vn -0.1468962 0.08308335 -0.9856565
vn -0.04129228 0.05251038 -0.9977664
vn -0.002467235 0.01551614 -0.9998766
vn 0.04546954 0.1158411 -0.9922265
vn -0.3932261 0.2771173 -0.8766866
vn -0.3855218 0.3569903 -0.8508413
vn 0.01272414 0.01348646 -0.9998281
vn 0.1597072 0.3034033 -0.9393827
vn -0.1104291 0.378107 -0.919152
vn -0.4767768 0.4631527 -0.7471101
vn -0.928001 0.1603679 -0.3362976
vn -0.9414529 0.1346167 -0.3091032
vn -0.999685 0.0005712133 -0.0250886
vn -0.99975 0.0121446 0.01877432
vn -0.9997161 -0.006830374 0.02282746
vn -0.9999595 -0.008714121 0.002292207
vn -0.9998538 -0.009824584 -0.01399465
vn -0.9991573 -0.02071175 -0.03543671
vn -0.9995002 -0.01771955 -0.02618076
vn -0.9999918 0.003771165 0.001494642
vn -0.9834388 0.09006155 -0.1572799
vn -0.7547362 0.1857156 -0.6291924
vn -0.9997035 0.01076104 0.0218438
vn -0.973166 0.1160631 -0.1986891
vn -0.6833989 0.2654956 -0.6800574
vn -0.999915 -0.01002176 0.008343466
vn -0.9563454 0.1413293 -0.2557916
vn -0.7133614 0.2628409 -0.6496384
vn -0.6262563 0.3177811 -0.7119115
vn -0.5020789 0.2939637 -0.8133278
vn -0.6012921 0.2278916 -0.7658415
vn -0.9996392 -0.01854261 0.01943418
vn -0.9995968 -0.02532609 0.01283857
vn -0.9993311 -0.03650262 0.002194475
vn -0.9988952 -0.04696211 -0.001755623
vn -0.9983606 -0.01940984 -0.05384584
vn -0.9975137 -0.05765552 -0.0405265
vn -0.9829409 -0.02506841 -0.1822056
vn -0.7957175 0.2261401 -0.5618668
vn -0.2751165 0.5217431 -0.807524
vn -0.009800529 0.4533218 -0.891293
vn 0.1957871 0.114479 -0.9739415
vn 0.2923675 0.4737296 -0.8307235
vn -0.004367953 -0.005885083 -0.9999732
vn -0.0487721 0.02398631 -0.9985219
vn -0.1355991 0.07996441 -0.9875316
vn -0.06518527 0.1080163 -0.9920098
vn -0.09130718 0.07168723 -0.993239
vn -0.2030717 0.1104484 -0.9729148
vn 0.137404 0.1278822 -0.9822252
vn 0.1370633 -0.001251437 -0.9905615
vn -0.08121956 0.05423528 -0.9952195
vn -0.01200016 0.1129882 -0.9935238
vn 0.03239514 0.1425336 -0.9892596
vn -0.014032 0.08651306 -0.9961519
vn 0.007089393 0.2058638 -0.978555
vn 0.06835553 0.1484437 -0.9865556
vn 0.008058159 0.05036661 -0.9986982
vn -0.03672507 0.0113484 -0.999261
vn -0.05563216 0.0790199 -0.9953195
vn 0.05232611 0.04611292 -0.9975648
vn 0.05240469 0.01479035 -0.9985164
vn -0.0273156 -0.08803394 -0.9957429
vn -0.0528358 -0.05873459 -0.9968745
vn 0.03879173 -0.0216286 -0.9990132
vn -0.03397881 -0.04415394 -0.9984468
vn 0.02098079 -0.008797385 -0.9997411
vn -0.007747137 0.000255097 -0.99997
vn -0.01527158 -0.01132161 -0.9998193
vn 0.008590065 -0.01047353 -0.9999083
vn 0.01544213 0.0004360247 -0.9998807
vn -0.003640655 0.002858038 -0.9999893
vn -0.01596638 0.0005967144 -0.9998723
vn 0.002717408 -0.01424208 -0.9998949
vn 0.01412134 -0.004786093 -0.9998889
vn 0.0001380599 0.002361123 -0.9999973
vn -0.01260259 0.001761889 -0.9999191
vn -0.003228362 -0.01017572 -0.999943
vn 0.009297264 -0.01202803 -0.9998845
vn 0.008067632 0.0005971687 -0.9999673
vn -0.003078728 0.002433992 -0.9999924
vn 0.001270516 0.01239293 -0.9999224
vn -0.005966059 -0.05352559 -0.9985486
vn -0.01275262 -0.03486146 -0.9993107
vn -1.80522E-05 -0.04400078 -0.9990315
vn -0.08580802 -0.2052446 -0.9749418
vn 0.05090847 -0.08237637 -0.9953002
vn 0.07004153 0.00516127 -0.9975308
vn -0.01114403 0.0472301 -0.9988218
vn -0.07879291 0.02789429 -0.9965006
vn 0.02021404 0.03853578 -0.9990527
vn 0.05789862 0.1406838 -0.9883602
vn 0.05077787 0.170489 -0.9840503
vn -0.05812078 0.1039981 -0.9928778
vn 0.04218611 0.02621942 -0.9987657
vn -0.5472103 0.07532801 0.8335984
vn -0.6896374 0.06384059 0.7213353
vn -0.2674313 0.04702418 0.9624287
vn 0.5051342 -0.5502181 0.6649056
vn 0.3840429 -0.2846169 0.8783531
vn 0.1844878 -0.7465014 0.6392963
vn -0.248218 0.8691718 0.4277011
vn -0.1861643 0.5665806 0.8027013
vn -0.03064727 0.6671877 0.7442589
vn 0.05257262 0.2430261 0.9685941
vn -0.9867443 0.08360483 0.13909
vn -0.7611077 0.1979397 0.6176851
vn -0.7577057 0.1405133 0.6372896
vn -0.3343009 0.3064986 0.8912359
vn -0.400342 0.9162946 0.01142687
vn -0.974978 0.2026247 0.09143996
vn -0.8742453 0.4191815 0.2449124
vn -0.9965476 -0.06269625 0.05442462
vn -0.9914273 -0.1306561 -0.001004499
vn -0.962725 0.2609108 -0.07131664
vn -0.9810971 -0.1102578 0.1590337
vn -0.9665441 0.01851737 0.2558313
vn -0.9528382 -0.1490545 0.2643524
vn -0.9448937 0.1292238 0.3007942
vn -0.9836636 -0.1547281 0.09200668
vn -0.831468 0.5555618 0.003444071
vn -0.948275 0.3117063 0.06011233
vn -0.9450559 0.2922556 -0.1464787
vn -0.9118348 -0.1684198 0.3744224
vn -0.7682685 0.1825376 0.6135499
vn -0.813886 0.491388 -0.3100441
vn -0.8803034 0.3212638 -0.3490781
vn -0.9396255 0.2259676 -0.2569877
vn -0.9667986 0.03820266 -0.2526678
vn -0.9845755 -0.1604697 -0.06971703
vn -0.9054518 0.2947656 -0.3054018
vn -0.7470612 0.2628123 -0.6105976
vn -0.8703688 0.1273859 -0.4756376
vn -0.9101206 -0.189126 0.3686624
vn -0.7008213 0.2043195 0.6834493
vn -0.9768058 -0.1899891 -0.09876516
vn -0.9612241 -0.2754033 -0.01418181
vn -0.7939761 0.1265276 -0.5946366
vn -0.9118789 0.2311017 -0.3392182
vn -0.8707976 0.06093629 0.4878506
vn -0.9141518 -0.06873861 0.3995017
vn -0.9007099 -0.1836735 0.3936825
vn -0.6678706 0.2762065 0.6911287
vn -0.9443644 -0.209133 0.2538486
vn -0.9138933 0.02637167 0.4050971
vn -0.9594362 -0.1927433 0.2057477
vn -0.9863328 -0.04460735 -0.1586116
vn -0.9622875 -0.159172 0.2206057
vn -0.963092 0.1398012 -0.2300207
vn -0.8427393 0.121418 0.5244504
vn -0.9290787 -0.1175713 0.3506989
vn -0.978974 -0.1943734 0.06187724
vn -0.7231181 -0.2797886 0.6315208
vn -0.6749396 0.3923004 0.6249455
vn -0.9997386 -0.02277379 -0.001993571
vn -0.9788807 0.1243457 -0.1622675
vn -0.8994731 -0.229513 0.3718492
vn -0.6359493 -0.1439535 0.7581859
vn -0.8357636 0.2214676 0.5024454
vn -0.7975963 0.4313327 0.421654
vn -0.9289816 0.0236203 -0.3693717
vn -0.9533215 -0.2704537 -0.1342874
vn -0.9381014 0.136999 -0.3181146
vn -0.5479043 0.3339144 0.7670084
vn 0.177608 0.07967624 0.9808705
vn -0.1601961 -0.08973494 0.9829979
vn 0.3830354 0.06701514 0.9212995
vn -0.4615945 -0.1876801 0.8670102
vn -0.1982662 -0.02567063 0.979812
vn 0.09877213 0.1258404 0.9871212
vn -0.1104165 0.0344611 0.9932879
vn -0.5129917 -0.04397178 0.8572667
vn -0.6299807 0.1215286 0.767043
vn -0.5142466 -0.1535696 0.8437812
vn -0.5882847 -0.2442418 0.7708871
vn -0.5691432 0.4645226 0.6784503
vn -0.8658147 -0.494113 0.07884936
vn -0.86293 -0.4615177 0.2057992
vn -0.9305021 -0.3548919 -0.09064995
vn -0.7776814 -0.5225415 -0.349517
vn -0.9305021 -0.3548919 -0.09064995
vn -0.6873495 -0.3808762 -0.6184528
vn -0.510572 -0.4215055 -0.7494326
vn -0.8971941 -0.3936191 -0.2002663
vn -0.929817 -0.3675092 0.01942444
vn -0.7990918 -0.2389807 0.5516708
vn -0.5982076 -0.391765 -0.6990479
vn -0.189758 -0.3274989 -0.9256005
vn -0.4081387 -0.399841 -0.8207009
vn -0.742272 -0.002651118 -0.6700934
vn 0.5043685 -0.007057988 -0.8634597
vn -0.02298447 -0.2188759 -0.9754819
vn 0.1205464 -0.1695497 -0.9781214
vn -0.9072262 -0.1970881 -0.3716139
vn -0.3077515 0.6142031 -0.726666
vn -0.6547421 0.2891609 -0.6983545
vn 0.009164135 0.5277274 -0.8493644
vn 0.1405374 0.4989406 -0.8551651
vn -0.008658549 0.37493 -0.9270127
vn -0.1028284 0.1724313 -0.9796396
vn 0.04803395 0.3119042 -0.9488986
vn -0.7257951 0.2725763 0.6316041
vn -0.7887438 0.5121036 0.340049
vn -0.4645778 0.262336 0.8457821
vn -0.6659541 0.53319 0.5217411
vn -0.6432921 0.7647318 -0.03688444
vn -0.7887438 0.5121036 0.340049
vn -0.6148195 0.7884725 0.01754935
vn -0.8179383 0.3221551 0.4766476
vn -0.8060819 0.3344205 0.488257
vn -0.7257951 0.2725763 0.6316041
vn -0.6070577 0.007022273 0.7946268
vn -0.6070577 0.007022273 0.7946268
vn -0.578225 0.2232859 0.7847288
vn -0.4645778 0.262336 0.8457821
vn -0.6409217 0.3127263 0.7010148
vn -0.6962898 0.3559422 0.6232863
vn -0.2188035 0.3562547 0.9084094
vn -0.6962898 0.3559422 0.6232863
vn -0.1152332 0.7114872 0.6931863
vn -0.6965017 0.4096402 0.5891352
vn -0.7271461 0.4831906 0.4876325
vn -0.6409217 0.3127263 0.7010148
vn -0.6962898 0.3559422 0.6232863
vn -0.7979045 0.5492885 0.2482549
vn -0.8631966 0.4626262 0.2021601
vn -0.688166 0.6830467 -0.2446932
vn -0.656738 0.6880239 -0.3087364
vn -0.6791631 0.3590927 0.6401484
vn 0.2750891 0.9029264 0.330227
vn 0.2024419 0.8884051 0.4120118
vn 0.3115581 0.880532 0.3572043
vn 0.1212156 0.7252907 0.6776875
vn 0.09682676 0.675817 0.730682
vn 0.2024419 0.8884051 0.4120118
vn 0.1212156 0.7252907 0.6776875
vn 0.3115581 0.880532 0.3572043
vn -0.9567639 -0.04522781 0.2873281
vn -0.9075835 0.08122019 0.4119412
vn -0.8680593 0.04191288 0.4946882
vn -0.8680593 0.04191288 0.4946882
vn -0.8810177 0.1821535 0.4366098
vn -0.8730474 -0.04791952 0.4852753
vn -0.9645337 0.2610628 -0.03899759
vn -0.9567639 -0.04522781 0.2873281
vn -0.8694125 0.4885638 0.07366902
vn -0.9800506 0.07601564 0.1836367
vn -0.7848736 0.6192052 0.02363211
vn -0.8232369 0.5404274 -0.1738368
vn -0.8563215 0.4916327 -0.1581481
vn -0.8166484 0.5539189 0.162047
vn -0.7938699 0.4755236 0.379009
vn -0.7815112 0.4301618 0.4518861
vn -0.740662 0.6675878 0.07580446
vn -0.8019865 0.5972672 0.009475102
vn -0.7938699 0.4755236 0.379009
vn -0.7013991 0.2299555 0.6746554
vn -0.563754 0.3832122 0.7316624
vn -0.7924607 0.3727885 0.4827367
vn -0.7345907 0.2267203 0.639511
vn -0.7938699 0.4755236 0.379009
vn -0.6980622 0.6669838 0.2604643
vn -0.5761992 0.6272119 0.5240224
vn -0.740662 0.6675878 0.07580446
vn 0.3463674 0.5058076 0.7900559
vn 0.381276 0.4379954 0.8141184
vn 0.8102441 0.2532844 0.5285372
vn -0.563754 0.3832122 0.7316624
vn -0.363429 -0.01089187 0.9315583
vn -0.7013991 0.2299555 0.6746554
vn -0.828124 0.3248668 0.4568066
vn -0.7815112 0.4301618 0.4518861
vn -0.8166484 0.5539189 0.162047
vn -0.8819079 0.3501006 0.3157023
vn -0.8019865 0.5972672 0.009475102
vn -0.7918448 0.5994367 -0.1168651
vn -0.740662 0.6675878 0.07580446
vn -0.8530565 0.5197567 0.0463402
vn -0.5658576 -0.007959176 0.8244647
vn -0.4786249 -0.2522213 0.8410129
vn -0.886939 0.3759424 0.2683402
vn -0.8009312 0.492537 -0.3404651
vn -0.7182106 0.6315159 -0.2921667
vn -0.8530565 0.5197567 0.0463402
vn -0.2793352 -0.01319024 0.9601031
vn -0.7854639 0.147716 0.6010211
vn -0.4927711 -0.1196595 0.8618923
vn -0.03916379 0.1160219 0.9924743
vn -0.1600258 0.886979 0.4331973
vn 0.2389136 0.8948782 0.3769793
vn 0.3515903 0.7156489 0.6035155
vn 0.4245037 0.8269014 0.3688235
vn 0.4208404 0.6065991 0.6744858
vn 0.3434456 0.3620961 0.8665631
vn -0.5235667 0.5664524 0.6364036
vn -0.6072854 0.7850521 0.1220555
vn -0.7574006 0.4434357 0.4792798
vn -0.5974572 0.260572 0.7583845
vn -0.7296361 0.157309 0.6654961
vn -0.2790911 0.9351399 0.2182235
vn -0.6015618 0.5807384 0.5485128
vn -0.5974572 0.260572 0.7583845
vn -0.7296361 0.157309 0.6654961
vn -0.3061289 0.1128946 0.9452725
vn -0.1627384 -0.03359829 0.986097
vn -0.5974572 0.260572 0.7583845
vn -0.3061289 0.1128946 0.9452725
vn -0.4616911 0.4511857 0.763723
vn -0.6118433 0.0193266 0.7907428
vn -0.5235667 0.5664524 0.6364036
vn -0.5579404 0.7725041 0.3032161
vn -0.4616911 0.4511857 0.763723
vn -0.6148195 0.7884725 0.01754935
vn -0.6432921 0.7647318 -0.03688444
vn -0.5180813 0.787649 -0.3334678
vn -0.6659541 0.53319 0.5217411
vn -0.6717257 0.2327074 0.7033008
vn -0.6578438 0.7149071 0.2369585
vn -0.8179383 0.3221551 0.4766476
vn -0.6070577 0.007022273 0.7946268
vn -0.4604955 -0.1770195 0.8698322
vn -0.667384 -0.0336126 0.7439548
vn -0.6070577 0.007022273 0.7946268
vn -0.4645778 0.262336 0.8457821
vn -0.7812687 0.09962351 0.6161935
vn -0.8634498 0.1798019 0.4713022
vn -0.7620437 0.3642104 0.5353879
vn -0.8401468 0.3056037 0.4480622
vn -0.7741477 0.4310056 0.4636048
vn -0.6786293 -0.07190307 0.7309529
vn -0.7141182 0.6299354 0.3053137
vn -0.808015 0.5888598 -0.01886478
vn -0.7883177 0.6150552 -0.01619663
vn -0.3874337 0.5562117 -0.7352032
vn -0.5557675 0.5686328 -0.606448
vn -0.64417 0.6717092 0.3658573
vn -0.7537469 0.4471942 0.4815422
vn -0.8694125 0.4885638 0.07366902
vn -0.8563215 0.4916327 -0.1581481
vn -0.8810177 0.1821535 0.4366098
vn -0.8311055 0.314433 0.458689
vn -0.9169202 0.2174683 0.3346117
vn -0.5999287 0.5599393 0.5714487
vn 0.2353687 0.2611985 -0.9361501
vn 0.2730268 0.5474657 -0.7910357
vn -0.1383393 0.8232499 -0.5505649
vn -0.1383393 0.8232499 -0.5505649
vn -0.6947806 0.6537899 -0.299731
vn -0.609006 0.760875 0.2240107
vn -0.09694624 0.9817364 0.1636921
vn -0.04116302 0.8729725 0.4860295
vn -0.03734794 0.8770504 0.4789444
vn 0.2439235 0.9249027 -0.2916439
vn -0.28749 0.8476962 -0.4458256
vn 0.2439235 0.9249027 -0.2916439
vn 0.8877063 0.3855042 0.2517218
vn 0.7472719 0.4232824 0.5122663
vn 0.8202917 0.3023482 0.4854967
vn 0.9517837 0.3040286 0.04091844
vn 0.8008424 0.4680116 0.3736529
vn -0.6409217 0.3127263 0.7010148
vn -0.2188035 0.3562547 0.9084094
vn -0.5135915 0.2894237 0.8077486
vn -0.6965017 0.4096402 0.5891352
vn -0.7617218 0.2826218 0.5830135
vn -0.7271461 0.4831906 0.4876325
vn -0.7979045 0.5492885 0.2482549
vn -0.8456823 0.521147 -0.1150104
vn -0.7863603 0.5641764 -0.2516792
vn -0.688166 0.6830467 -0.2446932
vn -0.656738 0.6880239 -0.3087364
vn -0.3665004 0.6541095 -0.6616784
vn -0.7174033 0.606857 -0.3421362
vn 0.1212156 0.7252907 0.6776875
vn 0.1763865 0.5220765 0.8344602
vn -0.3037885 0.1102637 0.9463374
vn -0.6530408 0.5978862 -0.4648331
vn -0.3768721 0.5138311 -0.7706783
vn -0.7841498 0.6202787 -0.01906055
vn -0.8542817 0.3697412 0.3653686
vn -0.8967938 0.4421876 0.01519951
vn 0.1345528 0.6277199 0.7667223
vn -0.1378527 0.9181926 0.3713742
vn 0.004857619 0.8335231 0.5524633
vn -0.07277011 0.1804704 0.9808848
vn 0.1345528 0.6277199 0.7667223
vn 0.08178338 0.3124069 0.9464214
vn 0.004857619 0.8335231 0.5524633
vn 0.2482478 0.4730788 0.8453221
vn -0.384424 0.06477024 0.9208816
vn -0.1730801 -0.2274121 0.9582938
vn -0.9097512 -0.1507188 0.3868287
vn -0.9573546 0.2768119 -0.0827496
vn -0.9190829 0.3782531 -0.1105048
vn 0.9305575 0.3309638 0.156607
vn 0.9305575 0.3309638 0.156607
vn 0.8102441 0.2532844 0.5285372
vn -0.740662 0.6675878 0.07580446
vn -0.3291879 0.8958006 0.2986247
vn -0.6980622 0.6669838 0.2604643
vn -0.2276365 0.9721886 0.0550535
vn -0.6072854 0.7850521 0.1220555
vn -0.3058463 0.84493 -0.4388067
vn -0.2054751 0.4849176 -0.8500793
vn -0.6915071 0.6745324 -0.2585034
vn -0.7117041 0.3890627 -0.5848996
vn -0.629189 0.1021789 -0.7705067
vn -0.6915071 0.6745324 -0.2585034
vn -0.6851666 0.728371 -0.004736588
vn -0.70358 0.629654 -0.3294099
vn -0.5787529 0.791425 -0.1967016
vn -0.7117041 0.3890627 -0.5848996
vn -0.7231784 0.3068344 -0.6187614
vn -0.629189 0.1021789 -0.7705067
vn -0.5923107 0.4018998 -0.6983155
vn -0.3431186 0.4034003 -0.8482558
vn -0.4741735 0.4477014 -0.7581048
vn -0.5704648 0.6178365 -0.5411543
vn -0.5923107 0.4018998 -0.6983155
vn -0.7423026 0.5016674 -0.4442033
vn -0.8411392 0.261345 -0.4734804
vn -0.9514276 0.2481548 -0.1822215
vn -0.5704648 0.6178365 -0.5411543
vn -0.4741735 0.4477014 -0.7581048
vn -0.7027525 0.6836506 -0.1968776
vn -0.8907472 0.4458386 0.08830167
vn -0.6827819 0.6942459 0.2276657
vn -0.6908762 0.6047051 0.3962598
vn -0.6827819 0.6942459 0.2276657
vn -0.7027525 0.6836506 -0.1968776
vn -0.4964953 0.8680019 0.008064221
vn -0.5704648 0.6178365 -0.5411543
vn -0.3153753 0.895781 -0.3132331
vn -0.6908762 0.6047051 0.3962598
vn -0.3709176 0.7087509 0.6000769
vn -0.7890918 0.4734902 0.3913324
vn -0.8907472 0.4458386 0.08830167
vn -0.5354512 0.8153745 0.220128
vn -0.9413926 0.259808 0.2151272
vn -0.987866 0.09954625 -0.1192117
vn -0.8411392 0.261345 -0.4734804
vn -0.9443131 0.09904668 -0.3137872
vn -0.5923107 0.4018998 -0.6983155
vn -0.7004698 0.3887737 -0.5984955
vn -0.5037009 0.3767861 -0.7773788
vn -0.3431186 0.4034003 -0.8482558
vn -0.807443 0.3050598 -0.5049499
vn -0.8599849 0.4342327 -0.2680817
vn -0.8634129 0.4696949 0.1841327
vn -0.8583602 0.3800406 -0.344655
vn -0.7829324 0.528464 -0.3282418
vn -0.7433947 0.5596816 -0.3662252
vn -0.7678823 0.5108287 -0.3865369
vn -0.7848487 0.2308066 -0.5751006
vn -0.5821441 0.383068 -0.717194
vn -0.4889831 -0.06041656 -0.8701985
vn -0.8894289 0.1802708 -0.4200223
vn -0.8031459 0.3707866 -0.4663411
vn -0.8621589 0.3111293 -0.3998506
vn -0.600828 0.5680017 -0.5624764
vn -0.1393947 0.3554659 -0.9242365
vn -0.06561373 -0.4168491 -0.9066045
vn -0.1180625 -0.417941 -0.90077
vn -0.5067745 0.7040765 -0.4974493
vn -0.4884152 0.8496455 0.1988791
vn -0.6768558 0.5280324 0.5128821
vn -0.8315628 0.5481328 -0.08974222
vn -0.5787529 0.791425 -0.1967016
vn -0.70358 0.629654 -0.3294099
vn -0.688193 0.4249305 -0.5880684
vn -0.7418637 0.5346475 -0.4047101
vn -0.6587309 0.3458067 -0.6682
vn -0.7440543 0.6275665 -0.2292237
vn -0.7699011 0.5637217 -0.2991156
vn -0.6552241 0.420076 -0.6278675
vn -0.3590266 0.1991218 -0.911839
vn -0.7556494 0.3186186 -0.5722553
vn -0.8144559 0.0896847 -0.5732523
vn -0.2683268 0.3003582 -0.9153064
vn -0.6463056 0.4860723 -0.588237
vn -0.7579369 0.5895957 -0.2791213
vn -0.7699011 0.5637217 -0.2991156
vn -0.9072476 0.1179625 -0.403716
vn -0.9200085 0.03891685 -0.3899613
vn -0.9114532 0.2150664 -0.350713
vn -0.9492296 0.1305562 -0.2862134
vn -0.8772609 0.4290566 -0.2152295
vn -0.9072476 0.1179625 -0.403716
vn -0.9585195 0.1667486 -0.2311604
vn -0.8350592 0.2271165 -0.501093
vn -0.8798547 0.2692624 -0.3916038
vn -0.8948746 0.4418552 0.06295563
vn -0.9492296 0.1305562 -0.2862134
vn -0.941514 0.3027747 0.1479153
vn -0.8999944 0.4235128 0.1031837
vn -0.6594303 0.2042197 -0.7234957
vn -0.510819 0.5793027 -0.6351948
vn -0.6526102 0.5562102 -0.5145193
vn -0.7818084 0.6178133 -0.08415656
vn -0.8319526 0.5298128 0.1647824
vn -0.8749135 0.3953887 0.2796322
vn -0.7418637 0.5346475 -0.4047101
vn -0.7775937 0.5817595 -0.2385454
vn -0.7440543 0.6275665 -0.2292237
vn -0.6552241 0.420076 -0.6278675
vn -0.6587309 0.3458067 -0.6682
vn -0.722736 0.6893995 -0.04879621
vn -0.5797027 0.8137451 0.04199659
vn -0.6463056 0.4860723 -0.588237
vn -0.7775937 0.5817595 -0.2385454
vn -0.6463056 0.4860723 -0.588237
vn -0.5632486 0.8184867 -0.1132717
vn -0.5797027 0.8137451 0.04199659
vn 0.495062 0.7640193 -0.4137489
vn 0.3099688 0.9315532 -0.1900735
vn 0.3506526 0.8582064 -0.374866
vn 0.6765777 0.6598067 -0.3269521
vn 0.5782002 0.8129262 -0.06953797
vn 0.568824 0.4772205 -0.6698505
vn 0.5797799 0.5825744 -0.569616
vn 0.06073449 0.09446874 -0.9936736
vn 0.637522 0.3671243 -0.6773369
vn -0.7328482 0.6073443 -0.3067024
vn -0.6069466 0.7912704 -0.07420921
vn -0.5604626 0.6724784 -0.4833781
vn -0.6752926 0.3398581 -0.6545812
vn -0.5237241 0.4069683 -0.7483916
vn -0.4999116 0.8566594 -0.1273694
vn -0.4006572 0.9004909 -0.1690854
vn -0.5684391 0.2278944 -0.7905322
vn -0.6752926 0.3398581 -0.6545812
vn -0.5237241 0.4069683 -0.7483916
vn -0.3724947 0.1854302 -0.9093203
vn -0.5684391 0.2278944 -0.7905322
vn -0.5237241 0.4069683 -0.7483916
vn -0.5604626 0.6724784 -0.4833781
vn -0.5458808 0.7137315 -0.4388637
vn -0.4999116 0.8566594 -0.1273694
vn -0.4881608 0.6705843 -0.5585837
vn -0.6069466 0.7912704 -0.07420921
vn -0.5137125 0.7005776 0.495268
vn -0.5473142 0.8072547 -0.2208773
vn -0.4307106 0.5896739 -0.6832079
vn -0.1938016 0.2196729 -0.95613
vn -0.5735746 0.1389303 -0.8072858
vn -0.6346352 0.542609 0.5502851
vn -0.6240533 0.6393519 0.4492066
vn -0.6190013 0.776938 -0.1149117
vn -0.7471026 0.6483344 0.1466296
vn -0.7759281 0.6261259 -0.07682517
vn -0.6684562 0.2104906 -0.7133442
vn -0.6851666 0.728371 -0.004736588
vn -0.4920937 0.7287384 0.4762186
vn -0.5871626 0.7866795 0.1907239
vn -0.445007 0.06328744 -0.893288
vn -0.4390647 0.4171591 -0.795739
vn -0.629189 0.1021789 -0.7705067
vn -0.629189 0.1021789 -0.7705067
vn -0.77148 0.1739881 -0.6120022
vn 0.6852767 0.6526766 -0.3231238
vn 0.5907955 0.7006161 -0.4001223
vn 0.6104444 0.7072294 -0.3566287
vn 0.5917 0.6118369 -0.5249256
vn 0.7052137 0.5199291 -0.4820242
vn 0.7052137 0.5199291 -0.4820242
vn 0.325051 0.6601495 -0.6771592
vn -0.580219 0.7816197 -0.2289466
vn -0.3732666 0.6482894 -0.663621
vn 0.01263108 0.9096705 -0.4151385
vn -0.2068021 0.6588977 -0.7232474
vn -0.3282714 0.2740933 -0.9039417
vn 0.1722965 0.5532606 -0.8149948
vn -0.06105705 0.0170687 -0.9979883
vn 0.1336583 0.2448471 -0.9603048
vn 0.2112623 0.8011355 -0.5599554
vn 0.01492629 0.7277555 -0.6856743
vn -0.9065078 -0.04965907 -0.4192582
vn -0.9143223 0.4015606 0.05257244
vn -0.9813876 0.1458724 0.1248982
vn -0.7861122 0.4599641 0.4128686
vn -0.7818084 0.6178133 -0.08415656
vn -0.2613236 0.8690048 0.4201673
vn -0.8948746 0.4418552 0.06295563
vn -0.8319526 0.5298128 0.1647824
vn -0.8418875 0.5381153 0.04071229
vn -0.8798547 0.2692624 -0.3916038
vn -0.8092826 0.5391905 -0.2330994
vn -0.8329011 0.3362452 -0.4395623
vn -0.7373837 0.4198371 -0.5291523
vn -0.540531 0.4224435 -0.7275765
vn -0.7548385 0.2546026 -0.6044803
vn -0.657602 0.4695295 -0.5891534
vn -0.5360819 0.03911098 -0.8432595
vn -0.6961265 0.5280138 -0.486425
vn 0.7954966 0.5561916 -0.2404914
vn 0.6500379 0.6372067 -0.4140271
vn 0.5825729 0.6788506 -0.4469573
vn -0.5797027 0.8137451 0.04199659
vn -0.3739092 0.8872604 -0.2701126
vn -0.03593266 0.9971335 -0.06658567
vn -0.5956035 0.671569 -0.4407396
vn -0.462736 0.7182851 -0.5195592
vn -0.6573561 0.7523814 -0.04248609
vn -0.5956035 0.671569 -0.4407396
vn -0.5350716 0.6433414 -0.5475493
vn -0.6919163 0.4597011 -0.5567106
vn -0.6654936 0.5911013 -0.4557604
vn -0.8041958 0.5794995 -0.1320962
vn -0.7195191 0.6607443 -0.2137972
vn -0.28749 0.8476962 -0.4458256
vn -0.2506918 0.7596903 -0.6000203
vn -0.6495145 0.7401603 -0.1740507
vn -0.2619331 0.8190388 -0.5104572
vn -0.4209613 0.8010088 -0.4256483
vn -0.7533873 0.5359915 -0.380947
vn 0.932613 -0.1430021 0.3313361
vn 0.9866248 -0.1513956 0.06042155
vn 0.8117567 -0.04169716 0.5825053
vn 0.9711869 -0.1441959 0.1897465
vn 0.9666659 0.1541432 -0.2044432
vn 0.9841828 0.07462396 0.160672
vn 0.9108971 -0.06932004 -0.4067691
vn 0.9426287 0.2102226 -0.2593404
vn 0.9909337 -0.1226023 -0.05494824
vn 0.7768999 0.03127377 0.6288469
vn 0.8656527 0.2604438 0.4275679
vn 0.7859718 -0.3380463 -0.5176611
vn 0.9860175 -0.1638919 0.03014845
vn 0.9096406 -0.2458413 -0.3348373
vn 0.8337571 -0.1472578 0.5321317
vn 0.8284196 0.1277534 -0.5453438
vn 0.8194067 -0.1517703 -0.5527551
vn 0.7027652 -0.2579986 -0.6629915
vn 0.8886739 -0.2834578 -0.3604308
vn 0.7749532 -0.4176903 -0.4743228
vn 0.3192087 0.01778308 0.9475177
vn 0.2812279 0.1680879 0.9448054
vn 0.6214036 -0.7802229 0.07148334
vn 0.8320867 -0.4623156 0.3064246
vn 0.5940281 -0.3029462 -0.745221
vn -0.02710326 -0.4258214 -0.9044012
vn -0.1180625 -0.417941 -0.90077
vn -0.297625 -0.2507828 -0.9211555
vn 0.2761433 -0.3306799 -0.9024388
vn 0.3103245 -0.3297874 -0.8915935
vn -0.4413417 0.05894899 -0.8954007
vn 0.1496129 -0.284248 -0.9470053
vn -0.05945519 0.1155447 -0.9915212
vn -0.3333561 -0.04833398 -0.9415612
vn 0.8738691 -0.3173986 -0.3682536
vn 0.9709942 -0.1549236 -0.1821236
vn 0.9000844 -0.08423904 -0.4274946
vn 0.8358276 0.1334898 0.5325152
vn 0.9182124 -0.1202405 -0.3773966
vn 0.5776763 -0.3421726 -0.7410857
vn 0.9695944 -0.1364318 -0.2031575
vn 0.9607692 -0.215169 -0.1749995
vn 0.9340852 0.1072809 -0.3405519
vn 0.9222602 0.2701379 -0.2765168
vn 0.6480107 -0.1547362 -0.7457471
vn 0.5900323 -0.06574219 -0.8046986
vn 0.9382207 0.2659725 0.2213605
vn 0.9638925 -0.1091168 0.2429091
vn 0.9894668 0.1378682 -0.04413325
vn 0.9444692 0.221429 -0.2427904
vn 0.6278157 0.2673508 -0.7310068
vn 0.7743275 0.4787148 0.4138225
vn 0.7716014 0.5051812 0.386553
vn 0.9265922 0.3713673 0.05927135
vn 0.7352777 0.06077806 0.6750353
vn 0.8896646 0.1077615 0.4437163
vn 0.9311663 0.2370314 0.2770299
vn 0.9997156 -0.01451843 -0.01891859
vn 0.9772069 -0.1622675 -0.1368791
vn 0.9951172 -0.07447568 -0.0647689
vn 0.6599446 -0.07323698 -0.7477363
vn 0.5127332 0.2669566 -0.8159896
vn 0.9017154 -0.2354219 0.3626098
vn 0.8449814 -0.2240885 0.4855829
vn 0.7578319 -0.2464368 0.6041189
vn 0.5535453 -0.4719187 0.6862072
vn 0.6836674 -0.4365602 0.5848197
vn 0.8810408 -0.3105783 0.3568029
vn 0.4616035 -0.5013723 0.7318115
vn 0.7708762 -0.453179 0.4476369
vn 0.9956429 -0.04267846 -0.08290795
vn 0.9692756 -0.1895216 -0.1568006
vn 0.8342908 0.001754492 -0.5513219
vn 0.7923131 -0.2070576 -0.5739051
vn 0.3360722 0.236441 -0.9116749
vn 0.8951064 0.2033181 -0.3967951
vn 0.8510474 0.2889546 -0.4384333
vn 0.4145932 0.3561288 -0.8374274
vn 0.6900026 0.1676823 -0.7041159
vn 0.9602811 -0.1364904 0.243373
vn 0.98057 -0.09902813 0.1693396
vn 0.9966258 -0.07727233 0.02767918
vn 0.9446396 0.2453084 -0.2178985
vn 0.2448426 0.3133444 -0.9175333
vn 0.9080995 -0.289142 -0.3029064
vn 0.8955234 -0.3307396 -0.2977399
vn -0.3609469 0.5029664 -0.7853293
vn -0.1182279 0.3495073 -0.9294444
vn 0.3878655 0.3306456 -0.8603685
vn 0.5672488 0.1176964 -0.8150929
vn 0.5127332 0.2669566 -0.8159896
vn 0.1139382 0.3423959 -0.9326217
vn 0.4145932 0.3561288 -0.8374274
vn -0.1399748 0.4284908 -0.892638
vn -0.05039922 0.1444945 -0.9882212
vn 0.5610635 0.1985435 -0.8036096
vn -0.1245031 0.03403007 -0.9916354
vn -0.140375 0.3569071 -0.9235325
vn -0.1962138 -0.247617 -0.9487813
vn -0.04008825 -0.3409231 -0.9392361
vn -0.2827058 -0.8316828 -0.4778925
vn 0.01682224 -0.886848 -0.4617549
vn -0.2656511 -0.9323189 0.2453795
vn 0.05275368 -0.9979838 0.03528994
vn -0.09806319 -0.6687883 0.7369572
vn -0.06562887 -0.715631 0.6953885
vn -0.2434142 -0.9079342 0.3411815
vn 0.2786105 -0.5611847 -0.7793894
vn 0.2912271 -0.9404845 -0.175145
vn -0.08932041 -0.3412265 0.9357277
vn -0.4891059 -0.17624 0.8542335
vn -0.2174005 0.1944204 0.9565238
vn -0.1154436 -0.5358239 0.8364004
vn -0.2931433 -0.3969266 0.8697793
vn -0.7456028 0.007697584 0.6663461
vn -0.5098704 0.3952642 0.7640669
vn -0.5781948 0.668729 0.4674317
vn -0.2021353 0.2679408 0.941992
vn -0.04959328 -0.904631 0.4233004
vn 0.02261218 -0.9218455 0.3868974
vn -0.5074978 0.8616471 -0.003208038
vn -0.6787647 0.6341611 -0.3702947
vn 0.003290365 0.4316978 -0.9020123
vn -0.4705281 0.499671 -0.7272773
vn -0.1267032 0.4075863 -0.9043338
vn 0.8202917 0.3023482 0.4854967
vn 0.7472719 0.4232824 0.5122663
vn 0.7073992 0.4764128 0.5221274
vn 0.6470176 0.5988916 0.471908
vn 0.8008424 0.4680116 0.3736529
vn 0.7238356 0.3514601 0.5937489
vn 0.7073992 0.4764128 0.5221274
vn 0.7581902 0.4848269 0.4359939
vn 0.6456208 0.2231641 0.7303228
vn 0.5782002 0.8129262 -0.06953797
vn 0.646179 0.1991288 0.7367498
vn 0.9282603 -0.1416963 0.3438822
vn 0.2778692 0.9071626 -0.315982
vn 0.3364326 0.8957622 -0.2905564
vn 0.2034737 0.7295502 -0.6529587
vn 0.4497704 0.3255674 -0.8316925
vn 0.816645 0.02032652 -0.5767822
vn 0.6216007 0.03910958 -0.7823574
vn 0.8154168 -0.1032747 -0.5695873
vn 0.3588858 0.3720197 -0.8560387
vn 0.8188187 -0.0593424 -0.5709766
vn 0.6191359 0.236196 -0.7489207
vn 0.9639556 -0.06674566 -0.2575549
vn 0.9277437 -0.05047375 -0.3697889
vn 0.942266 -0.3348567 0.002381555
vn 0.9165872 -0.3975194 -0.04296861
vn 0.943217 -0.1988366 -0.2660935
vn 0.8871312 -0.1003236 -0.4504814
vn 0.7771768 0.04668421 -0.6275482
vn 0.8494523 -0.2619775 -0.4580377
vn 0.9015452 -0.283725 -0.326675
vn 0.9212548 -0.2161929 -0.3233425
vn 0.8091813 -0.08942685 -0.5807137
vn 0.9015114 -0.3526706 0.2508
vn 0.7871457 -0.2636696 0.5575662
vn -0.04559826 0.5053527 0.8617073
vn -0.1727163 0.3842328 0.9069366
vn 0.2818939 0.6332875 0.7207515
vn -0.4150193 0.4504752 0.7904625
vn -0.2793352 -0.01319024 0.9601031
vn -0.2017753 0.2551939 0.9456018
vn 0.9953762 -0.07032588 0.06542556
vn 0.9952265 0.0317154 -0.09229464
vn 0.868063 -0.2071336 0.451179
vn 0.7307869 0.2462548 -0.6366388
vn 0.8056316 0.2704449 -0.5270836
vn 0.989746 0.09750763 -0.1043803
vn 0.8949835 0.4226708 -0.1426674
vn 0.9056442 0.1207733 0.4064757
vn -0.7148712 0.04886239 0.697547
vn -0.5999287 0.5599393 0.5714487
vn -0.7878864 0.336067 0.5160369
vn -0.5614135 0.6736724 0.4806043
vn -0.03734794 0.8770504 0.4789444
vn -0.5550029 0.4247524 0.7152323
vn -0.5468333 0.6836747 0.4832828
vn -0.3193924 0.9384201 0.1317436
vn -0.7326139 0.5758368 0.3628898
vn 0.1633815 -0.2375755 -0.9575303
vn 0.2018589 -0.2394985 -0.9496806
vn 0.6185095 -0.3791825 -0.6882345
vn 0.5193425 -0.3571534 -0.7763535
vn 0.7642351 -0.2669263 -0.5871074
vn 0.9531423 -0.2896208 -0.08740451
vn 0.9680012 -0.222118 0.1167784
vn 0.9550145 -0.2357953 -0.1798549
vn 0.8955575 -0.4433769 -0.03733373
vn 0.8205393 -0.5218464 0.2332203
vn 0.6992288 0.6441493 -0.3100818
vn 0.998002 -0.04355404 0.04577067
vn -0.004699669 0.3995755 0.9166883
vn -0.2491011 0.5054092 0.8261418
vn -0.01568234 0.4379371 0.8988689
vn -0.04183712 0.6885355 0.7239947
vn 0.05202341 -0.4794886 0.8760047
vn 0.1305992 -0.2385489 0.9623089
vn 0.01875485 -0.01968852 0.9996302
vn -0.03912996 -0.5992199 0.7996275
vn 0.1035199 -0.7433453 0.6608492
vn -0.003505701 -0.8707116 0.4917815
vn 0.04545936 -0.9675734 0.2484655
vn -0.09230755 -0.995716 -0.005372525
vn -0.04164397 -0.9463781 -0.3203659
vn -0.04959328 -0.904631 0.4233004
vn 0.02261218 -0.9218455 0.3868974
vn 0.0202604 -0.2535933 0.9670987
vn -0.06562887 -0.715631 0.6953885
vn -0.08932041 -0.3412265 0.9357277
vn -0.2021353 0.2679408 0.941992
vn -0.05109873 -0.7827297 -0.6202606
vn -0.1172657 -0.6639132 -0.7385581
vn 0.06453285 -0.00470126 -0.9979045
vn -0.2827058 -0.8316828 -0.4778925
vn -0.1962138 -0.247617 -0.9487813
vn -0.2434142 -0.9079342 0.3411815
vn -0.09721997 -0.9925702 0.07316205
vn -0.02868902 -0.08285201 -0.9961488
vn 0.03827246 -0.1952607 -0.9800044
vn -0.1245031 0.03403007 -0.9916354
vn -0.104429 0.2847278 -0.9529033
vn 0.08170051 0.3824976 -0.9203373
vn -0.08401313 -0.9919813 -0.09441867
vn 0.05793672 0.9306829 0.3612099
vn -0.1289351 0.9694501 -0.2086677
vn -0.133243 0.8325153 0.5377402
vn -0.5074978 0.8616471 -0.003208038
vn -0.5781948 0.668729 0.4674317
vn -0.2064128 0.7266937 -0.6552176
vn -0.04672429 0.6856074 -0.7264705
vn 0.00378942 0.9144834 -0.4046057
vn 0.06518029 0.9782671 0.1968377
vn -0.104429 0.2847278 -0.9529033
vn -0.140375 0.3569071 -0.9235325
vn -0.1245031 0.03403007 -0.9916354
vn 0.08170051 0.3824976 -0.9203373
vn 0.06630712 0.6410546 -0.7646257
vn 0.1066861 0.176585 -0.9784865
vn -0.5129508 0.656094 0.553554
vn -0.2021353 0.2679408 0.941992
vn 0.01875485 -0.01968852 0.9996302
vn 0.03899221 0.5643411 0.8246204
vn 0.1366067 0.4490412 0.8830066
vn 0.1305992 -0.2385489 0.9623089
vn 0.0202604 -0.2535933 0.9670987
vn 0.07469007 0.8503229 0.5209342
vn -0.1700684 0.3482503 0.9218451
vn -0.09687933 0.002899388 0.9952919
vn -0.2116184 0.1373635 0.9676512
vn -0.07202688 0.3214142 0.9441954
vn -0.2835853 0.5865574 0.7586368
vn -0.3609881 0.5455666 0.7563363
vn 0.1598565 0.09659141 0.9824032
vn 0.1341333 0.09468787 0.9864291
vn 0.2601537 0.1018832 0.9601769
vn -0.151695 0.2303088 0.9612214
vn -0.3737562 0.4680181 0.8007905
vn -0.7350508 0.4364071 0.5188921
vn -0.5146797 0.8139054 0.2695605
vn -0.3208672 0.3080557 0.895626
vn -0.3499458 0.4113048 0.8416451
vn 0.5985415 0.09056402 0.7959562
vn -0.07009513 -0.4576249 0.8863781
vn 0.250848 0.01932641 0.9678335
vn -0.2072019 -0.3067914 0.9289491
vn 0.01590422 0.08696797 0.9960841
vn -0.2933269 -0.8825343 0.3675496
vn -0.01991248 -0.921027 0.3889895
vn -0.2494926 -0.8789393 -0.4064716
vn 0.2130303 -0.9709311 -0.1091371
vn 0.4888882 -0.6212634 0.612389
vn 0.4781576 -0.860739 0.1746245
vn -0.2457163 -0.7965151 -0.5524375
vn -0.1255517 -0.596732 -0.7925578
vn 0.1131162 -0.7267305 -0.6775452
vn 0.1543743 -0.9269952 -0.3418311
vn -0.03242638 -0.5197682 -0.8536918
vn -0.005005309 -0.8408466 -0.5412502
vn 0.08419253 0.2351746 -0.9682998
vn 0.198119 0.2302002 -0.9527627
vn 0.06973566 -0.3630519 -0.9291557
vn 0.1458529 -0.6620717 -0.7351109
vn 0.01736561 -0.8671235 -0.4977905
vn 0.08378412 -0.9867449 -0.1389768
vn -0.1080951 -0.9304181 0.3501964
vn 0.1388775 -0.2373061 -0.9614566
vn 0.03911727 -0.7466256 -0.6640934
vn -0.03242638 -0.5197682 -0.8536918
vn -0.05344935 -0.8466729 0.5294225
vn -0.005005309 -0.8408466 -0.5412502
vn -0.1514428 -0.9271833 -0.3426314
vn -0.08211301 -0.993297 -0.08135378
vn -0.2457163 -0.7965151 -0.5524375
vn -0.01958753 -0.7555233 -0.6548289
vn -0.2933269 -0.8825343 0.3675496
vn -0.07702523 -0.881907 0.4650883
vn -0.1029263 -0.4504161 0.886866
vn -0.04163786 -0.2555959 0.9658867
vn -0.2072019 -0.3067914 0.9289491
vn -0.1081407 0.1744973 0.9787012
vn 0.1542519 0.8876452 -0.4339266
vn -0.04502345 0.8284979 -0.5581793
vn 0.006339446 0.9889198 0.1483157
vn 0.198119 0.2302002 -0.9527627
vn -0.1830258 0.9723594 0.144978
vn -0.4707124 0.8738734 0.1215531
vn -0.06843651 0.7435243 0.6651977
vn 0.006168217 0.7011079 0.7130286
vn 0.07329603 0.9935997 0.08595064
vn -0.1081407 0.1744973 0.9787012
vn -0.04163786 -0.2555959 0.9658867
vn -0.1029263 -0.4504161 0.886866
vn -0.2899897 0.651259 0.7012615
vn -0.2116184 0.1373635 0.9676512
vn -0.2835853 0.5865574 0.7586368
vn -0.4884152 0.8496455 0.1988791
vn -0.2072019 -0.3067914 0.9289491
vn -0.09687933 0.002899388 0.9952919
vn 0.08419253 0.2351746 -0.9682998
vn 0.006589463 0.7907435 -0.6121121
vn 0.1388775 -0.2373061 -0.9614566
vn -0.1393947 0.3554659 -0.9242365
vn -0.5067745 0.7040765 -0.4974493
vn -0.08190841 0.860706 -0.5024701
vn 0.9002586 -0.04367458 0.4331592
vn 0.9773908 -0.0841168 0.1939887
vn 0.7004173 0.08663711 0.7084559
vn 0.9773908 -0.0841168 0.1939887
vn 0.986298 -0.01040717 0.1646452
vn 0.6568863 -0.07993563 0.7497404
vn 0.7004173 0.08663711 0.7084559
vn 0.5619882 -0.214193 0.7989309
vn 0.2601537 0.1018832 0.9601769
vn 0.8493577 -0.2113566 0.4836526
vn -0.03734794 0.8770504 0.4789444
vn 0.544234 0.6868828 0.4816651
vn 0.274682 0.7943714 0.5417783
vn -0.1526237 0.4680055 0.8704464
vn 0.2293223 0.8729266 0.4305931
vn 0.9574401 0.1828595 0.2233178
vn 0.3995412 0.8415354 -0.3635724
vn 0.913023 0.3420537 -0.2222348
vn -0.9070351 -0.3622887 0.2145561
vn -0.8841989 -0.4641159 0.05280837
vn -0.9363902 -0.3358335 0.101927
vn 0.6422191 0.08387479 0.7619185
vn 0.1341333 0.09468787 0.9864291
vn 0.7161579 0.09245578 0.6917874
vn 0.9939866 -0.1093863 0.005027274
vn 0.9578137 0.281469 -0.05803486
vn 0.8254965 0.4496507 -0.3411301
vn -0.4863774 0.6776996 0.5515072
vn -0.2395082 0.6278948 0.7405295
vn -0.3965344 0.6398028 0.6583412
vn -0.240881 0.723985 0.6463915
vn -0.3247871 0.709212 0.6257249
vn -0.5428395 0.1571854 -0.8249958
vn -0.7231784 0.3068344 -0.6187614
vn -0.600828 0.5680017 -0.5624764
vn -0.7708676 0.1910122 -0.607682
vn -0.2395419 -0.2094817 -0.9480174
vn 0.02173125 -0.2298047 -0.9729941
vn -0.237674 -0.05554401 -0.9697556
vn -0.06226671 0.3043213 -0.9505322
vn 0.1388775 -0.2373061 -0.9614566
vn -0.01225192 -0.3828057 -0.9237475
vn -0.2064128 0.7266937 -0.6552176
vn -0.140375 0.3569071 -0.9235325
vn -0.1399748 0.4284908 -0.892638
vn 0.910495 -0.3906476 0.1356219
vn 0.910495 -0.3906476 0.1356219
vn 0.910495 -0.3906476 0.1356219
vn 0.3871897 0.2724691 0.8808205
vn 0.3876193 0.1951498 0.9009261
vn 0.2519274 0.255986 0.9332758
vn 0.1921513 0.3411563 0.9201577
vn -0.04570221 0.5241817 0.8503793
vn 0.5907955 0.7006161 -0.4001223
vn 0.6852767 0.6526766 -0.3231238
vn 0.7807723 0.6217873 -0.06144173
vn -0.2546816 -0.08434723 0.9633394
vn -0.05307966 -0.1123261 0.9922526
vn -0.1625874 -0.4221295 0.8918363
vn -0.05307966 -0.1123261 0.9922526
vn 0.1681297 -0.5399978 0.8247029
vn 0.03287657 -0.6463134 0.7623635
vn 0.4025186 -0.6330965 0.6611866
vn 0.5182515 -0.8552278 -0.0009853432
vn -0.284212 -0.3644713 0.8867831
vn -0.2747968 -0.267157 0.9236416
vn 0.4734827 -0.2477774 0.845234
vn -0.6513574 -0.00895131 -0.7587183
vn -0.297625 -0.2507828 -0.9211555
vn -0.7435533 0.1929042 -0.6402472
vn -0.2946379 -0.4043077 -0.8658659
vn 0.9647242 -0.253625 -0.07058062
vn 0.8959834 -0.3559403 0.2655564
vn 0.982261 -0.06045276 -0.177507
vn 0.4814882 0.8501551 0.2130852
vn 0.2728338 0.9203852 0.2800944
vn 0.001793887 0.9984229 -0.05611245
vn 0.4208404 0.6065991 0.6744858
vn 0.4245037 0.8269014 0.3688235
vn 0.9593709 -0.2816486 -0.01677496
vn 0.9340852 0.1072809 -0.3405519
vn 0.9210019 -0.2546099 -0.2948378
vn 0.2936703 -0.4137687 -0.8617152
vn 0.05489554 -0.1781275 -0.982475
vn 0.1727782 -0.4098665 -0.8956323
vn -0.7566844 0.6457291 0.1022874
vn -0.6767594 0.6508631 0.3440554
vn -0.4981712 0.5520166 0.6686577
vn -0.8093812 0.4952005 0.3157189
vn -0.07040324 0.5202079 0.8511329
vn -0.2637948 0.7452782 0.6123501
vn 0.1771229 0.6992375 0.6925997
vn 0.110167 0.1100395 0.9878028
vn 0.1008593 0.4158533 0.9038215
vn -0.09315116 0.4270987 0.899394
vn 0.1921513 0.3411563 0.9201577
vn 0.3457915 0.5289918 0.7749813
vn 0.1008593 0.4158533 0.9038215
vn -0.04008825 -0.3409231 -0.9392361
vn 0.4034562 0.1613438 -0.9006616
vn -0.05039922 0.1444945 -0.9882212
vn 0.2786105 -0.5611847 -0.7793894
vn 0.299184 -0.413925 0.8597413
vn 0.2066707 -0.5228906 0.8269659
vn 0.001998219 -0.4394431 0.8982682
vn -0.1354643 -0.3588262 0.9235222
vn 0.03859611 -0.1149776 0.992618
vn 0.1131162 -0.7267305 -0.6775452
vn 0.3778288 -0.8813995 -0.2835146
vn 0.6849502 -0.4729767 -0.5541987
vn 0.6568863 -0.07993563 0.7497404
vn 0.5619882 -0.214193 0.7989309
vn -0.04190511 0.1443585 0.9886377
vn 0.5658716 -0.1029898 0.8180357
vn -0.7484688 0.149035 0.6462066
vn -0.6175174 -0.2919603 0.730364
vn -0.7456028 0.007697584 0.6663461
vn -0.8487971 0.2287231 0.4766857
vn -0.5432697 0.5501717 0.6341682
vn 0.1814827 0.4691332 -0.8642789
vn 0.4695286 0.2211486 -0.8547726
vn 0.2396437 0.3680128 -0.8984083
vn 0.06619505 -0.3140618 0.9470921
vn 0.1337244 -0.4438451 0.8860696
vn -0.3202254 -0.2279802 0.9195002
vn 0.312875 -0.1162281 0.942656
vn 0.04479958 -0.2663253 0.9628415
vn -0.3860455 -0.2598166 0.8851351
vn -0.2232867 -0.3688205 0.9022829
vn -0.5979178 0.7041344 0.3830002
vn -0.835271 0.4863208 -0.2565433
vn -0.573572 0.6364362 0.515717
vn -0.2637948 0.7452782 0.6123501
vn -0.3737562 0.4680181 0.8007905
vn 0.4647177 -0.215074 -0.8589416
vn -0.04031914 -0.09017935 -0.995109
vn 0.2454862 -0.3367073 -0.9090461
vn 0.2917421 -0.3019972 -0.9075705
vn 0.7085559 -0.3003716 -0.6385338
vn -0.3851196 -0.274771 0.8810129
vn -0.1354643 -0.3588262 0.9235222
vn 0.2066707 -0.5228906 0.8269659
vn -0.04959328 -0.904631 0.4233004
vn -0.06562887 -0.715631 0.6953885
vn -0.2434142 -0.9079342 0.3411815
vn 0.9756409 -0.2190419 -0.01206684
vn 0.9778309 -0.1018725 0.1829447
vn 0.6493802 -0.07166901 0.7570792
vn 0.6357243 -0.1996064 0.7456621
vn 0.6613971 -0.02921673 0.7494667
vn 0.5289266 -0.4760455 0.7025791
vn 0.9210019 -0.2546099 -0.2948378
vn 0.8738738 -0.004337925 -0.4861335
vn 0.9751476 0.05474388 -0.2146861
vn -0.7537453 0.294188 -0.5876406
vn -0.6943902 0.6479356 -0.3130524
vn -0.7678823 0.5108287 -0.3865369
vn 0.2018589 -0.2394985 -0.9496806
vn 0.02044205 -0.3107489 -0.9502723
vn 0.2392063 -0.2410217 -0.9405791
vn -0.6510736 0.4766843 -0.5906566
vn -0.1297327 0.4945789 -0.8593959
vn -0.01152138 0.4184235 -0.9081789
vn -0.4564442 0.5767505 -0.6775084
vn -0.7445005 0.6044663 -0.2834425
vn 0.9735585 -0.1766024 -0.1448976
vn 0.734919 -0.3402432 -0.5866249
vn 0.9768174 -0.05820578 0.2060091
vn -0.7938935 0.5494472 0.2604628
vn -0.810581 0.2775177 -0.5156961
vn -0.745804 0.3177422 -0.5855052
vn -0.6605036 -0.7476206 -0.06926985
vn -0.7421966 -0.4725257 -0.4752513
vn -0.6605036 -0.7476206 -0.06926985
vn 0.6155505 0.5072386 0.6031638
vn -0.2395082 0.6278948 0.7405295
vn 0.2913942 0.6161641 0.7317317
vn 0.6951832 0.6630772 0.2775771
vn 0.8364838 0.5068232 -0.2083868
vn 0.9531267 0.299735 0.04133406
vn 0.02173125 -0.2298047 -0.9729941
vn 0.2993735 0.05595578 -0.9524938
vn 0.3445942 -0.3290067 -0.8792095
vn 0.9531423 -0.2896208 -0.08740451
vn 0.967164 -0.03867441 -0.2511932
vn 0.9800195 -0.1270178 0.1530628
vn 0.3078901 -0.2979874 0.9035525
vn 0.7542009 -0.2794041 0.5942345
vn 0.5031995 0.4198404 0.7553306
vn -0.05307966 -0.1123261 0.9922526
vn -0.1432944 0.2498339 0.9576272
vn 0.2807731 -0.601945 0.7475485
vn -0.07009513 -0.4576249 0.8863781
vn 0.250848 0.01932641 0.9678335
vn 0.07719427 0.4282987 0.900334
vn 0.2305506 0.3639392 0.9024382
vn -0.01568234 0.4379371 0.8988689
vn -0.1526237 0.4680055 0.8704464
vn -0.6034418 0.6319832 0.4862667
vn -0.4150193 0.4504752 0.7904625
vn 0.663878 0.03155132 -0.747175
vn 0.6652632 0.04650576 -0.745159
vn 0.1762953 0.4739224 -0.8627384
vn -0.2929251 0.7070211 -0.6436738
vn -0.5350716 0.6433414 -0.5475493
vn 0.1762953 0.4739224 -0.8627384
vn 0.8056509 0.5918357 0.02563473
vn 0.8056509 0.5918357 0.02563473
vn 0.8056509 0.5918357 0.02563473
vn 0.1654192 0.7573721 -0.6316834
vn 0.1047109 0.6809381 -0.7248165
vn 0.3199341 0.6882834 -0.6510822
vn -0.5807594 0.494745 -0.6464873
vn -0.004471097 0.8429031 -0.5380468
vn 0.8623736 -0.1297113 0.4893738
vn 0.5019925 -0.6034356 0.6195717
vn 0.9084784 -0.3488831 0.2301035
vn 0.2681479 -0.4151711 -0.8693271
vn 0.2936703 -0.4137687 -0.8617152
vn 0.3523834 -0.4132737 -0.8396612
vn 0.6032223 -0.3229564 -0.7292613
vn 0.2936703 -0.4137687 -0.8617152
vn 0.2024419 0.8884051 0.4120118
vn -0.1884054 0.8429542 0.5039163
vn 0.09682676 0.675817 0.730682
vn 0.6897007 -0.05880469 -0.7217028
vn 0.4695286 0.2211486 -0.8547726
vn 0.8674476 -0.02550942 -0.4968741
vn 0.1655492 0.7553986 0.6340082
vn -0.3616967 0.7801659 0.5104084
vn -0.3291879 0.8958006 0.2986247
vn 0.3950633 -0.3532064 0.848039
vn 0.1996369 -0.6221977 0.7569776
vn 0.6287127 -0.5043305 0.5919216
vn 0.2818939 0.6332875 0.7207515
vn 0.2748855 0.6242744 0.7312452
vn 0.2149778 0.656848 0.7227277
vn -0.3879849 0.5097255 0.7678851
vn -0.2308139 0.6861207 0.6899009
vn -0.133538 0.3584241 0.9239587
vn 0.5360493 0.7450842 -0.3968636
vn 0.1615022 0.9324991 -0.323052
vn -0.1519571 0.9107295 -0.3840324
vn -0.1519571 0.9107295 -0.3840324
vn -0.1519571 0.9107295 -0.3840324
vn -0.6943902 0.6479356 -0.3130524
vn -0.02785926 -0.07972015 -0.9964278
vn 0.2454862 -0.3367073 -0.9090461
vn -0.313734 -0.005819203 -0.9494931
vn -0.77928 0.2921432 0.554414
vn -0.5334567 -0.1318606 0.8354859
vn -0.4173099 0.1728445 0.8921756
vn -0.2416772 -0.3016498 0.9222795
vn -0.1354643 -0.3588262 0.9235222
vn -0.5334567 -0.1318606 0.8354859
vn 0.03238477 0.7070636 0.706408
vn 0.03087793 0.4775217 0.8780772
vn 0.004857619 0.8335231 0.5524633
vn 0.5506289 0.5898113 -0.5907033
vn -0.00223878 0.7212224 -0.6926999
vn 0.5717757 0.3667177 -0.7338874
vn 0.7768031 0.5312217 -0.3382016
vn 0.9410238 0.2460686 -0.2322163
vn 0.8047537 -0.5257201 -0.2756629
vn 0.7176902 -0.4381081 -0.5412783
vn 0.9083799 -0.2902502 -0.3010001
vn -0.0768805 0.8078775 -0.5843144
vn -0.01067659 0.9188299 -0.3945095
vn -0.1603811 0.4914542 -0.8560086
vn 0.1203761 0.6468212 -0.7530816
vn 0.4723958 -0.1023503 -0.8754237
vn 0.64613 0.499087 -0.5774324
vn 0.8002074 -0.1045658 -0.5905371
vn 0.3042425 -0.1438789 -0.9416662
vn -0.5821441 0.383068 -0.717194
vn -0.5067745 0.7040765 -0.4974493
vn -0.2466666 0.3837292 -0.8898918
vn -0.2382162 0.9612596 -0.1386825
vn -0.2382162 0.9612596 -0.1386825
vn -0.2382162 0.9612596 -0.1386825
vn 0.9071584 -0.3499426 0.2336746
vn 0.8375441 -0.4648456 0.2871212
vn 0.8722078 -0.2922385 -0.3922372
vn 0.4879374 0.1053892 0.866493
vn 0.5263205 -0.4050186 0.7476274
vn 0.2620978 -0.1501196 0.9532937
vn -0.004699669 0.3995755 0.9166883
vn 0.1892597 0.3368283 0.9223489
vn -0.02962327 0.4276996 0.9034354
vn 0.2112623 0.8011355 -0.5599554
vn 0.4862225 0.6209117 -0.6148629
vn 0.8254965 0.4496507 -0.3411301
vn -0.0774055 0.7273788 -0.6818566
vn -0.2506918 0.7596903 -0.6000203
vn 0.6303731 0.232822 -0.7405563
vn 0 1 0
vn 0 1 0
vn 0 1 0
vn 0 1 0
vn 0 1 0
vn 0 1 0
vn 0 1 0
vn 0 1 0
vn 0 0.5054469 -0.8628578
vn 0 0.2527234 -0.9675386
vn 0 0 -1
vn 0 0 -1
vn -0.711247 0.63331 -0.3050347
vn -0.1802913 0.9637844 -0.196506
vn -0.815697 0.5514009 0.1749153
vn -0.1200515 0.9576546 0.261697
vn -0.1021628 0.9896731 0.1005481
vn -0.2065598 0.973067 -0.1023417
vn 0.07304369 0.9867644 -0.1447774
vn 0.2841362 0.9457658 -0.1574595
vn 0.1923053 0.6583837 -0.7277016
vn -0.206142 0.4664818 -0.8601745
vn 0.1393809 0.9781148 0.1544811
vn 0.7071759 0.6377341 0.305283
vn 0.5327263 0.7103872 -0.4599487
vn 0.3171727 0.7343529 0.6001059
vn -0.3470157 0.5961562 0.7240012
vn 0.1476159 0.9783136 0.1452999
vn -0.2085078 0.9562492 0.2052122
vn 0.1286105 0.983582 0.1265926
vn -0.103257 0.9733761 -0.2046383
vn 0.2593263 0.957203 -0.1285005
vn 0 0.5054469 0.8628578
vn 0 0 1
vn 0 0.2527234 0.9675386
vn 0 0 1
vn 0 0.8913527 -0.4533103
vn 0 1 0
vn 0 0.9739751 -0.2266552
vn 0 1 0
vn 0 0.6055872 -0.7957789
vn 0 0.4054482 -0.9141181
vn 0 0.195036 -0.980796
vn 0 0.195036 -0.980796
vn 0 -0.8741533 0.4856501
vn 0 -0.8741533 0.4856501
vn 0 -0.9680272 0.2508453
vn 0 -0.9680272 0.2508453
vn 0 -0.8873224 0.4611498
vn 0 -0.9680272 0.2508453
vn 0 -0.9730546 0.2305749
vn 0 -0.9680272 0.2508453
vn 0 -0.600644 0.7995167
vn 0 -0.406861 0.9134901
vn 0 -0.203062 0.9791659
vn 0 -0.203062 0.9791659
vn 1 0 0
vn 1 0 0
vn 1 0 0
vn 1 0 0
vn 1 0 0
vn 1 0 0
vn 1 0 0
vn 1 0 0
vn -1 0 0
vn -1 0 0
vn -1 0 0
vn -1 0 0
vn -1 0 0
vn -1 0 0
vn -1 0 0
vn -1 0 0
vn 0 -0.310372 0.9506152
vn 0 0 1
vn 0 -0.155186 0.9878853
vn 0 0 1
vn 0 -0.6393418 0.7689227
vn -0.01515235 -0.8224457 0.5686419
vn -0.01388244 -0.9713554 0.2372253
vn -0.01279042 -0.9954762 0.09414639
vn 0.01689945 -0.99743 -0.06962485
vn 0.04309635 -0.9917991 -0.1203211
vn 0.0395683 -0.9930159 -0.1111479
vn 0.02545492 -0.9987772 -0.04238035
vn 0.009063015 -0.9998524 -0.01459124
vn 0.01744248 -0.9994044 -0.02977535
vn 0.03123504 -0.9961934 -0.08138242
vn 0 -0.8823566 0.4705812
vn 0 -0.8823566 0.4705812
vn 0 -0.8823566 0.4705812
vn 0 -0.8823566 0.4705812
vn 0.4711463 -0.05703986 0.8802088
vn 0.4711459 -0.05704647 0.8802086
vn 0.6740615 -0.03901912 0.737644
vn 0.8447496 -0.01724457 0.5348839
vn 0.9617076 0.003548004 0.2740545
vn 0.9615986 0.005214492 0.2744103
vn 0.9787861 -0.003741012 0.2048505
vn 0.984977 -0.005710015 0.1725914
vn 0.9963049 -0.003794481 0.08580353
vn 0.9956856 -0.01092177 0.09214661
vn 0.9997894 0.0003970745 0.02051855
vn 0.9999508 0.007809105 0.006125855
vn 1 0 0
vn 1 0 0
vn 1 0 0
vn 1 0 0
vn -0.9668879 -0.05082793 0.2500889
vn -0.9972421 -0.0364317 0.06465988
vn -0.9668978 -0.05067998 0.2500807
vn -0.9912874 -0.02024762 -0.1301513
vn -0.9582084 -0.0048467 -0.2860298
vn -0.9660957 -0.002904046 -0.258168
vn -0.9827619 0.003088071 -0.1848496
vn -0.9828183 0.009437237 -0.1843339
vn -0.9967704 0.008001842 -0.07990583
vn -0.996167 0.01224066 -0.08661046
vn -0.9998937 0.004979658 -0.01370509
vn -0.9999919 -0.003169775 -0.00248653
vn -1 0 0
vn -1 0 0
vn -1 0 0
vn -1 0 0
vn 0 0.2758489 -0.961201
vn 0 0 -1
vn 0 0.1379245 -0.9904428
vn 0 0 -1
vn 0.01188905 0.7249002 -0.6887513
vn 0 0.7084364 -0.7057747
vn 0.009990782 0.9843477 -0.175954
vn 0.02140773 0.9880977 -0.1523305
vn -0.03252682 0.9951703 0.092618
vn -0.02429476 0.9949452 0.09743635
vn -0.03928717 0.9931156 0.1103541
vn -0.02529441 0.9987943 0.04207113
vn -0.009084756 0.9998515 0.01464873
vn -0.01744976 0.9994032 0.02980965
vn -0.03122034 0.9961979 0.0813332
vn -0.6156493 0 -0.7880203
vn -0.6156505 0 -0.7880193
vn -0.6156505 0 -0.7880193
vn -0.6156517 0 -0.7880184
vn 0 -0.9996957 -0.02466921
vn 0 -0.9996957 -0.02466921
vn 0 -0.9996957 -0.02466921
vn 0 -0.9996957 -0.02466921
vn 0 -0.1313561 -0.9913352
vn 0 -0.1007396 -0.9949129
vn 0 -0.1160598 -0.9932422
vn 0 -0.1007396 -0.9949129
vn -0.0300979 -0.4967608 -0.8673655
vn 0 -0.4472051 -0.8944315
vn -0.03350676 -0.9105381 -0.4120651
vn -0.02430136 -0.9912907 -0.1294304
vn 0.06391432 -0.9789675 0.1937466
vn 0.0654802 -0.9795648 0.1901714
vn 0.01185253 -0.9985424 0.05265552
vn 0.01668209 -0.9986864 0.04844753
vn -0.05004293 -0.9916134 -0.1191579
vn -0.05372818 -0.9918864 -0.1152153
vn 0.05384679 -0.9957222 0.07508601
vn 0.04875542 -0.9955093 0.08114261
vn 0.08578964 -0.9889506 0.1209009
vn 0.08989387 -0.9892831 0.115057
vn 0.04772823 -0.9969904 0.06108962
vn 0.04772739 -0.9969906 0.06108983
vn 1 0 0
vn 1 0 0
vn 1 0 0
vn 1 0 0
vn 0.9998863 0.01269049 -0.00815108
vn 0.9988984 -0.008505178 -0.04614884
vn 0.9888695 0.001823551 -0.1487739
vn 0.9850215 -0.02530771 -0.170564
vn 0.9609087 0.008222106 -0.2767435
vn 0.9608121 0.009934229 -0.2770226
vn 0.9461203 0.000111426 -0.3238151
vn 0.9461289 0.0001492897 -0.3237899
vn 0.9278397 8.157247E-05 -0.3729793
vn 0.9278343 0 -0.3729928
vn 0.8806247 0.01030382 -0.4737024
vn 0.8819434 0 -0.4713553
vn 0.8213916 0.01030904 -0.5702715
vn 0.8197089 0.02060478 -0.5724096
vn 0.7880149 1.114934E-05 -0.6156561
vn 0.7880147 2.229869E-05 -0.6156564
vn -1 0 0
vn -1 0 0
vn -1 0 0
vn -1 0 0
vn -0.9995216 0.01073111 0.02900662
vn -0.9998 -0.01682609 0.01080737
vn -0.9936221 0.01175188 0.1121471
vn -0.9837608 0.01609694 0.1787611
vn -0.9618928 -0.007060064 0.2733352
vn -0.9616963 -0.01023417 0.273926
vn -0.946548 -0.0001086761 0.3225627
vn -0.9465539 -0.0002906028 0.3225455
vn -0.9352348 -0.000193994 0.3540281
vn -0.9216332 0 0.3880621
vn -0.8912573 0 0.453498
vn -0.8725597 -0.01403645 0.4883057
vn -0.8221713 -0.01052969 0.5691428
vn -0.8203633 -0.02105689 0.5714549
vn -0.7880078 0 0.6156652
vn -0.7880078 0 0.6156653
vn 0 0.1539927 0.988072
vn 0 0.1507718 0.9885685
vn 0 0.1523824 0.9883216
vn 0 0.1507718 0.9885685
vn 0 0.3557087 0.9345969
vn 0.04042526 0.607004 0.7936699
vn 0.03605081 0.9064789 0.4207094
vn 0.02951539 0.9883565 0.1492653
vn -0.04533749 0.9892491 -0.1390346
vn -0.07693756 0.9716766 -0.2234392
vn -0.04770482 0.9892069 -0.1385425
vn 0.02092844 0.9991153 0.03647922
vn 0.06086016 0.9869104 0.1493452
vn 0.04208197 0.9952884 0.08735013
vn -0.02759023 0.9986731 -0.04348344
vn -0.07690016 0.9908434 -0.1109762
vn -0.09791519 0.9852807 -0.1401236
vn -0.07477061 0.9925979 -0.09570152
vn -0.04602014 0.9972024 -0.05890359
vn -0.04601973 0.9972024 -0.05890443
vn 0 -1 0
vn 0 -1 0
vn 0 -1 0
vn 0 -1 0
vn 0 -0.8442101 -0.5360123
vn 0 -0.8442101 -0.5360123
vn 0 -0.8442101 -0.5360123
vn 0 -0.8442101 -0.5360123
vn 0 0.7480403 -0.6636533
vn 0 0.4951125 -0.8688289
vn 0 0.6282732 -0.7779927
vn 0 0.4951125 -0.8688289
vn 0 0.954437 -0.2984124
vn 0 0.9997717 -0.02137148
vn 0 0.8909957 0.4540117
vn 0 0.7542396 0.6565992
vn 0 0.5836005 0.812041
vn 0 0.5836005 0.812041
vn 1 0 0
vn 1 0 0
vn 1 0 0
vn 1 0 0
vn 1 0 0
vn 1 0 0
vn 1 0 0
vn 1 0 0
vn 1 0 0
vn 1 0 0
vn -1 0 0
vn -1 0 0
vn -1 0 0
vn -1 0 0
vn -1 0 0
vn -1 0 0
vn -1 0 0
vn -1 0 0
vn -1 0 0
vn -1 0 0
vn 0 -0.7410731 0.6714243
vn 0 -0.4434767 0.8962858
vn 0 -0.6001921 0.7998559
vn 0 -0.4434767 0.8962858
vn 0 -0.9887395 0.1496475
vn 0 -0.9887395 0.1496475
vn 0 -0.8240381 -0.5665343
vn 0 -0.8240381 -0.5665343
vn 0 -0.5791183 -0.8152435
vn 0 -0.5791183 -0.8152435
vn 0 0 -1
vn 0 0 -1
vn 0 0 -1
vn 0 0 -1
vn 0 0 1
vn 0 0 1
vn 0 0 1
vn 0 0 1
vn 0 0 1
vn 0 0 1
vn 0 0 1
vn 0 0 1
vn 0 0 -1
vn 0 0 -1
vn 0 0 -1
vn 0 0 -1
vn 0 -1 0
vn 0 -1 0
vn 0 -1 0
vn 0 -1 0
vn 0 1 0
vn 0 1 0
vn 0 1 0
vn 0 1 0
vn 0 -1 0
vn 0 -1 0
vn 0 -1 0
vn 0 -1 0
vn 0 1 0
vn 0 1 0
vn 0 1 0
vn 0 1 0
vn 0.9049838 0.425446 0
vn 1 0 0
vn 0.9049838 0.425446 0
vn 1 0 0
vn -0.9079544 0.4190689 0
vn -0.9079544 0.4190689 0
vn -1 0 0
vn -1 0 0
vn 1 0 0
vn 1 0 0
vn 1 0 0
vn 1 0 0
vn -1 0 0
vn -1 0 0
vn -1 0 0
vn -1 0 0
vn -1 0 0
vn -1 0 0
vn -1 0 0
vn -1 0 0
vn 1 0 0
vn 1 0 0
vn 1 0 0
vn 1 0 0
vn 0 -1 0
vn 0 -1 0
vn 0 -1 0
vn 0 -1 0
vn 0 -1 0
vn 0 -1 0
vn 0 -1 0
vn 0 -1 0
vn 0 -1 0
vn 0 -1 0
vn 0 -1 0
vn 0 -1 0
vn 0 -1 0
vn 0 -1 0
vn 0 -1 0
vn 0 -1 0
vn 0 -1 0
vn 0 -1 0
vn 0 -1 0
vn 0 -1 0
vn 0 0 -1
vn 0 0 -1
vn 0 0 -1
vn 0 0 -1
vn 0 0 -1
vn 0 0 -1
vn 0 0 1
vn 0 0 1
vn 0 0 1
vn 0 0 1
vn 0 0 1
vn 0 0 1
vn 0 0 -1
vn 0 0 -1
vn 0 0 -1
vn 0 0 -1
vn 0 0 -1
vn 0 0 -1
vn 0 0 1
vn 0 0 1
vn 0 0 1
vn 0 0 1
vn 0 0 1
vn 0 0 1
vn 0 0 1
vn 0 0 1
vn 0 0 1
vn 0 0 1
vn 0 0 1
vn 0 0 1
vn 0 0 1
vn 0 0 1
vn 0 0 1
vn 0 0 1
vn 0 0 1
vn 0 0 1
vn 0 0 1
vn 0 0 1
vn 0 0 1
vn 0 0 1
vn 0 0 1
vn 0 0 1
vn 0 0 1
vn 0 0 1
vn 0 0 -1
vn 0 0 -1
vn 0 0 -1
vn 0 0 -1
vn 0 0 -1
vn 0 0 -1
vn 0 0 -1
vn 0 0 -1
vn 0 0 -1
vn 0 0 -1
vn 0 0 -1
vn 0 0 -1
vn 0 0 -1
vn 0 0 -1
vn 0 0 -1
vn 0 0 -1
vn 0 0 -1
vn 0 0 -1
vn 0 0 -1
vn 0 0 -1
vn -0.9999999 0.000478451 0
vn -1 0 0
vn -0.9999979 0.0002392271 0.002081205
vn -1 0 0
vn -0.9999913 0.0004784552 0.004162419
vn -0.9999654 0 0.008324764
vn -1 0 0
vn -1 0 0
vn -1 0 0
vn -1 0 0
vn -1 0 0
vn -1 0 0
vn 1 0 0
vn 1 0 0
vn 1 0 0
vn 1 0 0
vn 1 0 0
vn 1 0 0
vn 1 0 0
vn 1 0 0
vn 1 0 0
vn 1 0 0
vn 1 0 0
vn 1 0 0
vn 1 0 0
vn 1 0 0
vn 1 0 0
vn 1 0 0
vn 1 0 0
vn 1 0 0
vn 1 0 0
vn 1 0 0
vn 1 0 0
vn 1 0 0
vn -1 0 0
vn -1 0 0
vn -1 0 0
vn -1 0 0
vn -1 0 0
vn -1 0 0
vn -1 0 0
vn -1 0 0
vn -1 0 0
vn -1 0 0
vn -1 0 0
vn -1 0 0
vn -1 0 0
vn -1 0 0
vn -1 0 0
vn -1 0 0
vn -1 0 0
vn -1 0 0
vn -1 0 0
vn -1 0 0
vn 1 0 0
vn 1 0 0
vn 1 0 0
vn 1 0 0
vn 1 0 0
vn 1 0 0
vn 1 0 0
vn 1 0 0
vn 1 0 0
vn 1 0 0
vn 0 -1 0
vn 0 -1 0
vn 0 -1 0
vn 0 -1 0
vn 0 -1 0
vn 0 -1 0
vn 0 -1 0
vn 0 -1 0
vn 0 -1 0
vn 0 -1 0
vn 0 -1 0
vn 0 -1 0
vn 0 -1 0
vn 0 -1 0
vn 0 -1 0
vn 0 -1 0
vn 0 -1 0
vn 0 -1 0
vn 0 -1 0
vn 0 -1 0
vn 0 -1 0
vn 0 -1 0
vn 0 -1 0
vn 0 -1 0
vn 1 0 0
vn 1 0 0
vn 1 0 0
vn 1 0 0
vn 1 0 0
vn 1 0 0
vn 1 0 0
vn 1 0 0
vn 1 0 0
vn 1 0 0
vn 1 0 0
vn 1 0 0
vn 1 0 0
vn 0.9990427 0.01843578 -0.03966993
vn 0.980809 -0.06556106 -0.1836177
vn 0.9936255 0.04750985 -0.1022312
vn 0.9957248 0.07355163 0.05587813
vn 1 0 0
vn 1 0 0
vn 1 0 0
vn 1 0 0
vn 1 0 0
vn 1 0 0
g Mesh1_0
f 3/3/3 2/2/2 1/1/1
f 1/1/1 4/4/4 3/3/3
f 5/5/5 2/2/2 3/3/3
f 2/2/2 5/5/5 6/6/6
f 7/7/7 3/3/3 4/4/4
f 3/3/3 8/8/8 5/5/5
f 9/9/9 6/6/6 5/5/5
f 6/6/6 9/9/9 10/10/10
f 11/11/11 5/5/5 7/7/7
f 5/5/5 12/12/12 9/9/9
f 7/7/7 13/13/13 11/11/11
f 14/14/14 10/10/10 9/9/9
f 10/10/10 14/14/14 15/15/15
f 16/16/16 9/9/9 11/11/11
f 9/9/9 16/16/16 14/14/14
f 11/11/11 17/17/17 16/16/16
f 18/18/18 15/15/15 14/14/14
f 15/15/15 18/18/18 19/19/19
f 20/20/20 14/14/14 16/16/16
f 14/14/14 20/20/20 18/18/18
f 21/21/21 16/16/16 17/17/17
f 16/16/16 22/22/22 20/20/20
f 23/23/23 19/19/19 18/18/18
f 19/19/19 23/23/23 24/24/24
f 25/25/25 18/18/18 20/20/20
f 18/18/18 25/25/25 23/23/23
f 26/26/26 20/20/20 22/22/22
f 20/20/20 26/26/26 25/25/25
f 21/21/21 27/27/27 26/26/26
f 28/28/28 24/24/24 23/23/23
f 24/24/24 28/28/28 29/29/29
f 30/30/30 23/23/23 25/25/25
f 23/23/23 30/30/30 28/28/28
f 31/31/31 25/25/25 26/26/26
f 25/25/25 31/31/31 30/30/30
f 32/32/32 26/26/26 27/27/27
f 26/26/26 32/32/32 31/31/31
f 33/33/33 29/29/29 28/28/28
f 29/29/29 33/33/33 34/34/34
f 35/35/35 28/28/28 30/30/30
f 28/28/28 35/35/35 33/33/33
f 36/36/36 30/30/30 31/31/31
f 30/30/30 36/36/36 35/35/35
f 37/37/37 31/31/31 32/32/32
f 31/31/31 37/37/37 36/36/36
f 38/38/38 34/34/34 33/33/33
f 34/34/34 38/38/38 39/39/39
f 40/40/40 33/33/33 35/35/35
f 33/33/33 40/40/40 38/38/38
f 41/41/41 35/35/35 36/36/36
f 35/35/35 41/41/41 40/40/40
f 42/42/42 36/36/36 37/37/37
f 36/36/36 42/42/42 41/41/41
f 43/43/43 39/39/39 38/38/38
f 39/39/39 43/43/43 44/44/44
f 45/45/45 38/38/38 40/40/40
f 38/38/38 45/45/45 43/43/43
f 46/46/46 40/40/40 41/41/41
f 40/40/40 46/46/46 45/45/45
f 47/47/47 41/41/41 42/42/42
f 41/41/41 47/47/47 46/46/46
f 48/48/48 44/44/44 43/43/43
f 44/44/44 48/48/48 49/49/49
f 50/50/50 43/43/43 45/45/45
f 43/43/43 50/50/50 48/48/48
f 51/51/51 45/45/45 46/46/46
f 45/45/45 51/51/51 50/50/50
f 52/52/52 46/46/46 47/47/47
f 46/46/46 52/52/52 51/51/51
f 53/53/53 49/49/49 48/48/48
f 49/49/49 53/53/53 54/54/54
f 55/55/55 48/48/48 50/50/50
f 48/48/48 55/55/55 53/53/53
f 56/56/56 50/50/50 51/51/51
f 50/50/50 56/56/56 55/55/55
f 51/51/51 57/57/57 56/56/56
f 57/57/57 51/51/51 58/58/58
f 59/59/59 54/54/54 53/53/53
f 54/54/54 59/59/59 60/60/60
f 61/61/61 53/53/53 55/55/55
f 53/53/53 61/61/61 59/59/59
f 62/62/62 55/55/55 56/56/56
f 55/55/55 62/62/62 61/61/61
f 63/63/63 56/56/56 57/57/57
f 56/56/56 63/63/63 62/62/62
f 57/57/57 64/64/64 63/63/63
f 64/64/64 57/57/57 65/65/65
f 66/66/66 65/65/65 57/57/57
f 65/65/65 67/67/67 64/64/64
f 67/67/67 65/65/65 68/68/68
f 69/69/69 68/68/68 65/65/65
f 65/65/65 70/70/70 69/69/69
f 68/68/68 69/69/69 71/71/71
f 72/72/72 71/71/71 69/69/69
f 69/69/69 73/73/73 72/72/72
f 74/74/74 72/72/72 73/73/73
f 72/72/72 74/74/74 75/75/75
f 76/76/76 75/75/75 74/74/74
f 75/75/75 76/76/76 77/77/77
f 78/78/78 77/77/77 76/76/76
f 77/77/77 78/78/78 79/79/79
f 80/80/80 79/79/79 78/78/78
f 79/79/79 80/80/80 81/81/81
f 82/82/82 81/81/81 80/80/80
f 81/81/81 82/82/82 83/83/83
f 84/84/84 83/83/83 82/82/82
f 82/82/82 85/85/85 84/84/84
f 83/83/83 84/84/84 86/86/86
f 87/87/87 86/86/86 84/84/84
f 84/84/84 88/88/88 87/87/87
f 86/86/86 87/87/87 89/89/89
f 90/90/90 89/89/89 87/87/87
f 87/87/87 91/91/91 90/90/90
f 92/92/92 90/90/90 91/91/91
f 91/91/91 93/93/93 92/92/92
f 90/90/90 92/92/92 94/94/94
f 95/95/95 94/94/94 92/92/92
f 92/92/92 96/96/96 95/95/95
f 94/94/94 97/97/97 90/90/90
f 89/89/89 90/90/90 97/97/97
f 91/91/91 87/87/87 98/98/98
f 98/98/98 99/99/99 91/91/91
f 97/97/97 100/100/100 89/89/89
f 100/100/100 97/97/97 101/101/101
f 102/102/102 101/101/101 97/97/97
f 97/97/97 103/103/103 102/102/102
f 101/101/101 102/102/102 104/104/104
f 105/105/105 104/104/104 102/102/102
f 102/102/102 106/106/106 105/105/105
f 104/104/104 105/105/105 107/107/107
f 107/107/107 108/108/108 104/104/104
f 108/108/108 107/107/107 109/109/109
f 109/109/109 110/110/110 108/108/108
f 110/110/110 109/109/109 111/111/111
f 111/111/111 112/112/112 110/110/110
f 113/113/113 104/104/104 108/108/108
f 104/104/104 113/113/113 101/101/101
f 114/114/114 108/108/108 110/110/110
f 108/108/108 114/114/114 113/113/113
f 115/115/115 110/110/110 112/112/112
f 110/110/110 115/115/115 114/114/114
f 112/112/112 116/116/116 115/115/115
f 117/117/117 101/101/101 113/113/113
f 118/118/118 113/113/113 114/114/114
f 113/113/113 118/118/118 117/117/117
f 119/119/119 114/114/114 115/115/115
f 114/114/114 119/119/119 118/118/118
f 120/120/120 115/115/115 116/116/116
f 115/115/115 120/120/120 119/119/119
f 116/116/116 121/121/121 120/120/120
f 121/121/121 116/116/116 122/122/122
f 123/123/123 122/122/122 116/116/116
f 116/116/116 124/124/124 123/123/123
f 122/122/122 125/125/125 121/121/121
f 125/125/125 122/122/122 126/126/126
f 127/127/127 126/126/126 122/122/122
f 128/128/128 127/127/127 123/123/123
f 123/123/123 129/129/129 128/128/128
f 127/127/127 128/128/128 130/130/130
f 130/130/130 131/131/131 127/127/127
f 126/126/126 127/127/127 131/131/131
f 131/131/131 130/130/130 132/132/132
f 132/132/132 133/133/133 131/131/131
f 133/133/133 132/132/132 134/134/134
f 134/134/134 135/135/135 133/133/133
f 135/135/135 134/134/134 136/136/136
f 136/136/136 137/137/137 135/135/135
f 137/137/137 136/136/136 138/138/138
f 138/138/138 139/139/139 137/137/137
f 139/139/139 138/138/138 140/140/140
f 140/140/140 141/141/141 139/139/139
f 141/141/141 140/140/140 142/142/142
f 142/142/142 143/143/143 141/141/141
f 143/143/143 142/142/142 144/144/144
f 144/144/144 145/145/145 143/143/143
f 145/145/145 144/144/144 146/146/146
f 146/146/146 147/147/147 145/145/145
f 147/147/147 146/146/146 148/148/148
f 148/148/148 149/149/149 147/147/147
f 149/149/149 148/148/148 150/150/150
f 150/150/150 151/151/151 149/149/149
f 151/151/151 150/150/150 152/152/152
f 152/152/152 153/153/153 151/151/151
f 153/153/153 152/152/152 154/154/154
f 154/154/154 155/155/155 153/153/153
f 155/155/155 154/154/154 156/156/156
f 156/156/156 157/157/157 155/155/155
f 157/157/157 156/156/156 158/158/158
f 158/158/158 159/159/159 157/157/157
f 159/159/159 158/158/158 160/160/160
f 160/160/160 161/161/161 159/159/159
f 161/161/161 160/160/160 162/162/162
f 162/162/162 163/163/163 161/161/161
f 163/163/163 162/162/162 164/164/164
f 164/164/164 165/165/165 163/163/163
f 165/165/165 164/164/164 166/166/166
f 166/166/166 167/167/167 165/165/165
f 167/167/167 166/166/166 168/168/168
f 169/169/169 167/167/167 168/168/168
f 170/170/170 155/155/155 157/157/157
f 155/155/155 170/170/170 171/171/171
f 171/171/171 153/153/153 155/155/155
f 153/153/153 171/171/171 172/172/172
f 172/172/172 151/151/151 153/153/153
f 151/151/151 172/172/172 173/173/173
f 173/173/173 149/149/149 151/151/151
f 149/149/149 173/173/173 174/174/174
f 174/174/174 147/147/147 149/149/149
f 147/147/147 174/174/174 175/175/175
f 175/175/175 145/145/145 147/147/147
f 145/145/145 175/175/175 176/176/176
f 176/176/176 143/143/143 145/145/145
f 143/143/143 176/176/176 177/177/177
f 177/177/177 141/141/141 143/143/143
f 141/141/141 177/177/177 178/178/178
f 178/178/178 139/139/139 141/141/141
f 139/139/139 178/178/178 179/179/179
f 179/179/179 137/137/137 139/139/139
f 137/137/137 179/179/179 180/180/180
f 180/180/180 135/135/135 137/137/137
f 135/135/135 180/180/180 181/181/181
f 181/181/181 133/133/133 135/135/135
f 133/133/133 181/181/181 182/182/182
f 182/182/182 131/131/131 133/133/133
f 131/131/131 182/182/182 126/126/126
f 183/183/183 126/126/126 182/182/182
f 126/126/126 183/183/183 125/125/125
f 184/184/184 182/182/182 181/181/181
f 182/182/182 184/184/184 183/183/183
f 185/185/185 181/181/181 180/180/180
f 181/181/181 185/185/185 184/184/184
f 186/186/186 180/180/180 179/179/179
f 180/180/180 186/186/186 185/185/185
f 187/187/187 179/179/179 178/178/178
f 179/179/179 187/187/187 186/186/186
f 188/188/188 125/125/125 183/183/183
f 125/125/125 188/188/188 189/189/189
f 189/189/189 121/121/121 125/125/125
f 121/121/121 189/189/189 190/190/190
f 190/190/190 120/120/120 121/121/121
f 120/120/120 190/190/190 191/191/191
f 191/191/191 119/119/119 120/120/120
f 119/119/119 191/191/191 192/192/192
f 192/192/192 118/118/118 119/119/119
f 118/118/118 192/192/192 193/193/193
f 193/193/193 117/117/117 118/118/118
f 117/117/117 193/193/193 194/194/194
f 194/194/194 100/100/100 117/117/117
f 101/101/101 117/117/117 100/100/100
f 100/100/100 194/194/194 195/195/195
f 195/195/195 89/89/89 100/100/100
f 89/89/89 195/195/195 86/86/86
f 196/196/196 86/86/86 195/195/195
f 86/86/86 196/196/196 83/83/83
f 197/197/197 195/195/195 194/194/194
f 195/195/195 197/197/197 196/196/196
f 198/198/198 194/194/194 193/193/193
f 194/194/194 198/198/198 197/197/197
f 199/199/199 193/193/193 192/192/192
f 193/193/193 199/199/199 198/198/198
f 192/192/192 200/200/200 199/199/199
f 200/200/200 192/192/192 191/191/191
f 191/191/191 201/201/201 200/200/200
f 201/201/201 191/191/191 190/190/190
f 190/190/190 202/202/202 201/201/201
f 202/202/202 190/190/190 189/189/189
f 189/189/189 203/203/203 202/202/202
f 203/203/203 189/189/189 188/188/188
f 188/188/188 204/204/204 203/203/203
f 204/204/204 188/188/188 205/205/205
f 183/183/183 205/205/205 188/188/188
f 205/205/205 183/183/183 184/184/184
f 184/184/184 206/206/206 205/205/205
f 206/206/206 184/184/184 185/185/185
f 185/185/185 207/207/207 206/206/206
f 207/207/207 185/185/185 186/186/186
f 186/186/186 208/208/208 207/207/207
f 208/208/208 186/186/186 187/187/187
f 187/187/187 209/209/209 208/208/208
f 209/209/209 187/187/187 210/210/210
f 178/178/178 210/210/210 187/187/187
f 210/210/210 178/178/178 177/177/177
f 177/177/177 211/211/211 210/210/210
f 211/211/211 177/177/177 176/176/176
f 176/176/176 212/212/212 211/211/211
f 212/212/212 176/176/176 175/175/175
f 175/175/175 213/213/213 212/212/212
f 213/213/213 175/175/175 174/174/174
f 174/174/174 214/214/214 213/213/213
f 214/214/214 174/174/174 173/173/173
f 173/173/173 215/215/215 214/214/214
f 215/215/215 173/173/173 172/172/172
f 172/172/172 216/216/216 215/215/215
f 216/216/216 172/172/172 171/171/171
f 171/171/171 217/217/217 216/216/216
f 217/217/217 171/171/171 170/170/170
f 170/170/170 218/218/218 217/217/217
f 218/218/218 170/170/170 219/219/219
f 157/157/157 219/219/219 170/170/170
f 219/219/219 157/157/157 159/159/159
f 159/159/159 220/220/220 219/219/219
f 220/220/220 159/159/159 161/161/161
f 161/161/161 221/221/221 220/220/220
f 221/221/221 161/161/161 163/163/163
f 163/163/163 222/222/222 221/221/221
f 222/222/222 163/163/163 165/165/165
f 165/165/165 223/223/223 222/222/222
f 223/223/223 165/165/165 167/167/167
f 167/167/167 224/224/224 223/223/223
f 224/224/224 167/167/167 169/169/169
f 225/225/225 219/219/219 220/220/220
f 219/219/219 225/225/225 218/218/218
f 226/226/226 220/220/220 221/221/221
f 220/220/220 226/226/226 225/225/225
f 227/227/227 221/221/221 222/222/222
f 221/221/221 227/227/227 226/226/226
f 228/228/228 222/222/222 223/223/223
f 222/222/222 228/228/228 227/227/227
f 229/229/229 223/223/223 224/224/224
f 223/223/223 229/229/229 228/228/228
f 230/230/230 225/225/225 226/226/226
f 225/225/225 230/230/230 231/231/231
f 231/231/231 218/218/218 225/225/225
f 218/218/218 231/231/231 232/232/232
f 232/232/232 217/217/217 218/218/218
f 217/217/217 232/232/232 233/233/233
f 233/233/233 216/216/216 217/217/217
f 216/216/216 233/233/233 234/234/234
f 234/234/234 215/215/215 216/216/216
f 215/215/215 234/234/234 235/235/235
f 235/235/235 214/214/214 215/215/215
f 214/214/214 235/235/235 236/236/236
f 236/236/236 213/213/213 214/214/214
f 213/213/213 236/236/236 237/237/237
f 237/237/237 212/212/212 213/213/213
f 212/212/212 237/237/237 238/238/238
f 238/238/238 211/211/211 212/212/212
f 211/211/211 238/238/238 239/239/239
f 239/239/239 210/210/210 211/211/211
f 210/210/210 239/239/239 209/209/209
f 240/240/240 209/209/209 239/239/239
f 209/209/209 240/240/240 241/241/241
f 241/241/241 208/208/208 209/209/209
f 208/208/208 241/241/241 242/242/242
f 242/242/242 207/207/207 208/208/208
f 207/207/207 242/242/242 243/243/243
f 243/243/243 206/206/206 207/207/207
f 206/206/206 243/243/243 244/244/244
f 244/244/244 205/205/205 206/206/206
f 205/205/205 244/244/244 204/204/204
f 245/245/245 239/239/239 238/238/238
f 239/239/239 245/245/245 240/240/240
f 238/238/238 246/246/246 245/245/245
f 246/246/246 238/238/238 237/237/237
f 237/237/237 247/247/247 246/246/246
f 247/247/247 237/237/237 236/236/236
f 236/236/236 248/248/248 247/247/247
f 248/248/248 236/236/236 235/235/235
f 235/235/235 249/249/249 248/248/248
f 249/249/249 235/235/235 234/234/234
f 234/234/234 250/250/250 249/249/249
f 250/250/250 234/234/234 233/233/233
f 233/233/233 251/251/251 250/250/250
f 251/251/251 233/233/233 232/232/232
f 232/232/232 252/252/252 251/251/251
f 252/252/252 232/232/232 231/231/231
f 231/231/231 253/253/253 252/252/252
f 253/253/253 231/231/231 230/230/230
f 230/230/230 254/254/254 253/253/253
f 254/254/254 230/230/230 255/255/255
f 226/226/226 255/255/255 230/230/230
f 255/255/255 226/226/226 227/227/227
f 227/227/227 256/256/256 255/255/255
f 256/256/256 227/227/227 228/228/228
f 228/228/228 257/257/257 256/256/256
f 257/257/257 228/228/228 229/229/229
f 258/258/258 255/255/255 256/256/256
f 255/255/255 258/258/258 254/254/254
f 259/259/259 256/256/256 257/257/257
f 256/256/256 259/259/259 258/258/258
f 260/260/260 251/251/251 252/252/252
f 261/261/261 252/252/252 253/253/253
f 252/252/252 261/261/261 260/260/260
f 262/262/262 253/253/253 254/254/254
f 253/253/253 262/262/262 261/261/261
f 263/263/263 254/254/254 258/258/258
f 254/254/254 263/263/263 262/262/262
f 264/264/264 258/258/258 259/259/259
f 258/258/258 264/264/264 263/263/263
f 265/265/265 260/260/260 261/261/261
f 260/260/260 265/265/265 266/266/266
f 266/266/266 267/267/267 260/260/260
f 251/251/251 260/260/260 267/267/267
f 267/267/267 250/250/250 251/251/251
f 250/250/250 267/267/267 268/268/268
f 268/268/268 249/249/249 250/250/250
f 249/249/249 268/268/268 269/269/269
f 269/269/269 248/248/248 249/249/249
f 248/248/248 269/269/269 270/270/270
f 270/270/270 247/247/247 248/248/248
f 247/247/247 270/270/270 271/271/271
f 271/271/271 246/246/246 247/247/247
f 246/246/246 271/271/271 272/272/272
f 272/272/272 245/245/245 246/246/246
f 245/245/245 272/272/272 273/273/273
f 273/273/273 240/240/240 245/245/245
f 240/240/240 273/273/273 274/274/274
f 274/274/274 241/241/241 240/240/240
f 241/241/241 274/274/274 275/275/275
f 275/275/275 242/242/242 241/241/241
f 242/242/242 275/275/275 276/276/276
f 276/276/276 243/243/243 242/242/242
f 243/243/243 276/276/276 277/277/277
f 277/277/277 244/244/244 243/243/243
f 244/244/244 277/277/277 278/278/278
f 278/278/278 204/204/204 244/244/244
f 204/204/204 278/278/278 279/279/279
f 279/279/279 203/203/203 204/204/204
f 203/203/203 279/279/279 280/280/280
f 280/280/280 202/202/202 203/203/203
f 202/202/202 280/280/280 281/281/281
f 281/281/281 201/201/201 202/202/202
f 201/201/201 281/281/281 282/282/282
f 282/282/282 200/200/200 201/201/201
f 200/200/200 282/282/282 283/283/283
f 283/283/283 199/199/199 200/200/200
f 199/199/199 283/283/283 284/284/284
f 284/284/284 198/198/198 199/199/199
f 198/198/198 284/284/284 285/285/285
f 285/285/285 197/197/197 198/198/198
f 197/197/197 285/285/285 286/286/286
f 286/286/286 196/196/196 197/197/197
f 196/196/196 286/286/286 287/287/287
f 287/287/287 83/83/83 196/196/196
f 83/83/83 287/287/287 81/81/81
f 288/288/288 81/81/81 287/287/287
f 81/81/81 288/288/288 79/79/79
f 289/289/289 287/287/287 286/286/286
f 287/287/287 289/289/289 288/288/288
f 290/290/290 286/286/286 285/285/285
f 286/286/286 290/290/290 289/289/289
f 291/291/291 285/285/285 284/284/284
f 285/285/285 291/291/291 290/290/290
f 292/292/292 284/284/284 283/283/283
f 284/284/284 292/292/292 291/291/291
f 293/293/293 79/79/79 288/288/288
f 79/79/79 293/293/293 77/77/77
f 294/294/294 288/288/288 289/289/289
f 288/288/288 294/294/294 293/293/293
f 295/295/295 289/289/289 290/290/290
f 289/289/289 295/295/295 294/294/294
f 296/296/296 290/290/290 291/291/291
f 290/290/290 296/296/296 295/295/295
f 297/297/297 291/291/291 292/292/292
f 291/291/291 297/297/297 296/296/296
f 292/292/292 298/298/298 297/297/297
f 298/298/298 292/292/292 299/299/299
f 283/283/283 299/299/299 292/292/292
f 299/299/299 283/283/283 282/282/282
f 282/282/282 300/300/300 299/299/299
f 300/300/300 282/282/282 281/281/281
f 281/281/281 301/301/301 300/300/300
f 301/301/301 281/281/281 280/280/280
f 280/280/280 302/302/302 301/301/301
f 302/302/302 280/280/280 279/279/279
f 279/279/279 303/303/303 302/302/302
f 303/303/303 279/279/279 278/278/278
f 278/278/278 304/304/304 303/303/303
f 304/304/304 278/278/278 277/277/277
f 277/277/277 305/305/305 304/304/304
f 305/305/305 277/277/277 276/276/276
f 276/276/276 306/306/306 305/305/305
f 306/306/306 276/276/276 275/275/275
f 275/275/275 307/307/307 306/306/306
f 307/307/307 275/275/275 274/274/274
f 274/274/274 308/308/308 307/307/307
f 308/308/308 274/274/274 273/273/273
f 273/273/273 309/309/309 308/308/308
f 309/309/309 273/273/273 272/272/272
f 272/272/272 310/310/310 309/309/309
f 310/310/310 272/272/272 271/271/271
f 271/271/271 311/311/311 310/310/310
f 311/311/311 271/271/271 270/270/270
f 270/270/270 312/312/312 311/311/311
f 312/312/312 270/270/270 269/269/269
f 269/269/269 313/313/313 312/312/312
f 313/313/313 269/269/269 268/268/268
f 268/268/268 314/314/314 313/313/313
f 314/314/314 268/268/268 267/267/267
f 267/267/267 266/266/266 314/314/314
f 315/315/315 308/308/308 309/309/309
f 308/308/308 315/315/315 316/316/316
f 316/316/316 307/307/307 308/308/308
f 307/307/307 316/316/316 317/317/317
f 317/317/317 306/306/306 307/307/307
f 306/306/306 317/317/317 318/318/318
f 318/318/318 305/305/305 306/306/306
f 305/305/305 318/318/318 319/319/319
f 319/319/319 304/304/304 305/305/305
f 304/304/304 319/319/319 320/320/320
f 320/320/320 303/303/303 304/304/304
f 303/303/303 320/320/320 321/321/321
f 321/321/321 302/302/302 303/303/303
f 302/302/302 321/321/321 322/322/322
f 322/322/322 301/301/301 302/302/302
f 301/301/301 322/322/322 323/323/323
f 323/323/323 300/300/300 301/301/301
f 300/300/300 323/323/323 324/324/324
f 324/324/324 299/299/299 300/300/300
f 299/299/299 324/324/324 298/298/298
f 325/325/325 298/298/298 324/324/324
f 298/298/298 325/325/325 326/326/326
f 326/326/326 297/297/297 298/298/298
f 297/297/297 326/326/326 327/327/327
f 327/327/327 296/296/296 297/297/297
f 296/296/296 327/327/327 328/328/328
f 328/328/328 295/295/295 296/296/296
f 295/295/295 328/328/328 329/329/329
f 329/329/329 294/294/294 295/295/295
f 294/294/294 329/329/329 330/330/330
f 330/330/330 293/293/293 294/294/294
f 293/293/293 330/330/330 331/331/331
f 331/331/331 77/77/77 293/293/293
f 77/77/77 331/331/331 75/75/75
f 332/332/332 75/75/75 331/331/331
f 75/75/75 332/332/332 72/72/72
f 333/333/333 331/331/331 330/330/330
f 331/331/331 333/333/333 332/332/332
f 334/334/334 330/330/330 329/329/329
f 330/330/330 334/334/334 333/333/333
f 335/335/335 329/329/329 328/328/328
f 329/329/329 335/335/335 334/334/334
f 336/336/336 328/328/328 327/327/327
f 328/328/328 336/336/336 335/335/335
f 71/71/71 72/72/72 332/332/332
f 337/337/337 332/332/332 333/333/333
f 332/332/332 337/337/337 71/71/71
f 338/338/338 333/333/333 334/334/334
f 333/333/333 338/338/338 337/337/337
f 339/339/339 334/334/334 335/335/335
f 334/334/334 339/339/339 338/338/338
f 340/340/340 335/335/335 336/336/336
f 335/335/335 340/340/340 339/339/339
f 336/336/336 341/341/341 340/340/340
f 341/341/341 336/336/336 342/342/342
f 327/327/327 342/342/342 336/336/336
f 342/342/342 327/327/327 326/326/326
f 326/326/326 343/343/343 342/342/342
f 343/343/343 326/326/326 325/325/325
f 325/325/325 344/344/344 343/343/343
f 344/344/344 325/325/325 345/345/345
f 324/324/324 345/345/345 325/325/325
f 345/345/345 324/324/324 323/323/323
f 323/323/323 346/346/346 345/345/345
f 346/346/346 323/323/323 322/322/322
f 322/322/322 347/347/347 346/346/346
f 347/347/347 322/322/322 321/321/321
f 321/321/321 348/348/348 347/347/347
f 348/348/348 321/321/321 320/320/320
f 320/320/320 349/349/349 348/348/348
f 349/349/349 320/320/320 319/319/319
f 319/319/319 350/350/350 349/349/349
f 350/350/350 319/319/319 318/318/318
f 318/318/318 351/351/351 350/350/350
f 351/351/351 318/318/318 317/317/317
f 317/317/317 352/352/352 351/351/351
f 352/352/352 317/317/317 316/316/316
f 316/316/316 353/353/353 352/352/352
f 353/353/353 316/316/316 315/315/315
f 315/315/315 354/354/354 353/353/353
f 354/354/354 315/315/315 355/355/355
f 309/309/309 355/355/355 315/315/315
f 355/355/355 309/309/309 310/310/310
f 310/310/310 356/356/356 355/355/355
f 356/356/356 310/310/310 311/311/311
f 311/311/311 357/357/357 356/356/356
f 357/357/357 311/311/311 312/312/312
f 312/312/312 358/358/358 357/357/357
f 358/358/358 312/312/312 313/313/313
f 313/313/313 359/359/359 358/358/358
f 359/359/359 313/313/313 314/314/314
f 314/314/314 360/360/360 359/359/359
f 360/360/360 314/314/314 266/266/266
f 266/266/266 361/361/361 360/360/360
f 361/361/361 266/266/266 265/265/265
f 265/265/265 362/362/362 361/361/361
f 362/362/362 265/265/265 363/363/363
f 261/261/261 363/363/363 265/265/265
f 363/363/363 261/261/261 262/262/262
f 262/262/262 364/364/364 363/363/363
f 364/364/364 262/262/262 263/263/263
f 263/263/263 365/365/365 364/364/364
f 365/365/365 263/263/263 264/264/264
f 366/366/366 363/363/363 364/364/364
f 363/363/363 366/366/366 362/362/362
f 367/367/367 364/364/364 365/365/365
f 364/364/364 367/367/367 366/366/366
f 368/368/368 359/359/359 360/360/360
f 369/369/369 360/360/360 361/361/361
f 360/360/360 369/369/369 368/368/368
f 370/370/370 361/361/361 362/362/362
f 361/361/361 370/370/370 369/369/369
f 371/371/371 362/362/362 366/366/366
f 362/362/362 371/371/371 370/370/370
f 372/372/372 366/366/366 367/367/367
f 366/366/366 372/372/372 371/371/371
f 373/373/373 368/368/368 369/369/369
f 368/368/368 373/373/373 374/374/374
f 374/374/374 375/375/375 368/368/368
f 359/359/359 368/368/368 375/375/375
f 375/375/375 358/358/358 359/359/359
f 358/358/358 375/375/375 376/376/376
f 376/376/376 357/357/357 358/358/358
f 357/357/357 376/376/376 377/377/377
f 377/377/377 356/356/356 357/357/357
f 356/356/356 377/377/377 378/378/378
f 378/378/378 355/355/355 356/356/356
f 355/355/355 378/378/378 354/354/354
f 379/379/379 354/354/354 378/378/378
f 354/354/354 379/379/379 380/380/380
f 380/380/380 353/353/353 354/354/354
f 353/353/353 380/380/380 381/381/381
f 381/381/381 352/352/352 353/353/353
f 352/352/352 381/381/381 382/382/382
f 382/382/382 351/351/351 352/352/352
f 351/351/351 382/382/382 383/383/383
f 383/383/383 350/350/350 351/351/351
f 350/350/350 383/383/383 384/384/384
f 384/384/384 349/349/349 350/350/350
f 349/349/349 384/384/384 385/385/385
f 385/385/385 348/348/348 349/349/349
f 348/348/348 385/385/385 386/386/386
f 386/386/386 347/347/347 348/348/348
f 347/347/347 386/386/386 387/387/387
f 387/387/387 346/346/346 347/347/347
f 346/346/346 387/387/387 388/388/388
f 388/388/388 345/345/345 346/346/346
f 345/345/345 388/388/388 344/344/344
f 389/389/389 344/344/344 388/388/388
f 344/344/344 389/389/389 390/390/390
f 390/390/390 343/343/343 344/344/344
f 343/343/343 390/390/390 391/391/391
f 391/391/391 342/342/342 343/343/343
f 342/342/342 391/391/391 341/341/341
f 392/392/392 388/388/388 387/387/387
f 388/388/388 392/392/392 389/389/389
f 393/393/393 387/387/387 386/386/386
f 387/387/387 393/393/393 392/392/392
f 386/386/386 394/394/394 393/393/393
f 394/394/394 386/386/386 385/385/385
f 385/385/385 395/395/395 394/394/394
f 395/395/395 385/385/385 384/384/384
f 384/384/384 396/396/396 395/395/395
f 396/396/396 384/384/384 383/383/383
f 383/383/383 397/397/397 396/396/396
f 397/397/397 383/383/383 382/382/382
f 382/382/382 398/398/398 397/397/397
f 398/398/398 382/382/382 381/381/381
f 381/381/381 399/399/399 398/398/398
f 399/399/399 381/381/381 380/380/380
f 380/380/380 400/400/400 399/399/399
f 400/400/400 380/380/380 379/379/379
f 379/379/379 401/401/401 400/400/400
f 401/401/401 379/379/379 402/402/402
f 378/378/378 402/402/402 379/379/379
f 402/402/402 378/378/378 377/377/377
f 377/377/377 403/403/403 402/402/402
f 403/403/403 377/377/377 376/376/376
f 376/376/376 404/404/404 403/403/403
f 404/404/404 376/376/376 375/375/375
f 375/375/375 374/374/374 404/404/404
f 405/405/405 402/402/402 403/403/403
f 402/402/402 405/405/405 401/401/401
f 406/406/406 403/403/403 404/404/404
f 403/403/403 406/406/406 405/405/405
f 407/407/407 404/404/404 374/374/374
f 404/404/404 407/407/407 406/406/406
f 374/374/374 408/408/408 407/407/407
f 408/408/408 374/374/374 373/373/373
f 373/373/373 409/409/409 408/408/408
f 409/409/409 373/373/373 410/410/410
f 369/369/369 410/410/410 373/373/373
f 410/410/410 369/369/369 370/370/370
f 370/370/370 411/411/411 410/410/410
f 411/411/411 370/370/370 371/371/371
f 371/371/371 412/412/412 411/411/411
f 412/412/412 371/371/371 372/372/372
f 413/413/413 410/410/410 411/411/411
f 410/410/410 413/413/413 409/409/409
f 414/414/414 411/411/411 412/412/412
f 411/411/411 414/414/414 413/413/413
f 415/415/415 405/405/405 406/406/406
f 405/405/405 415/415/415 416/416/416
f 416/416/416 401/401/401 405/405/405
f 401/401/401 416/416/416 417/417/417
f 417/417/417 400/400/400 401/401/401
f 400/400/400 417/417/417 418/418/418
f 418/418/418 399/399/399 400/400/400
f 399/399/399 418/418/418 419/419/419
f 419/419/419 398/398/398 399/399/399
f 398/398/398 419/419/419 420/420/420
f 420/420/420 397/397/397 398/398/398
f 397/397/397 420/420/420 421/421/421
f 421/421/421 396/396/396 397/397/397
f 396/396/396 421/421/421 422/422/422
f 422/422/422 395/395/395 396/396/396
f 395/395/395 422/422/422 423/423/423
f 423/423/423 394/394/394 395/395/395
f 394/394/394 423/423/423 424/424/424
f 424/424/424 393/393/393 394/394/394
f 393/393/393 424/424/424 425/425/425
f 425/425/425 392/392/392 393/393/393
f 392/392/392 425/425/425 426/426/426
f 426/426/426 389/389/389 392/392/392
f 389/389/389 426/426/426 427/427/427
f 427/427/427 390/390/390 389/389/389
f 390/390/390 427/427/427 428/428/428
f 428/428/428 391/391/391 390/390/390
f 391/391/391 428/428/428 429/429/429
f 429/429/429 341/341/341 391/391/391
f 341/341/341 429/429/429 430/430/430
f 430/430/430 340/340/340 341/341/341
f 340/340/340 430/430/430 431/431/431
f 431/431/431 339/339/339 340/340/340
f 339/339/339 431/431/431 432/432/432
f 432/432/432 338/338/338 339/339/339
f 338/338/338 432/432/432 433/433/433
f 433/433/433 337/337/337 338/338/338
f 337/337/337 433/433/433 434/434/434
f 434/434/434 71/71/71 337/337/337
f 71/71/71 434/434/434 68/68/68
f 435/435/435 68/68/68 434/434/434
f 68/68/68 435/435/435 67/67/67
f 436/436/436 434/434/434 433/433/433
f 434/434/434 436/436/436 435/435/435
f 437/437/437 433/433/433 432/432/432
f 433/433/433 437/437/437 436/436/436
f 438/438/438 432/432/432 431/431/431
f 432/432/432 438/438/438 437/437/437
f 439/439/439 431/431/431 430/430/430
f 431/431/431 439/439/439 438/438/438
f 440/440/440 67/67/67 435/435/435
f 67/67/67 440/440/440 441/441/441
f 441/441/441 64/64/64 67/67/67
f 64/64/64 441/441/441 442/442/442
f 442/442/442 63/63/63 64/64/64
f 63/63/63 442/442/442 443/443/443
f 443/443/443 62/62/62 63/63/63
f 62/62/62 443/443/443 444/444/444
f 444/444/444 61/61/61 62/62/62
f 61/61/61 444/444/444 445/445/445
f 445/445/445 59/59/59 61/61/61
f 59/59/59 445/445/445 446/446/446
f 446/446/446 60/60/60 59/59/59
f 60/60/60 446/446/446 447/447/447
f 448/448/448 438/438/438 439/439/439
f 439/439/439 449/449/449 448/448/448
f 449/449/449 439/439/439 450/450/450
f 430/430/430 450/450/450 439/439/439
f 450/450/450 430/430/430 429/429/429
f 429/429/429 451/451/451 450/450/450
f 451/451/451 429/429/429 428/428/428
f 428/428/428 452/452/452 451/451/451
f 452/452/452 428/428/428 427/427/427
f 427/427/427 453/453/453 452/452/452
f 453/453/453 427/427/427 426/426/426
f 426/426/426 454/454/454 453/453/453
f 454/454/454 426/426/426 425/425/425
f 425/425/425 455/455/455 454/454/454
f 455/455/455 425/425/425 424/424/424
f 424/424/424 456/456/456 455/455/455
f 456/456/456 424/424/424 423/423/423
f 423/423/423 457/457/457 456/456/456
f 457/457/457 423/423/423 422/422/422
f 422/422/422 458/458/458 457/457/457
f 458/458/458 422/422/422 421/421/421
f 421/421/421 459/459/459 458/458/458
f 459/459/459 421/421/421 420/420/420
f 420/420/420 460/460/460 459/459/459
f 460/460/460 420/420/420 419/419/419
f 419/419/419 461/461/461 460/460/460
f 461/461/461 419/419/419 418/418/418
f 418/418/418 462/462/462 461/461/461
f 462/462/462 418/418/418 417/417/417
f 417/417/417 463/463/463 462/462/462
f 463/463/463 417/417/417 416/416/416
f 416/416/416 464/464/464 463/463/463
f 464/464/464 416/416/416 415/415/415
f 415/415/415 465/465/465 464/464/464
f 465/465/465 415/415/415 466/466/466
f 406/406/406 466/466/466 415/415/415
f 466/466/466 406/406/406 407/407/407
f 407/407/407 467/467/467 466/466/466
f 467/467/467 407/407/407 408/408/408
f 408/408/408 468/468/468 467/467/467
f 468/468/468 408/408/408 409/409/409
f 409/409/409 469/469/469 468/468/468
f 469/469/469 409/409/409 413/413/413
f 413/413/413 470/470/470 469/469/469
f 470/470/470 413/413/413 414/414/414
f 471/471/471 466/466/466 467/467/467
f 466/466/466 471/471/471 465/465/465
f 472/472/472 467/467/467 468/468/468
f 467/467/467 472/472/472 471/471/471
f 473/473/473 468/468/468 469/469/469
f 468/468/468 473/473/473 472/472/472
f 474/474/474 469/469/469 470/470/470
f 469/469/469 474/474/474 473/473/473
f 475/475/475 465/465/465 471/471/471
f 476/476/476 471/471/471 472/472/472
f 471/471/471 476/476/476 475/475/475
f 477/477/477 472/472/472 473/473/473
f 472/472/472 477/477/477 476/476/476
f 478/478/478 473/473/473 474/474/474
f 473/473/473 478/478/478 477/477/477
f 479/479/479 475/475/475 476/476/476
f 475/475/475 479/479/479 480/480/480
f 480/480/480 481/481/481 475/475/475
f 465/465/465 475/475/475 481/481/481
f 481/481/481 464/464/464 465/465/465
f 464/464/464 481/481/481 482/482/482
f 482/482/482 463/463/463 464/464/464
f 463/463/463 482/482/482 483/483/483
f 483/483/483 462/462/462 463/463/463
f 462/462/462 483/483/483 484/484/484
f 484/484/484 461/461/461 462/462/462
f 461/461/461 484/484/484 485/485/485
f 485/485/485 460/460/460 461/461/461
f 460/460/460 485/485/485 486/486/486
f 486/486/486 459/459/459 460/460/460
f 459/459/459 486/486/486 487/487/487
f 487/487/487 458/458/458 459/459/459
f 458/458/458 487/487/487 488/488/488
f 488/488/488 457/457/457 458/458/458
f 457/457/457 488/488/488 489/489/489
f 489/489/489 456/456/456 457/457/457
f 456/456/456 489/489/489 490/490/490
f 490/490/490 455/455/455 456/456/456
f 455/455/455 490/490/490 491/491/491
f 491/491/491 454/454/454 455/455/455
f 454/454/454 491/491/491 492/492/492
f 492/492/492 453/453/453 454/454/454
f 453/453/453 492/492/492 493/493/493
f 493/493/493 452/452/452 453/453/453
f 452/452/452 493/493/493 494/494/494
f 494/494/494 451/451/451 452/452/452
f 451/451/451 494/494/494 495/495/495
f 495/495/495 450/450/450 451/451/451
f 450/450/450 495/495/495 449/449/449
f 496/496/496 449/449/449 495/495/495
f 449/449/449 496/496/496 497/497/497
f 497/497/497 448/448/448 449/449/449
f 448/448/448 497/497/497 498/498/498
f 498/498/498 499/499/499 448/448/448
f 438/438/438 448/448/448 499/499/499
f 499/499/499 437/437/437 438/438/438
f 437/437/437 499/499/499 500/500/500
f 500/500/500 436/436/436 437/437/437
f 436/436/436 500/500/500 501/501/501
f 501/501/501 435/435/435 436/436/436
f 435/435/435 501/501/501 440/440/440
f 502/502/502 440/440/440 501/501/501
f 440/440/440 502/502/502 503/503/503
f 503/503/503 441/441/441 440/440/440
f 441/441/441 503/503/503 504/504/504
f 504/504/504 442/442/442 441/441/441
f 442/442/442 504/504/504 505/505/505
f 505/505/505 443/443/443 442/442/442
f 443/443/443 505/505/505 506/506/506
f 506/506/506 444/444/444 443/443/443
f 444/444/444 506/506/506 507/507/507
f 507/507/507 445/445/445 444/444/444
f 445/445/445 507/507/507 508/508/508
f 508/508/508 446/446/446 445/445/445
f 446/446/446 508/508/508 509/509/509
f 509/509/509 447/447/447 446/446/446
f 447/447/447 509/509/509 510/510/510
f 511/511/511 510/510/510 509/509/509
f 510/510/510 511/511/511 512/512/512
f 513/513/513 509/509/509 508/508/508
f 509/509/509 513/513/513 511/511/511
f 514/514/514 508/508/508 507/507/507
f 508/508/508 514/514/514 513/513/513
f 515/515/515 507/507/507 506/506/506
f 507/507/507 515/515/515 514/514/514
f 516/516/516 506/506/506 505/505/505
f 506/506/506 516/516/516 515/515/515
f 517/517/517 512/512/512 511/511/511
f 512/512/512 517/517/517 518/518/518
f 519/519/519 511/511/511 513/513/513
f 511/511/511 519/519/519 517/517/517
f 520/520/520 513/513/513 514/514/514
f 513/513/513 520/520/520 519/519/519
f 521/521/521 514/514/514 515/515/515
f 514/514/514 521/521/521 520/520/520
f 522/522/522 515/515/515 516/516/516
f 515/515/515 522/522/522 521/521/521
f 516/516/516 523/523/523 522/522/522
f 523/523/523 516/516/516 524/524/524
f 505/505/505 524/524/524 516/516/516
f 524/524/524 505/505/505 504/504/504
f 504/504/504 525/525/525 524/524/524
f 525/525/525 504/504/504 503/503/503
f 503/503/503 526/526/526 525/525/525
f 526/526/526 503/503/503 502/502/502
f 502/502/502 527/527/527 526/526/526
f 527/527/527 502/502/502 528/528/528
f 501/501/501 528/528/528 502/502/502
f 528/528/528 501/501/501 500/500/500
f 500/500/500 529/529/529 528/528/528
f 529/529/529 500/500/500 499/499/499
f 499/499/499 498/498/498 529/529/529
f 530/530/530 528/528/528 529/529/529
f 528/528/528 530/530/530 527/527/527
f 531/531/531 529/529/529 498/498/498
f 529/529/529 531/531/531 530/530/530
f 498/498/498 532/532/532 531/531/531
f 532/532/532 498/498/498 497/497/497
f 497/497/497 533/533/533 532/532/532
f 533/533/533 497/497/497 496/496/496
f 496/496/496 534/534/534 533/533/533
f 534/534/534 496/496/496 535/535/535
f 495/495/495 535/535/535 496/496/496
f 535/535/535 495/495/495 494/494/494
f 494/494/494 536/536/536 535/535/535
f 536/536/536 494/494/494 493/493/493
f 493/493/493 537/537/537 536/536/536
f 537/537/537 493/493/493 492/492/492
f 492/492/492 538/538/538 537/537/537
f 538/538/538 492/492/492 491/491/491
f 491/491/491 539/539/539 538/538/538
f 539/539/539 491/491/491 490/490/490
f 490/490/490 540/540/540 539/539/539
f 540/540/540 490/490/490 489/489/489
f 489/489/489 541/541/541 540/540/540
f 541/541/541 489/489/489 488/488/488
f 488/488/488 542/542/542 541/541/541
f 542/542/542 488/488/488 487/487/487
f 487/487/487 543/543/543 542/542/542
f 543/543/543 487/487/487 486/486/486
f 486/486/486 544/544/544 543/543/543
f 544/544/544 486/486/486 485/485/485
f 485/485/485 545/545/545 544/544/544
f 545/545/545 485/485/485 484/484/484
f 484/484/484 546/546/546 545/545/545
f 546/546/546 484/484/484 483/483/483
f 483/483/483 547/547/547 546/546/546
f 547/547/547 483/483/483 482/482/482
f 482/482/482 548/548/548 547/547/547
f 548/548/548 482/482/482 481/481/481
f 481/481/481 480/480/480 548/548/548
f 549/549/549 542/542/542 543/543/543
f 542/542/542 549/549/549 550/550/550
f 550/550/550 541/541/541 542/542/542
f 541/541/541 550/550/550 551/551/551
f 551/551/551 540/540/540 541/541/541
f 540/540/540 551/551/551 552/552/552
f 552/552/552 539/539/539 540/540/540
f 539/539/539 552/552/552 553/553/553
f 553/553/553 538/538/538 539/539/539
f 538/538/538 553/553/553 554/554/554
f 554/554/554 537/537/537 538/538/538
f 537/537/537 554/554/554 555/555/555
f 555/555/555 536/536/536 537/537/537
f 536/536/536 555/555/555 556/556/556
f 556/556/556 535/535/535 536/536/536
f 535/535/535 556/556/556 534/534/534
f 557/557/557 534/534/534 556/556/556
f 534/534/534 557/557/557 558/558/558
f 558/558/558 533/533/533 534/534/534
f 533/533/533 558/558/558 559/559/559
f 559/559/559 532/532/532 533/533/533
f 532/532/532 559/559/559 560/560/560
f 560/560/560 531/531/531 532/532/532
f 531/531/531 560/560/560 561/561/561
f 561/561/561 530/530/530 531/531/531
f 530/530/530 561/561/561 562/562/562
f 562/562/562 527/527/527 530/530/530
f 527/527/527 562/562/562 563/563/563
f 563/563/563 526/526/526 527/527/527
f 526/526/526 563/563/563 564/564/564
f 564/564/564 525/525/525 526/526/526
f 525/525/525 564/564/564 565/565/565
f 565/565/565 524/524/524 525/525/525
f 524/524/524 565/565/565 523/523/523
f 566/566/566 523/523/523 565/565/565
f 523/523/523 566/566/566 567/567/567
f 567/567/567 522/522/522 523/523/523
f 522/522/522 567/567/567 568/568/568
f 568/568/568 521/521/521 522/522/522
f 521/521/521 568/568/568 569/569/569
f 569/569/569 520/520/520 521/521/521
f 520/520/520 569/569/569 570/570/570
f 570/570/570 519/519/519 520/520/520
f 519/519/519 570/570/570 571/571/571
f 571/571/571 517/517/517 519/519/519
f 517/517/517 571/571/571 572/572/572
f 572/572/572 518/518/518 517/517/517
f 518/518/518 572/572/572 573/573/573
f 574/574/574 573/573/573 572/572/572
f 573/573/573 574/574/574 575/575/575
f 576/576/576 572/572/572 571/571/571
f 572/572/572 576/576/576 574/574/574
f 577/577/577 571/571/571 570/570/570
f 571/571/571 577/577/577 576/576/576
f 578/578/578 570/570/570 569/569/569
f 570/570/570 578/578/578 577/577/577
f 579/579/579 569/569/569 568/568/568
f 569/569/569 579/579/579 578/578/578
f 580/580/580 575/575/575 574/574/574
f 575/575/575 580/580/580 581/581/581
f 582/582/582 574/574/574 576/576/576
f 574/574/574 582/582/582 580/580/580
f 583/583/583 576/576/576 577/577/577
f 576/576/576 583/583/583 582/582/582
f 584/584/584 577/577/577 578/578/578
f 577/577/577 584/584/584 583/583/583
f 585/585/585 578/578/578 579/579/579
f 578/578/578 585/585/585 584/584/584
f 579/579/579 586/586/586 585/585/585
f 586/586/586 579/579/579 587/587/587
f 568/568/568 587/587/587 579/579/579
f 587/587/587 568/568/568 567/567/567
f 567/567/567 588/588/588 587/587/587
f 588/588/588 567/567/567 566/566/566
f 566/566/566 589/589/589 588/588/588
f 589/589/589 566/566/566 590/590/590
f 565/565/565 590/590/590 566/566/566
f 590/590/590 565/565/565 564/564/564
f 564/564/564 591/591/591 590/590/590
f 591/591/591 564/564/564 563/563/563
f 563/563/563 592/592/592 591/591/591
f 592/592/592 563/563/563 562/562/562
f 562/562/562 593/593/593 592/592/592
f 593/593/593 562/562/562 561/561/561
f 561/561/561 594/594/594 593/593/593
f 594/594/594 561/561/561 560/560/560
f 560/560/560 595/595/595 594/594/594
f 595/595/595 560/560/560 559/559/559
f 559/559/559 596/596/596 595/595/595
f 596/596/596 559/559/559 558/558/558
f 558/558/558 597/597/597 596/596/596
f 597/597/597 558/558/558 557/557/557
f 557/557/557 598/598/598 597/597/597
f 598/598/598 557/557/557 599/599/599
f 556/556/556 599/599/599 557/557/557
f 599/599/599 556/556/556 555/555/555
f 555/555/555 600/600/600 599/599/599
f 600/600/600 555/555/555 554/554/554
f 554/554/554 601/601/601 600/600/600
f 601/601/601 554/554/554 553/553/553
f 553/553/553 602/602/602 601/601/601
f 602/602/602 553/553/553 552/552/552
f 552/552/552 603/603/603 602/602/602
f 603/603/603 552/552/552 551/551/551
f 551/551/551 604/604/604 603/603/603
f 604/604/604 551/551/551 550/550/550
f 550/550/550 605/605/605 604/604/604
f 605/605/605 550/550/550 549/549/549
f 549/549/549 606/606/606 605/605/605
f 606/606/606 549/549/549 607/607/607
f 543/543/543 607/607/607 549/549/549
f 607/607/607 543/543/543 544/544/544
f 544/544/544 608/608/608 607/607/607
f 608/608/608 544/544/544 545/545/545
f 545/545/545 609/609/609 608/608/608
f 609/609/609 545/545/545 546/546/546
f 546/546/546 610/610/610 609/609/609
f 610/610/610 546/546/546 547/547/547
f 547/547/547 611/611/611 610/610/610
f 611/611/611 547/547/547 548/548/548
f 548/548/548 612/612/612 611/611/611
f 612/612/612 548/548/548 480/480/480
f 480/480/480 613/613/613 612/612/612
f 613/613/613 480/480/480 479/479/479
f 479/479/479 614/614/614 613/613/613
f 614/614/614 479/479/479 615/615/615
f 476/476/476 615/615/615 479/479/479
f 615/615/615 476/476/476 477/477/477
f 477/477/477 616/616/616 615/615/615
f 616/616/616 477/477/477 478/478/478
f 617/617/617 615/615/615 616/616/616
f 615/615/615 617/617/617 614/614/614
f 618/618/618 610/610/610 611/611/611
f 610/610/610 618/618/618 619/619/619
f 619/619/619 609/609/609 610/610/610
f 609/609/609 619/619/619 620/620/620
f 620/620/620 608/608/608 609/609/609
f 608/608/608 620/620/620 621/621/621
f 621/621/621 607/607/607 608/608/608
f 607/607/607 621/621/621 606/606/606
f 622/622/622 614/614/614 617/617/617
f 623/623/623 606/606/606 621/621/621
f 606/606/606 623/623/623 624/624/624
f 624/624/624 605/605/605 606/606/606
f 605/605/605 624/624/624 625/625/625
f 625/625/625 604/604/604 605/605/605
f 604/604/604 625/625/625 626/626/626
f 626/626/626 603/603/603 604/604/604
f 603/603/603 626/626/626 627/627/627
f 627/627/627 602/602/602 603/603/603
f 602/602/602 627/627/627 628/628/628
f 628/628/628 601/601/601 602/602/602
f 601/601/601 628/628/628 629/629/629
f 629/629/629 600/600/600 601/601/601
f 600/600/600 629/629/629 630/630/630
f 630/630/630 599/599/599 600/600/600
f 599/599/599 630/630/630 598/598/598
f 631/631/631 598/598/598 630/630/630
f 598/598/598 631/631/631 632/632/632
f 632/632/632 597/597/597 598/598/598
f 597/597/597 632/632/632 633/633/633
f 633/633/633 596/596/596 597/597/597
f 596/596/596 633/633/633 634/634/634
f 634/634/634 595/595/595 596/596/596
f 595/595/595 634/634/634 635/635/635
f 635/635/635 594/594/594 595/595/595
f 594/594/594 635/635/635 636/636/636
f 636/636/636 593/593/593 594/594/594
f 593/593/593 636/636/636 637/637/637
f 637/637/637 592/592/592 593/593/593
f 592/592/592 637/637/637 638/638/638
f 638/638/638 591/591/591 592/592/592
f 591/591/591 638/638/638 639/639/639
f 639/639/639 590/590/590 591/591/591
f 590/590/590 639/639/639 589/589/589
f 640/640/640 589/589/589 639/639/639
f 589/589/589 640/640/640 641/641/641
f 641/641/641 588/588/588 589/589/589
f 588/588/588 641/641/641 642/642/642
f 642/642/642 587/587/587 588/588/588
f 587/587/587 642/642/642 586/586/586
f 643/643/643 639/639/639 638/638/638
f 639/639/639 643/643/643 640/640/640
f 644/644/644 638/638/638 637/637/637
f 638/638/638 644/644/644 643/643/643
f 637/637/637 645/645/645 644/644/644
f 645/645/645 637/637/637 636/636/636
f 636/636/636 646/646/646 645/645/645
f 646/646/646 636/636/636 635/635/635
f 635/635/635 647/647/647 646/646/646
f 647/647/647 635/635/635 634/634/634
f 634/634/634 648/648/648 647/647/647
f 648/648/648 634/634/634 633/633/633
f 633/633/633 649/649/649 648/648/648
f 649/649/649 633/633/633 632/632/632
f 632/632/632 650/650/650 649/649/649
f 650/650/650 632/632/632 631/631/631
f 631/631/631 651/651/651 650/650/650
f 651/651/651 631/631/631 652/652/652
f 630/630/630 652/652/652 631/631/631
f 652/652/652 630/630/630 629/629/629
f 629/629/629 653/653/653 652/652/652
f 653/653/653 629/629/629 628/628/628
f 628/628/628 654/654/654 653/653/653
f 654/654/654 628/628/628 627/627/627
f 627/627/627 655/655/655 654/654/654
f 655/655/655 627/627/627 626/626/626
f 626/626/626 656/656/656 655/655/655
f 656/656/656 626/626/626 625/625/625
f 625/625/625 657/657/657 656/656/656
f 657/657/657 625/625/625 624/624/624
f 624/624/624 658/658/658 657/657/657
f 658/658/658 624/624/624 623/623/623
f 623/623/623 659/659/659 658/658/658
f 659/659/659 623/623/623 660/660/660
f 621/621/621 660/660/660 623/623/623
f 660/660/660 621/621/621 620/620/620
f 620/620/620 661/661/661 660/660/660
f 661/661/661 620/620/620 619/619/619
f 619/619/619 662/662/662 661/661/661
f 662/662/662 619/619/619 618/618/618
f 618/618/618 663/663/663 662/662/662
f 663/663/663 618/618/618 664/664/664
f 611/611/611 664/664/664 618/618/618
f 664/664/664 611/611/611 612/612/612
f 612/612/612 665/665/665 664/664/664
f 665/665/665 612/612/612 613/613/613
f 613/613/613 666/666/666 665/665/665
f 666/666/666 613/613/613 614/614/614
f 614/614/614 622/622/622 666/666/666
f 667/667/667 664/664/664 665/665/665
f 664/664/664 667/667/667 663/663/663
f 668/668/668 665/665/665 666/666/666
f 665/665/665 668/668/668 667/667/667
f 669/669/669 666/666/666 622/622/622
f 666/666/666 669/669/669 668/668/668
f 670/670/670 661/661/661 662/662/662
f 671/671/671 662/662/662 663/663/663
f 662/662/662 671/671/671 670/670/670
f 672/672/672 663/663/663 667/667/667
f 663/663/663 672/672/672 671/671/671
f 673/673/673 667/667/667 668/668/668
f 667/667/667 673/673/673 672/672/672
f 674/674/674 668/668/668 669/669/669
f 668/668/668 674/674/674 673/673/673
f 675/675/675 670/670/670 671/671/671
f 670/670/670 675/675/675 676/676/676
f 676/676/676 677/677/677 670/670/670
f 661/661/661 670/670/670 677/677/677
f 677/677/677 660/660/660 661/661/661
f 660/660/660 677/677/677 659/659/659
f 678/678/678 659/659/659 677/677/677
f 677/677/677 676/676/676 678/678/678
f 659/659/659 678/678/678 679/679/679
f 679/679/679 658/658/658 659/659/659
f 658/658/658 679/679/679 680/680/680
f 680/680/680 657/657/657 658/658/658
f 657/657/657 680/680/680 681/681/681
f 681/681/681 656/656/656 657/657/657
f 656/656/656 681/681/681 682/682/682
f 682/682/682 655/655/655 656/656/656
f 655/655/655 682/682/682 683/683/683
f 683/683/683 654/654/654 655/655/655
f 654/654/654 683/683/683 684/684/684
f 684/684/684 653/653/653 654/654/654
f 653/653/653 684/684/684 685/685/685
f 685/685/685 652/652/652 653/653/653
f 652/652/652 685/685/685 651/651/651
f 686/686/686 651/651/651 685/685/685
f 651/651/651 686/686/686 687/687/687
f 687/687/687 650/650/650 651/651/651
f 650/650/650 687/687/687 688/688/688
f 688/688/688 649/649/649 650/650/650
f 649/649/649 688/688/688 689/689/689
f 689/689/689 648/648/648 649/649/649
f 648/648/648 689/689/689 690/690/690
f 690/690/690 647/647/647 648/648/648
f 647/647/647 690/690/690 691/691/691
f 691/691/691 646/646/646 647/647/647
f 646/646/646 691/691/691 692/692/692
f 692/692/692 645/645/645 646/646/646
f 645/645/645 692/692/692 693/693/693
f 693/693/693 644/644/644 645/645/645
f 644/644/644 693/693/693 694/694/694
f 694/694/694 643/643/643 644/644/644
f 643/643/643 694/694/694 695/695/695
f 695/695/695 640/640/640 643/643/643
f 640/640/640 695/695/695 696/696/696
f 696/696/696 641/641/641 640/640/640
f 641/641/641 696/696/696 697/697/697
f 697/697/697 642/642/642 641/641/641
f 642/642/642 697/697/697 698/698/698
f 698/698/698 586/586/586 642/642/642
f 586/586/586 698/698/698 699/699/699
f 699/699/699 585/585/585 586/586/586
f 585/585/585 699/699/699 700/700/700
f 700/700/700 584/584/584 585/585/585
f 584/584/584 700/700/700 701/701/701
f 701/701/701 583/583/583 584/584/584
f 583/583/583 701/701/701 702/702/702
f 702/702/702 582/582/582 583/583/583
f 582/582/582 702/702/702 703/703/703
f 703/703/703 580/580/580 582/582/582
f 580/580/580 703/703/703 704/704/704
f 704/704/704 581/581/581 580/580/580
f 581/581/581 704/704/704 705/705/705
f 706/706/706 705/705/705 704/704/704
f 705/705/705 706/706/706 707/707/707
f 708/708/708 704/704/704 703/703/703
f 704/704/704 708/708/708 706/706/706
f 709/709/709 703/703/703 702/702/702
f 703/703/703 709/709/709 708/708/708
f 710/710/710 702/702/702 701/701/701
f 702/702/702 710/710/710 709/709/709
f 711/711/711 701/701/701 700/700/700
f 701/701/701 711/711/711 710/710/710
f 712/712/712 707/707/707 706/706/706
f 707/707/707 712/712/712 713/713/713
f 714/714/714 706/706/706 708/708/708
f 706/706/706 714/714/714 712/712/712
f 715/715/715 708/708/708 709/709/709
f 708/708/708 716/716/716 714/714/714
f 717/717/717 709/709/709 710/710/710
f 709/709/709 717/717/717 718/718/718
f 719/719/719 710/710/710 711/711/711
f 710/710/710 719/719/719 717/717/717
f 711/711/711 720/720/720 719/719/719
f 720/720/720 711/711/711 721/721/721
f 700/700/700 721/721/721 711/711/711
f 721/721/721 700/700/700 699/699/699
f 699/699/699 722/722/722 721/721/721
f 722/722/722 699/699/699 698/698/698
f 698/698/698 723/723/723 722/722/722
f 723/723/723 698/698/698 697/697/697
f 697/697/697 724/724/724 723/723/723
f 724/724/724 697/697/697 696/696/696
f 696/696/696 725/725/725 724/724/724
f 725/725/725 696/696/696 695/695/695
f 695/695/695 726/726/726 725/725/725
f 726/726/726 695/695/695 694/694/694
f 694/694/694 727/727/727 726/726/726
f 727/727/727 694/694/694 693/693/693
f 693/693/693 728/728/728 727/727/727
f 728/728/728 693/693/693 692/692/692
f 692/692/692 729/729/729 728/728/728
f 729/729/729 692/692/692 691/691/691
f 691/691/691 730/730/730 729/729/729
f 730/730/730 691/691/691 690/690/690
f 690/690/690 731/731/731 730/730/730
f 731/731/731 690/690/690 689/689/689
f 689/689/689 732/732/732 731/731/731
f 732/732/732 689/689/689 688/688/688
f 688/688/688 733/733/733 732/732/732
f 733/733/733 688/688/688 687/687/687
f 687/687/687 734/734/734 733/733/733
f 734/734/734 687/687/687 686/686/686
f 686/686/686 735/735/735 734/734/734
f 735/735/735 686/686/686 736/736/736
f 685/685/685 736/736/736 686/686/686
f 736/736/736 685/685/685 684/684/684
f 684/684/684 737/737/737 736/736/736
f 737/737/737 684/684/684 683/683/683
f 683/683/683 738/738/738 737/737/737
f 738/738/738 683/683/683 682/682/682
f 682/682/682 739/739/739 738/738/738
f 739/739/739 682/682/682 681/681/681
f 681/681/681 740/740/740 739/739/739
f 740/740/740 681/681/681 680/680/680
f 680/680/680 741/741/741 740/740/740
f 741/741/741 680/680/680 679/679/679
f 679/679/679 742/742/742 741/741/741
f 742/742/742 679/679/679 678/678/678
f 678/678/678 743/743/743 742/742/742
f 743/743/743 678/678/678 676/676/676
f 676/676/676 744/744/744 743/743/743
f 744/744/744 676/676/676 675/675/675
f 675/675/675 745/745/745 744/744/744
f 745/745/745 675/675/675 746/746/746
f 671/671/671 746/746/746 675/675/675
f 746/746/746 671/671/671 672/672/672
f 672/672/672 747/747/747 746/746/746
f 747/747/747 672/672/672 673/673/673
f 673/673/673 748/748/748 747/747/747
f 748/748/748 673/673/673 674/674/674
f 749/749/749 746/746/746 747/747/747
f 746/746/746 749/749/749 745/745/745
f 750/750/750 747/747/747 748/748/748
f 747/747/747 750/750/750 749/749/749
f 751/751/751 742/742/742 743/743/743
f 752/752/752 743/743/743 744/744/744
f 743/743/743 752/752/752 751/751/751
f 753/753/753 744/744/744 745/745/745
f 744/744/744 753/753/753 752/752/752
f 754/754/754 745/745/745 749/749/749
f 745/745/745 754/754/754 753/753/753
f 755/755/755 749/749/749 750/750/750
f 749/749/749 755/755/755 754/754/754
f 756/756/756 751/751/751 752/752/752
f 751/751/751 756/756/756 757/757/757
f 757/757/757 758/758/758 751/751/751
f 742/742/742 751/751/751 758/758/758
f 758/758/758 741/741/741 742/742/742
f 741/741/741 758/758/758 759/759/759
f 759/759/759 740/740/740 741/741/741
f 740/740/740 759/759/759 760/760/760
f 760/760/760 739/739/739 740/740/740
f 739/739/739 760/760/760 761/761/761
f 761/761/761 738/738/738 739/739/739
f 738/738/738 761/761/761 762/762/762
f 762/762/762 737/737/737 738/738/738
f 737/737/737 762/762/762 763/763/763
f 763/763/763 736/736/736 737/737/737
f 736/736/736 763/763/763 735/735/735
f 764/764/764 735/735/735 763/763/763
f 735/735/735 764/764/764 765/765/765
f 765/765/765 734/734/734 735/735/735
f 734/734/734 765/765/765 766/766/766
f 766/766/766 733/733/733 734/734/734
f 733/733/733 766/766/766 767/767/767
f 767/767/767 732/732/732 733/733/733
f 732/732/732 767/767/767 768/768/768
f 768/768/768 731/731/731 732/732/732
f 731/731/731 768/768/768 769/769/769
f 769/769/769 730/730/730 731/731/731
f 730/730/730 769/769/769 770/770/770
f 770/770/770 729/729/729 730/730/730
f 729/729/729 770/770/770 771/771/771
f 771/771/771 728/728/728 729/729/729
f 728/728/728 771/771/771 772/772/772
f 772/772/772 727/727/727 728/728/728
f 727/727/727 772/772/772 773/773/773
f 773/773/773 726/726/726 727/727/727
f 726/726/726 773/773/773 774/774/774
f 774/774/774 725/725/725 726/726/726
f 725/725/725 774/774/774 775/775/775
f 775/775/775 724/724/724 725/725/725
f 724/724/724 775/775/775 776/776/776
f 776/776/776 723/723/723 724/724/724
f 723/723/723 776/776/776 777/777/777
f 777/777/777 722/722/722 723/723/723
f 722/722/722 777/777/777 778/778/778
f 778/778/778 721/721/721 722/722/722
f 721/721/721 778/778/778 720/720/720
f 779/779/779 720/720/720 778/778/778
f 720/720/720 779/779/779 780/780/780
f 780/780/780 719/719/719 720/720/720
f 719/719/719 780/780/780 781/781/781
f 781/781/781 717/717/717 719/719/719
f 717/717/717 781/781/781 782/782/782
f 782/782/782 715/715/715 717/717/717
f 783/783/783 778/778/778 777/777/777
f 778/778/778 783/783/783 779/779/779
f 784/784/784 777/777/777 776/776/776
f 777/777/777 784/784/784 783/783/783
f 776/776/776 785/785/785 784/784/784
f 785/785/785 776/776/776 775/775/775
f 775/775/775 786/786/786 785/785/785
f 786/786/786 775/775/775 774/774/774
f 774/774/774 787/787/787 786/786/786
f 787/787/787 774/774/774 773/773/773
f 773/773/773 788/788/788 787/787/787
f 788/788/788 773/773/773 772/772/772
f 772/772/772 789/789/789 788/788/788
f 789/789/789 772/772/772 771/771/771
f 771/771/771 790/790/790 789/789/789
f 790/790/790 771/771/771 770/770/770
f 770/770/770 791/791/791 790/790/790
f 791/791/791 770/770/770 769/769/769
f 769/769/769 792/792/792 791/791/791
f 792/792/792 769/769/769 768/768/768
f 768/768/768 793/793/793 792/792/792
f 793/793/793 768/768/768 767/767/767
f 767/767/767 794/794/794 793/793/793
f 794/794/794 767/767/767 766/766/766
f 766/766/766 795/795/795 794/794/794
f 795/795/795 766/766/766 765/765/765
f 765/765/765 796/796/796 795/795/795
f 796/796/796 765/765/765 764/764/764
f 764/764/764 797/797/797 796/796/796
f 797/797/797 764/764/764 798/798/798
f 763/763/763 798/798/798 764/764/764
f 798/798/798 763/763/763 762/762/762
f 762/762/762 799/799/799 798/798/798
f 799/799/799 762/762/762 761/761/761
f 761/761/761 800/800/800 799/799/799
f 800/800/800 761/761/761 760/760/760
f 760/760/760 801/801/801 800/800/800
f 801/801/801 760/760/760 759/759/759
f 759/759/759 802/802/802 801/801/801
f 802/802/802 759/759/759 758/758/758
f 758/758/758 757/757/757 802/802/802
f 803/803/803 798/798/798 799/799/799
f 798/798/798 803/803/803 797/797/797
f 804/804/804 799/799/799 800/800/800
f 799/799/799 804/804/804 803/803/803
f 805/805/805 800/800/800 801/801/801
f 800/800/800 805/805/805 804/804/804
f 806/806/806 801/801/801 802/802/802
f 801/801/801 806/806/806 805/805/805
f 807/807/807 802/802/802 757/757/757
f 802/802/802 807/807/807 806/806/806
f 757/757/757 808/808/808 807/807/807
f 808/808/808 757/757/757 756/756/756
f 756/756/756 809/809/809 808/808/808
f 809/809/809 756/756/756 810/810/810
f 752/752/752 810/810/810 756/756/756
f 810/810/810 752/752/752 753/753/753
f 753/753/753 811/811/811 810/810/810
f 811/811/811 753/753/753 754/754/754
f 754/754/754 812/812/812 811/811/811
f 812/812/812 754/754/754 755/755/755
f 813/813/813 810/810/810 811/811/811
f 810/810/810 813/813/813 809/809/809
f 814/814/814 811/811/811 812/812/812
f 811/811/811 814/814/814 813/813/813
f 815/815/815 804/804/804 805/805/805
f 816/816/816 805/805/805 806/806/806
f 805/805/805 816/816/816 815/815/815
f 817/817/817 807/807/807 808/808/808
f 818/818/818 808/808/808 809/809/809
f 808/808/808 818/818/818 817/817/817
f 819/819/819 809/809/809 813/813/813
f 809/809/809 819/819/819 818/818/818
f 820/820/820 813/813/813 814/814/814
f 813/813/813 820/820/820 819/819/819
f 821/821/821 815/815/815 816/816/816
f 815/815/815 821/821/821 822/822/822
f 822/822/822 823/823/823 815/815/815
f 804/804/804 815/815/815 823/823/823
f 823/823/823 803/803/803 804/804/804
f 803/803/803 823/823/823 824/824/824
f 824/824/824 797/797/797 803/803/803
f 797/797/797 824/824/824 825/825/825
f 825/825/825 796/796/796 797/797/797
f 796/796/796 825/825/825 826/826/826
f 826/826/826 795/795/795 796/796/796
f 795/795/795 826/826/826 827/827/827
f 827/827/827 794/794/794 795/795/795
f 794/794/794 827/827/827 828/828/828
f 828/828/828 793/793/793 794/794/794
f 793/793/793 828/828/828 829/829/829
f 829/829/829 792/792/792 793/793/793
f 792/792/792 829/829/829 830/830/830
f 830/830/830 791/791/791 792/792/792
f 791/791/791 830/830/830 831/831/831
f 831/831/831 790/790/790 791/791/791
f 790/790/790 831/831/831 832/832/832
f 832/832/832 789/789/789 790/790/790
f 789/789/789 832/832/832 833/833/833
f 833/833/833 788/788/788 789/789/789
f 788/788/788 833/833/833 834/834/834
f 834/834/834 787/787/787 788/788/788
f 787/787/787 834/834/834 835/835/835
f 835/835/835 786/786/786 787/787/787
f 786/786/786 835/835/835 836/836/836
f 836/836/836 785/785/785 786/786/786
f 785/785/785 836/836/836 837/837/837
f 837/837/837 784/784/784 785/785/785
f 784/784/784 837/837/837 838/838/838
f 838/838/838 783/783/783 784/784/784
f 783/783/783 838/838/838 839/839/839
f 839/839/839 779/779/779 783/783/783
f 779/779/779 839/839/839 840/840/840
f 840/840/840 780/780/780 779/779/779
f 780/780/780 840/840/840 841/841/841
f 841/841/841 781/781/781 780/780/780
f 781/781/781 841/841/841 842/842/842
f 842/842/842 782/782/782 781/781/781
f 782/782/782 842/842/842 843/843/843
f 843/843/843 844/844/844 782/782/782
f 718/718/718 782/782/782 844/844/844
f 845/845/845 843/843/843 842/842/842
f 843/843/843 845/845/845 846/846/846
f 846/846/846 847/847/847 843/843/843
f 848/848/848 842/842/842 841/841/841
f 842/842/842 848/848/848 845/845/845
f 849/849/849 841/841/841 840/840/840
f 841/841/841 849/849/849 848/848/848
f 850/850/850 840/840/840 839/839/839
f 840/840/840 850/850/850 849/849/849
f 851/851/851 846/846/846 845/845/845
f 846/846/846 851/851/851 852/852/852
f 852/852/852 853/853/853 846/846/846
f 854/854/854 846/846/846 853/853/853
f 855/855/855 843/843/843 854/854/854
f 856/856/856 845/845/845 848/848/848
f 845/845/845 856/856/856 851/851/851
f 857/857/857 848/848/848 849/849/849
f 848/848/848 857/857/857 856/856/856
f 858/858/858 849/849/849 850/850/850
f 849/849/849 858/858/858 857/857/857
f 850/850/850 859/859/859 858/858/858
f 859/859/859 850/850/850 860/860/860
f 839/839/839 860/860/860 850/850/850
f 860/860/860 839/839/839 838/838/838
f 838/838/838 861/861/861 860/860/860
f 861/861/861 838/838/838 837/837/837
f 837/837/837 862/862/862 861/861/861
f 862/862/862 837/837/837 836/836/836
f 836/836/836 863/863/863 862/862/862
f 863/863/863 836/836/836 835/835/835
f 835/835/835 864/864/864 863/863/863
f 864/864/864 835/835/835 834/834/834
f 834/834/834 865/865/865 864/864/864
f 865/865/865 834/834/834 833/833/833
f 833/833/833 866/866/866 865/865/865
f 866/866/866 833/833/833 832/832/832
f 832/832/832 867/867/867 866/866/866
f 867/867/867 832/832/832 831/831/831
f 831/831/831 868/868/868 867/867/867
f 868/868/868 831/831/831 830/830/830
f 830/830/830 869/869/869 868/868/868
f 869/869/869 830/830/830 829/829/829
f 829/829/829 870/870/870 869/869/869
f 870/870/870 829/829/829 828/828/828
f 828/828/828 871/871/871 870/870/870
f 871/871/871 828/828/828 827/827/827
f 827/827/827 872/872/872 871/871/871
f 872/872/872 827/827/827 826/826/826
f 826/826/826 873/873/873 872/872/872
f 873/873/873 826/826/826 825/825/825
f 825/825/825 874/874/874 873/873/873
f 874/874/874 825/825/825 824/824/824
f 824/824/824 875/875/875 874/874/874
f 875/875/875 824/824/824 823/823/823
f 823/823/823 822/822/822 875/875/875
f 876/876/876 869/869/869 870/870/870
f 869/869/869 876/876/876 877/877/877
f 877/877/877 868/868/868 869/869/869
f 868/868/868 877/877/877 878/878/878
f 878/878/878 867/867/867 868/868/868
f 867/867/867 878/878/878 879/879/879
f 879/879/879 866/866/866 867/867/867
f 866/866/866 879/879/879 880/880/880
f 880/880/880 865/865/865 866/866/866
f 865/865/865 880/880/880 881/881/881
f 881/881/881 864/864/864 865/865/865
f 864/864/864 881/881/881 882/882/882
f 882/882/882 863/863/863 864/864/864
f 863/863/863 882/882/882 883/883/883
f 883/883/883 862/862/862 863/863/863
f 862/862/862 883/883/883 884/884/884
f 884/884/884 861/861/861 862/862/862
f 861/861/861 884/884/884 885/885/885
f 885/885/885 860/860/860 861/861/861
f 860/860/860 885/885/885 859/859/859
f 886/886/886 859/859/859 885/885/885
f 859/859/859 886/886/886 887/887/887
f 887/887/887 858/858/858 859/859/859
f 858/858/858 887/887/887 888/888/888
f 888/888/888 857/857/857 858/858/858
f 857/857/857 888/888/888 889/889/889
f 889/889/889 856/856/856 857/857/857
f 856/856/856 889/889/889 890/890/890
f 890/890/890 851/851/851 856/856/856
f 851/851/851 890/890/890 891/891/891
f 891/891/891 852/852/852 851/851/851
f 852/852/852 891/891/891 892/892/892
f 892/892/892 893/893/893 852/852/852
f 885/885/885 894/894/894 886/886/886
f 894/894/894 885/885/885 884/884/884
f 884/884/884 895/895/895 894/894/894
f 895/895/895 884/884/884 883/883/883
f 883/883/883 896/896/896 895/895/895
f 896/896/896 883/883/883 882/882/882
f 882/882/882 897/897/897 896/896/896
f 897/897/897 882/882/882 881/881/881
f 881/881/881 898/898/898 897/897/897
f 898/898/898 881/881/881 880/880/880
f 880/880/880 899/899/899 898/898/898
f 899/899/899 880/880/880 879/879/879
f 879/879/879 900/900/900 899/899/899
f 900/900/900 879/879/879 878/878/878
f 878/878/878 901/901/901 900/900/900
f 901/901/901 878/878/878 877/877/877
f 877/877/877 902/902/902 901/901/901
f 902/902/902 877/877/877 876/876/876
f 876/876/876 903/903/903 902/902/902
f 903/903/903 876/876/876 904/904/904
f 870/870/870 904/904/904 876/876/876
f 904/904/904 870/870/870 871/871/871
f 871/871/871 905/905/905 904/904/904
f 905/905/905 871/871/871 872/872/872
f 872/872/872 906/906/906 905/905/905
f 906/906/906 872/872/872 873/873/873
f 873/873/873 907/907/907 906/906/906
f 907/907/907 873/873/873 874/874/874
f 874/874/874 908/908/908 907/907/907
f 908/908/908 874/874/874 875/875/875
f 875/875/875 909/909/909 908/908/908
f 909/909/909 875/875/875 822/822/822
f 822/822/822 910/910/910 909/909/909
f 910/910/910 822/822/822 821/821/821
f 821/821/821 911/911/911 910/910/910
f 911/911/911 821/821/821 912/912/912
f 816/816/816 912/912/912 821/821/821
f 912/912/912 816/816/816 913/913/913
f 806/806/806 913/913/913 816/816/816
f 913/913/913 806/806/806 807/807/807
f 807/807/807 817/817/817 913/913/913
f 914/914/914 913/913/913 817/817/817
f 913/913/913 914/914/914 912/912/912
f 817/817/817 915/915/915 914/914/914
f 915/915/915 817/817/817 818/818/818
f 818/818/818 916/916/916 915/915/915
f 916/916/916 818/818/818 819/819/819
f 819/819/819 917/917/917 916/916/916
f 917/917/917 819/819/819 820/820/820
f 918/918/918 912/912/912 914/914/914
f 912/912/912 918/918/918 911/911/911
f 919/919/919 914/914/914 915/915/915
f 914/914/914 919/919/919 918/918/918
f 920/920/920 915/915/915 916/916/916
f 915/915/915 920/920/920 919/919/919
f 921/921/921 916/916/916 917/917/917
f 916/916/916 921/921/921 920/920/920
f 922/922/922 918/918/918 919/919/919
f 918/918/918 922/922/922 923/923/923
f 923/923/923 911/911/911 918/918/918
f 911/911/911 923/923/923 924/924/924
f 924/924/924 910/910/910 911/911/911
f 910/910/910 924/924/924 925/925/925
f 925/925/925 909/909/909 910/910/910
f 909/909/909 925/925/925 926/926/926
f 926/926/926 908/908/908 909/909/909
f 908/908/908 926/926/926 927/927/927
f 927/927/927 907/907/907 908/908/908
f 907/907/907 927/927/927 928/928/928
f 928/928/928 906/906/906 907/907/907
f 906/906/906 928/928/928 929/929/929
f 929/929/929 905/905/905 906/906/906
f 905/905/905 929/929/929 930/930/930
f 930/930/930 904/904/904 905/905/905
f 904/904/904 930/930/930 903/903/903
f 931/931/931 903/903/903 930/930/930
f 903/903/903 931/931/931 932/932/932
f 932/932/932 902/902/902 903/903/903
f 902/902/902 932/932/932 933/933/933
f 933/933/933 901/901/901 902/902/902
f 901/901/901 933/933/933 934/934/934
f 934/934/934 900/900/900 901/901/901
f 900/900/900 934/934/934 935/935/935
f 935/935/935 899/899/899 900/900/900
f 899/899/899 935/935/935 936/936/936
f 936/936/936 898/898/898 899/899/899
f 898/898/898 936/936/936 937/937/937
f 937/937/937 897/897/897 898/898/898
f 897/897/897 937/937/937 938/938/938
f 938/938/938 896/896/896 897/897/897
f 896/896/896 938/938/938 939/939/939
f 939/939/939 895/895/895 896/896/896
f 895/895/895 939/939/939 940/940/940
f 940/940/940 894/894/894 895/895/895
f 894/894/894 940/940/940 941/941/941
f 941/941/941 886/886/886 894/894/894
f 886/886/886 941/941/941 942/942/942
f 942/942/942 887/887/887 886/886/886
f 887/887/887 942/942/942 943/943/943
f 943/943/943 888/888/888 887/887/887
f 888/888/888 943/943/943 944/944/944
f 944/944/944 889/889/889 888/888/888
f 889/889/889 944/944/944 945/945/945
f 945/945/945 890/890/890 889/889/889
f 890/890/890 945/945/945 946/946/946
f 946/946/946 891/891/891 890/890/890
f 891/891/891 946/946/946 947/947/947
f 947/947/947 892/892/892 891/891/891
f 892/892/892 947/947/947 948/948/948
f 948/948/948 949/949/949 892/892/892
f 950/950/950 892/892/892 949/949/949
f 949/949/949 948/948/948 951/951/951
f 952/952/952 951/951/951 948/948/948
f 953/953/953 948/948/948 947/947/947
f 948/948/948 953/953/953 952/952/952
f 954/954/954 947/947/947 946/946/946
f 947/947/947 954/954/954 953/953/953
f 955/955/955 946/946/946 945/945/945
f 946/946/946 955/955/955 954/954/954
f 956/956/956 945/945/945 944/944/944
f 945/945/945 956/956/956 955/955/955
f 957/957/957 952/952/952 953/953/953
f 952/952/952 957/957/957 958/958/958
f 958/958/958 959/959/959 952/952/952
f 960/960/960 953/953/953 954/954/954
f 953/953/953 960/960/960 957/957/957
f 961/961/961 954/954/954 955/955/955
f 954/954/954 961/961/961 960/960/960
f 962/962/962 955/955/955 956/956/956
f 955/955/955 962/962/962 961/961/961
f 956/956/956 963/963/963 962/962/962
f 963/963/963 956/956/956 964/964/964
f 944/944/944 964/964/964 956/956/956
f 964/964/964 944/944/944 943/943/943
f 943/943/943 965/965/965 964/964/964
f 965/965/965 943/943/943 942/942/942
f 942/942/942 966/966/966 965/965/965
f 966/966/966 942/942/942 941/941/941
f 941/941/941 967/967/967 966/966/966
f 967/967/967 941/941/941 940/940/940
f 940/940/940 968/968/968 967/967/967
f 968/968/968 940/940/940 939/939/939
f 939/939/939 969/969/969 968/968/968
f 969/969/969 939/939/939 938/938/938
f 938/938/938 970/970/970 969/969/969
f 970/970/970 938/938/938 937/937/937
f 937/937/937 971/971/971 970/970/970
f 971/971/971 937/937/937 936/936/936
f 936/936/936 972/972/972 971/971/971
f 972/972/972 936/936/936 935/935/935
f 935/935/935 973/973/973 972/972/972
f 973/973/973 935/935/935 934/934/934
f 934/934/934 974/974/974 973/973/973
f 974/974/974 934/934/934 933/933/933
f 933/933/933 975/975/975 974/974/974
f 975/975/975 933/933/933 932/932/932
f 932/932/932 976/976/976 975/975/975
f 976/976/976 932/932/932 931/931/931
f 931/931/931 977/977/977 976/976/976
f 977/977/977 931/931/931 978/978/978
f 930/930/930 978/978/978 931/931/931
f 978/978/978 930/930/930 929/929/929
f 929/929/929 979/979/979 978/978/978
f 979/979/979 929/929/929 928/928/928
f 928/928/928 980/980/980 979/979/979
f 980/980/980 928/928/928 927/927/927
f 927/927/927 981/981/981 980/980/980
f 981/981/981 927/927/927 926/926/926
f 926/926/926 982/982/982 981/981/981
f 982/982/982 926/926/926 925/925/925
f 925/925/925 983/983/983 982/982/982
f 983/983/983 925/925/925 924/924/924
f 924/924/924 984/984/984 983/983/983
f 984/984/984 924/924/924 923/923/923
f 923/923/923 985/985/985 984/984/984
f 985/985/985 923/923/923 922/922/922
f 922/922/922 986/986/986 985/985/985
f 986/986/986 922/922/922 987/987/987
f 919/919/919 987/987/987 922/922/922
f 987/987/987 919/919/919 920/920/920
f 920/920/920 988/988/988 987/987/987
f 988/988/988 920/920/920 921/921/921
f 989/989/989 987/987/987 988/988/988
f 987/987/987 989/989/989 986/986/986
f 990/990/990 982/982/982 983/983/983
f 982/982/982 990/990/990 991/991/991
f 991/991/991 981/981/981 982/982/982
f 981/981/981 991/991/991 992/992/992
f 992/992/992 980/980/980 981/981/981
f 980/980/980 992/992/992 993/993/993
f 993/993/993 979/979/979 980/980/980
f 979/979/979 993/993/993 994/994/994
f 994/994/994 978/978/978 979/979/979
f 978/978/978 994/994/994 977/977/977
f 995/995/995 977/977/977 994/994/994
f 977/977/977 995/995/995 996/996/996
f 996/996/996 976/976/976 977/977/977
f 976/976/976 996/996/996 997/997/997
f 997/997/997 975/975/975 976/976/976
f 975/975/975 997/997/997 998/998/998
f 998/998/998 974/974/974 975/975/975
f 974/974/974 998/998/998 999/999/999
f 999/999/999 973/973/973 974/974/974
f 973/973/973 999/999/999 1000/1000/1000
f 1000/1000/1000 972/972/972 973/973/973
f 972/972/972 1000/1000/1000 1001/1001/1001
f 1001/1001/1001 971/971/971 972/972/972
f 971/971/971 1001/1001/1001 1002/1002/1002
f 1002/1002/1002 970/970/970 971/971/971
f 970/970/970 1002/1002/1002 1003/1003/1003
f 1003/1003/1003 969/969/969 970/970/970
f 969/969/969 1003/1003/1003 1004/1004/1004
f 1004/1004/1004 968/968/968 969/969/969
f 968/968/968 1004/1004/1004 1005/1005/1005
f 1005/1005/1005 967/967/967 968/968/968
f 967/967/967 1005/1005/1005 1006/1006/1006
f 1006/1006/1006 966/966/966 967/967/967
f 966/966/966 1006/1006/1006 1007/1007/1007
f 1007/1007/1007 965/965/965 966/966/966
f 965/965/965 1007/1007/1007 1008/1008/1008
f 1008/1008/1008 964/964/964 965/965/965
f 964/964/964 1008/1008/1008 963/963/963
f 1009/1009/1009 963/963/963 1008/1008/1008
f 963/963/963 1009/1009/1009 1010/1010/1010
f 1010/1010/1010 962/962/962 963/963/963
f 962/962/962 1010/1010/1010 1011/1011/1011
f 1011/1011/1011 961/961/961 962/962/962
f 961/961/961 1011/1011/1011 1012/1012/1012
f 1012/1012/1012 960/960/960 961/961/961
f 960/960/960 1012/1012/1012 1013/1013/1013
f 1013/1013/1013 957/957/957 960/960/960
f 957/957/957 1013/1013/1013 1014/1014/1014
f 1014/1014/1014 958/958/958 957/957/957
f 958/958/958 1014/1014/1014 1015/1015/1015
f 1015/1015/1015 1016/1016/1016 958/958/958
f 1017/1017/1017 958/958/958 1016/1016/1016
f 1016/1016/1016 1018/1018/1018 1017/1017/1017
f 1019/1019/1019 1017/1017/1017 1018/1018/1018
f 1018/1018/1018 1020/1020/1020 1019/1019/1019
f 1018/1018/1018 1016/1016/1016 1021/1021/1021
f 1016/1016/1016 1015/1015/1015 1022/1022/1022
f 1022/1022/1022 1023/1023/1023 1016/1016/1016
f 1023/1023/1023 1024/1024/1024 1018/1018/1018
f 1023/1023/1023 1022/1022/1022 1025/1025/1025
f 1025/1025/1025 1026/1026/1026 1023/1023/1023
f 1027/1027/1027 1025/1025/1025 1022/1022/1022
f 1025/1025/1025 1027/1027/1027 1028/1028/1028
f 1028/1028/1028 1029/1029/1029 1025/1025/1025
f 1030/1030/1030 1022/1022/1022 1015/1015/1015
f 1022/1022/1022 1030/1030/1030 1027/1027/1027
f 1015/1015/1015 1031/1031/1031 1030/1030/1030
f 1031/1031/1031 1015/1015/1015 1014/1014/1014
f 1014/1014/1014 1032/1032/1032 1031/1031/1031
f 1032/1032/1032 1014/1014/1014 1013/1013/1013
f 1013/1013/1013 1033/1033/1033 1032/1032/1032
f 1033/1033/1033 1013/1013/1013 1012/1012/1012
f 1012/1012/1012 1034/1034/1034 1033/1033/1033
f 1034/1034/1034 1012/1012/1012 1011/1011/1011
f 1011/1011/1011 1035/1035/1035 1034/1034/1034
f 1035/1035/1035 1011/1011/1011 1010/1010/1010
f 1010/1010/1010 1036/1036/1036 1035/1035/1035
f 1036/1036/1036 1010/1010/1010 1009/1009/1009
f 1009/1009/1009 1037/1037/1037 1036/1036/1036
f 1037/1037/1037 1009/1009/1009 1038/1038/1038
f 1008/1008/1008 1038/1038/1038 1009/1009/1009
f 1038/1038/1038 1008/1008/1008 1007/1007/1007
f 1007/1007/1007 1039/1039/1039 1038/1038/1038
f 1039/1039/1039 1007/1007/1007 1006/1006/1006
f 1006/1006/1006 1040/1040/1040 1039/1039/1039
f 1040/1040/1040 1006/1006/1006 1005/1005/1005
f 1005/1005/1005 1041/1041/1041 1040/1040/1040
f 1041/1041/1041 1005/1005/1005 1004/1004/1004
f 1004/1004/1004 1042/1042/1042 1041/1041/1041
f 1042/1042/1042 1004/1004/1004 1003/1003/1003
f 1003/1003/1003 1043/1043/1043 1042/1042/1042
f 1043/1043/1043 1003/1003/1003 1002/1002/1002
f 1002/1002/1002 1044/1044/1044 1043/1043/1043
f 1044/1044/1044 1002/1002/1002 1001/1001/1001
f 1001/1001/1001 1045/1045/1045 1044/1044/1044
f 1045/1045/1045 1001/1001/1001 1000/1000/1000
f 1000/1000/1000 1046/1046/1046 1045/1045/1045
f 1046/1046/1046 1000/1000/1000 999/999/999
f 999/999/999 1047/1047/1047 1046/1046/1046
f 1047/1047/1047 999/999/999 998/998/998
f 998/998/998 1048/1048/1048 1047/1047/1047
f 1048/1048/1048 998/998/998 997/997/997
f 997/997/997 1049/1049/1049 1048/1048/1048
f 1049/1049/1049 997/997/997 996/996/996
f 996/996/996 1050/1050/1050 1049/1049/1049
f 1050/1050/1050 996/996/996 995/995/995
f 995/995/995 1051/1051/1051 1050/1050/1050
f 1051/1051/1051 995/995/995 1052/1052/1052
f 994/994/994 1052/1052/1052 995/995/995
f 1052/1052/1052 994/994/994 993/993/993
f 993/993/993 1053/1053/1053 1052/1052/1052
f 1053/1053/1053 993/993/993 992/992/992
f 992/992/992 1054/1054/1054 1053/1053/1053
f 1054/1054/1054 992/992/992 991/991/991
f 991/991/991 1055/1055/1055 1054/1054/1054
f 1055/1055/1055 991/991/991 990/990/990
f 990/990/990 1056/1056/1056 1055/1055/1055
f 1056/1056/1056 990/990/990 1057/1057/1057
f 983/983/983 1057/1057/1057 990/990/990
f 1057/1057/1057 983/983/983 984/984/984
f 984/984/984 1058/1058/1058 1057/1057/1057
f 1058/1058/1058 984/984/984 985/985/985
f 985/985/985 1059/1059/1059 1058/1058/1058
f 1059/1059/1059 985/985/985 986/986/986
f 986/986/986 1060/1060/1060 1059/1059/1059
f 1060/1060/1060 986/986/986 989/989/989
f 1061/1061/1061 1057/1057/1057 1058/1058/1058
f 1057/1057/1057 1061/1061/1061 1056/1056/1056
f 1062/1062/1062 1058/1058/1058 1059/1059/1059
f 1058/1058/1058 1062/1062/1062 1061/1061/1061
f 1063/1063/1063 1059/1059/1059 1060/1060/1060
f 1059/1059/1059 1063/1063/1063 1062/1062/1062
f 1064/1064/1064 1055/1055/1055 1056/1056/1056
f 1055/1055/1055 1064/1064/1064 1065/1065/1065
f 1065/1065/1065 1054/1054/1054 1055/1055/1055
f 1054/1054/1054 1065/1065/1065 1066/1066/1066
f 1066/1066/1066 1053/1053/1053 1054/1054/1054
f 1053/1053/1053 1066/1066/1066 1067/1067/1067
f 1067/1067/1067 1052/1052/1052 1053/1053/1053
f 1052/1052/1052 1067/1067/1067 1051/1051/1051
f 1068/1068/1068 1061/1061/1061 1062/1062/1062
f 1061/1061/1061 1068/1068/1068 1069/1069/1069
f 1069/1069/1069 1056/1056/1056 1061/1061/1061
f 1056/1056/1056 1069/1069/1069 1064/1064/1064
f 1070/1070/1070 1062/1062/1062 1063/1063/1063
f 1062/1062/1062 1070/1070/1070 1068/1068/1068
f 1071/1071/1071 1051/1051/1051 1067/1067/1067
f 1051/1051/1051 1071/1071/1071 1072/1072/1072
f 1072/1072/1072 1050/1050/1050 1051/1051/1051
f 1050/1050/1050 1072/1072/1072 1073/1073/1073
f 1073/1073/1073 1049/1049/1049 1050/1050/1050
f 1049/1049/1049 1073/1073/1073 1074/1074/1074
f 1074/1074/1074 1048/1048/1048 1049/1049/1049
f 1048/1048/1048 1074/1074/1074 1075/1075/1075
f 1075/1075/1075 1047/1047/1047 1048/1048/1048
f 1047/1047/1047 1075/1075/1075 1076/1076/1076
f 1076/1076/1076 1046/1046/1046 1047/1047/1047
f 1046/1046/1046 1076/1076/1076 1077/1077/1077
f 1077/1077/1077 1045/1045/1045 1046/1046/1046
f 1045/1045/1045 1077/1077/1077 1078/1078/1078
f 1078/1078/1078 1044/1044/1044 1045/1045/1045
f 1044/1044/1044 1078/1078/1078 1079/1079/1079
f 1079/1079/1079 1043/1043/1043 1044/1044/1044
f 1043/1043/1043 1079/1079/1079 1080/1080/1080
f 1080/1080/1080 1042/1042/1042 1043/1043/1043
f 1042/1042/1042 1080/1080/1080 1081/1081/1081
f 1081/1081/1081 1041/1041/1041 1042/1042/1042
f 1041/1041/1041 1081/1081/1081 1082/1082/1082
f 1082/1082/1082 1040/1040/1040 1041/1041/1041
f 1040/1040/1040 1082/1082/1082 1083/1083/1083
f 1083/1083/1083 1039/1039/1039 1040/1040/1040
f 1039/1039/1039 1083/1083/1083 1084/1084/1084
f 1084/1084/1084 1038/1038/1038 1039/1039/1039
f 1038/1038/1038 1084/1084/1084 1037/1037/1037
f 1085/1085/1085 1037/1037/1037 1084/1084/1084
f 1037/1037/1037 1085/1085/1085 1086/1086/1086
f 1086/1086/1086 1036/1036/1036 1037/1037/1037
f 1036/1036/1036 1086/1086/1086 1087/1087/1087
f 1087/1087/1087 1035/1035/1035 1036/1036/1036
f 1035/1035/1035 1087/1087/1087 1088/1088/1088
f 1088/1088/1088 1034/1034/1034 1035/1035/1035
f 1034/1034/1034 1088/1088/1088 1089/1089/1089
f 1089/1089/1089 1033/1033/1033 1034/1034/1034
f 1033/1033/1033 1089/1089/1089 1090/1090/1090
f 1090/1090/1090 1032/1032/1032 1033/1033/1033
f 1032/1032/1032 1090/1090/1090 1091/1091/1091
f 1091/1091/1091 1031/1031/1031 1032/1032/1032
f 1031/1031/1031 1091/1091/1091 1092/1092/1092
f 1092/1092/1092 1030/1030/1030 1031/1031/1031
f 1030/1030/1030 1092/1092/1092 1093/1093/1093
f 1093/1093/1093 1027/1027/1027 1030/1030/1030
f 1027/1027/1027 1093/1093/1093 1094/1094/1094
f 1094/1094/1094 1028/1028/1028 1027/1027/1027
f 1028/1028/1028 1094/1094/1094 1095/1095/1095
f 1096/1096/1096 1094/1094/1094 1093/1093/1093
f 1094/1094/1094 1096/1096/1096 1097/1097/1097
f 1097/1097/1097 1098/1098/1098 1094/1094/1094
f 1098/1098/1098 1099/1099/1099 1028/1028/1028
f 1095/1095/1095 1097/1097/1097 1100/1100/1100
f 1100/1100/1100 1101/1101/1101 1098/1098/1098
f 1102/1102/1102 1093/1093/1093 1092/1092/1092
f 1093/1093/1093 1102/1102/1102 1096/1096/1096
f 1103/1103/1103 1092/1092/1092 1091/1091/1091
f 1092/1092/1092 1103/1103/1103 1102/1102/1102
f 1104/1104/1104 1100/1100/1100 1097/1097/1097
f 1100/1100/1100 1104/1104/1104 1105/1105/1105
f 1106/1106/1106 1097/1097/1097 1096/1096/1096
f 1097/1097/1097 1106/1106/1106 1104/1104/1104
f 1107/1107/1107 1096/1096/1096 1102/1102/1102
f 1096/1096/1096 1107/1107/1107 1106/1106/1106
f 1108/1108/1108 1102/1102/1102 1103/1103/1103
f 1102/1102/1102 1108/1108/1108 1107/1107/1107
f 1103/1103/1103 1109/1109/1109 1108/1108/1108
f 1109/1109/1109 1103/1103/1103 1110/1110/1110
f 1091/1091/1091 1110/1110/1110 1103/1103/1103
f 1110/1110/1110 1091/1091/1091 1090/1090/1090
f 1090/1090/1090 1111/1111/1111 1110/1110/1110
f 1111/1111/1111 1090/1090/1090 1089/1089/1089
f 1089/1089/1089 1112/1112/1112 1111/1111/1111
f 1112/1112/1112 1089/1089/1089 1088/1088/1088
f 1088/1088/1088 1113/1113/1113 1112/1112/1112
f 1113/1113/1113 1088/1088/1088 1087/1087/1087
f 1087/1087/1087 1114/1114/1114 1113/1113/1113
f 1114/1114/1114 1087/1087/1087 1086/1086/1086
f 1086/1086/1086 1115/1115/1115 1114/1114/1114
f 1115/1115/1115 1086/1086/1086 1085/1085/1085
f 1085/1085/1085 1116/1116/1116 1115/1115/1115
f 1116/1116/1116 1085/1085/1085 1117/1117/1117
f 1084/1084/1084 1117/1117/1117 1085/1085/1085
f 1117/1117/1117 1084/1084/1084 1083/1083/1083
f 1083/1083/1083 1118/1118/1118 1117/1117/1117
f 1118/1118/1118 1083/1083/1083 1082/1082/1082
f 1082/1082/1082 1119/1119/1119 1118/1118/1118
f 1119/1119/1119 1082/1082/1082 1081/1081/1081
f 1081/1081/1081 1120/1120/1120 1119/1119/1119
f 1120/1120/1120 1081/1081/1081 1080/1080/1080
f 1080/1080/1080 1121/1121/1121 1120/1120/1120
f 1121/1121/1121 1080/1080/1080 1079/1079/1079
f 1079/1079/1079 1122/1122/1122 1121/1121/1121
f 1122/1122/1122 1079/1079/1079 1078/1078/1078
f 1078/1078/1078 1123/1123/1123 1122/1122/1122
f 1123/1123/1123 1078/1078/1078 1077/1077/1077
f 1077/1077/1077 1124/1124/1124 1123/1123/1123
f 1124/1124/1124 1077/1077/1077 1076/1076/1076
f 1076/1076/1076 1125/1125/1125 1124/1124/1124
f 1125/1125/1125 1076/1076/1076 1075/1075/1075
f 1075/1075/1075 1126/1126/1126 1125/1125/1125
f 1126/1126/1126 1075/1075/1075 1074/1074/1074
f 1074/1074/1074 1127/1127/1127 1126/1126/1126
f 1127/1127/1127 1074/1074/1074 1073/1073/1073
f 1073/1073/1073 1128/1128/1128 1127/1127/1127
f 1128/1128/1128 1073/1073/1073 1072/1072/1072
f 1072/1072/1072 1129/1129/1129 1128/1128/1128
f 1129/1129/1129 1072/1072/1072 1071/1071/1071
f 1071/1071/1071 1130/1130/1130 1129/1129/1129
f 1130/1130/1130 1071/1071/1071 1131/1131/1131
f 1067/1067/1067 1131/1131/1131 1071/1071/1071
f 1131/1131/1131 1067/1067/1067 1066/1066/1066
f 1066/1066/1066 1132/1132/1132 1131/1131/1131
f 1132/1132/1132 1066/1066/1066 1065/1065/1065
f 1065/1065/1065 1133/1133/1133 1132/1132/1132
f 1133/1133/1133 1065/1065/1065 1064/1064/1064
f 1064/1064/1064 1134/1134/1134 1133/1133/1133
f 1134/1134/1134 1064/1064/1064 1069/1069/1069
f 1069/1069/1069 1135/1135/1135 1134/1134/1134
f 1135/1135/1135 1069/1069/1069 1068/1068/1068
f 1068/1068/1068 1136/1136/1136 1135/1135/1135
f 1136/1136/1136 1068/1068/1068 1070/1070/1070
f 1137/1137/1137 1131/1131/1131 1132/1132/1132
f 1131/1131/1131 1137/1137/1137 1130/1130/1130
f 1138/1138/1138 1132/1132/1132 1133/1133/1133
f 1132/1132/1132 1138/1138/1138 1137/1137/1137
f 1139/1139/1139 1133/1133/1133 1134/1134/1134
f 1133/1133/1133 1139/1139/1139 1138/1138/1138
f 1140/1140/1140 1134/1134/1134 1135/1135/1135
f 1134/1134/1134 1140/1140/1140 1139/1139/1139
f 1141/1141/1141 1135/1135/1135 1136/1136/1136
f 1135/1135/1135 1141/1141/1141 1140/1140/1140
f 1142/1142/1142 1137/1137/1137 1138/1138/1138
f 1137/1137/1137 1142/1142/1142 1143/1143/1143
f 1143/1143/1143 1130/1130/1130 1137/1137/1137
f 1130/1130/1130 1143/1143/1143 1144/1144/1144
f 1144/1144/1144 1129/1129/1129 1130/1130/1130
f 1129/1129/1129 1144/1144/1144 1145/1145/1145
f 1145/1145/1145 1128/1128/1128 1129/1129/1129
f 1128/1128/1128 1145/1145/1145 1146/1146/1146
f 1146/1146/1146 1127/1127/1127 1128/1128/1128
f 1127/1127/1127 1146/1146/1146 1147/1147/1147
f 1147/1147/1147 1126/1126/1126 1127/1127/1127
f 1126/1126/1126 1147/1147/1147 1148/1148/1148
f 1148/1148/1148 1125/1125/1125 1126/1126/1126
f 1125/1125/1125 1148/1148/1148 1149/1149/1149
f 1149/1149/1149 1124/1124/1124 1125/1125/1125
f 1124/1124/1124 1149/1149/1149 1150/1150/1150
f 1150/1150/1150 1123/1123/1123 1124/1124/1124
f 1123/1123/1123 1150/1150/1150 1151/1151/1151
f 1151/1151/1151 1122/1122/1122 1123/1123/1123
f 1122/1122/1122 1151/1151/1151 1152/1152/1152
f 1152/1152/1152 1121/1121/1121 1122/1122/1122
f 1121/1121/1121 1152/1152/1152 1153/1153/1153
f 1153/1153/1153 1120/1120/1120 1121/1121/1121
f 1120/1120/1120 1153/1153/1153 1154/1154/1154
f 1154/1154/1154 1119/1119/1119 1120/1120/1120
f 1119/1119/1119 1154/1154/1154 1155/1155/1155
f 1155/1155/1155 1118/1118/1118 1119/1119/1119
f 1118/1118/1118 1155/1155/1155 1156/1156/1156
f 1156/1156/1156 1117/1117/1117 1118/1118/1118
f 1117/1117/1117 1156/1156/1156 1116/1116/1116
f 1157/1157/1157 1116/1116/1116 1156/1156/1156
f 1116/1116/1116 1157/1157/1157 1158/1158/1158
f 1158/1158/1158 1115/1115/1115 1116/1116/1116
f 1115/1115/1115 1158/1158/1158 1159/1159/1159
f 1159/1159/1159 1114/1114/1114 1115/1115/1115
f 1114/1114/1114 1159/1159/1159 1160/1160/1160
f 1160/1160/1160 1113/1113/1113 1114/1114/1114
f 1113/1113/1113 1160/1160/1160 1161/1161/1161
f 1161/1161/1161 1112/1112/1112 1113/1113/1113
f 1112/1112/1112 1161/1161/1161 1162/1162/1162
f 1162/1162/1162 1111/1111/1111 1112/1112/1112
f 1111/1111/1111 1162/1162/1162 1163/1163/1163
f 1163/1163/1163 1110/1110/1110 1111/1111/1111
f 1110/1110/1110 1163/1163/1163 1109/1109/1109
f 1164/1164/1164 1109/1109/1109 1163/1163/1163
f 1109/1109/1109 1164/1164/1164 1165/1165/1165
f 1165/1165/1165 1108/1108/1108 1109/1109/1109
f 1108/1108/1108 1165/1165/1165 1166/1166/1166
f 1166/1166/1166 1107/1107/1107 1108/1108/1108
f 1107/1107/1107 1166/1166/1166 1167/1167/1167
f 1167/1167/1167 1106/1106/1106 1107/1107/1107
f 1106/1106/1106 1167/1167/1167 1168/1168/1168
f 1168/1168/1168 1104/1104/1104 1106/1106/1106
f 1104/1104/1104 1168/1168/1168 1169/1169/1169
f 1169/1169/1169 1170/1170/1170 1104/1104/1104
f 1170/1170/1170 1169/1169/1169 1171/1171/1171
f 1163/1163/1163 1172/1172/1172 1164/1164/1164
f 1172/1172/1172 1163/1163/1163 1162/1162/1162
f 1162/1162/1162 1173/1173/1173 1172/1172/1172
f 1173/1173/1173 1162/1162/1162 1161/1161/1161
f 1161/1161/1161 1174/1174/1174 1173/1173/1173
f 1174/1174/1174 1161/1161/1161 1160/1160/1160
f 1160/1160/1160 1175/1175/1175 1174/1174/1174
f 1175/1175/1175 1160/1160/1160 1159/1159/1159
f 1159/1159/1159 1176/1176/1176 1175/1175/1175
f 1176/1176/1176 1159/1159/1159 1158/1158/1158
f 1158/1158/1158 1177/1177/1177 1176/1176/1176
f 1177/1177/1177 1158/1158/1158 1157/1157/1157
f 1157/1157/1157 1178/1178/1178 1177/1177/1177
f 1178/1178/1178 1157/1157/1157 1179/1179/1179
f 1156/1156/1156 1179/1179/1179 1157/1157/1157
f 1179/1179/1179 1156/1156/1156 1155/1155/1155
f 1155/1155/1155 1180/1180/1180 1179/1179/1179
f 1180/1180/1180 1155/1155/1155 1154/1154/1154
f 1154/1154/1154 1181/1181/1181 1180/1180/1180
f 1181/1181/1181 1154/1154/1154 1153/1153/1153
f 1153/1153/1153 1182/1182/1182 1181/1181/1181
f 1182/1182/1182 1153/1153/1153 1152/1152/1152
f 1152/1152/1152 1183/1183/1183 1182/1182/1182
f 1183/1183/1183 1152/1152/1152 1151/1151/1151
f 1151/1151/1151 1184/1184/1184 1183/1183/1183
f 1184/1184/1184 1151/1151/1151 1150/1150/1150
f 1150/1150/1150 1185/1185/1185 1184/1184/1184
f 1185/1185/1185 1150/1150/1150 1149/1149/1149
f 1149/1149/1149 1186/1186/1186 1185/1185/1185
f 1186/1186/1186 1149/1149/1149 1148/1148/1148
f 1148/1148/1148 1187/1187/1187 1186/1186/1186
f 1187/1187/1187 1148/1148/1148 1147/1147/1147
f 1147/1147/1147 1188/1188/1188 1187/1187/1187
f 1188/1188/1188 1147/1147/1147 1146/1146/1146
f 1146/1146/1146 1189/1189/1189 1188/1188/1188
f 1189/1189/1189 1146/1146/1146 1145/1145/1145
f 1145/1145/1145 1190/1190/1190 1189/1189/1189
f 1190/1190/1190 1145/1145/1145 1144/1144/1144
f 1144/1144/1144 1191/1191/1191 1190/1190/1190
f 1191/1191/1191 1144/1144/1144 1143/1143/1143
f 1143/1143/1143 1192/1192/1192 1191/1191/1191
f 1192/1192/1192 1143/1143/1143 1142/1142/1142
f 1142/1142/1142 1193/1193/1193 1192/1192/1192
f 1193/1193/1193 1142/1142/1142 1194/1194/1194
f 1138/1138/1138 1194/1194/1194 1142/1142/1142
f 1194/1194/1194 1138/1138/1138 1139/1139/1139
f 1139/1139/1139 1195/1195/1195 1194/1194/1194
f 1195/1195/1195 1139/1139/1139 1140/1140/1140
f 1140/1140/1140 1196/1196/1196 1195/1195/1195
f 1196/1196/1196 1140/1140/1140 1141/1141/1141
f 1197/1197/1197 1194/1194/1194 1195/1195/1195
f 1194/1194/1194 1197/1197/1197 1193/1193/1193
f 1198/1198/1198 1195/1195/1195 1196/1196/1196
f 1195/1195/1195 1198/1198/1198 1197/1197/1197
f 1199/1199/1199 1190/1190/1190 1191/1191/1191
f 1200/1200/1200 1191/1191/1191 1192/1192/1192
f 1191/1191/1191 1200/1200/1200 1199/1199/1199
f 1201/1201/1201 1192/1192/1192 1193/1193/1193
f 1192/1192/1192 1201/1201/1201 1200/1200/1200
f 1202/1202/1202 1193/1193/1193 1197/1197/1197
f 1193/1193/1193 1202/1202/1202 1201/1201/1201
f 1203/1203/1203 1197/1197/1197 1198/1198/1198
f 1197/1197/1197 1203/1203/1203 1202/1202/1202
f 1204/1204/1204 1199/1199/1199 1200/1200/1200
f 1199/1199/1199 1204/1204/1204 1205/1205/1205
f 1205/1205/1205 1206/1206/1206 1199/1199/1199
f 1190/1190/1190 1199/1199/1199 1206/1206/1206
f 1206/1206/1206 1189/1189/1189 1190/1190/1190
f 1189/1189/1189 1206/1206/1206 1207/1207/1207
f 1207/1207/1207 1188/1188/1188 1189/1189/1189
f 1188/1188/1188 1207/1207/1207 1208/1208/1208
f 1208/1208/1208 1187/1187/1187 1188/1188/1188
f 1187/1187/1187 1208/1208/1208 1209/1209/1209
f 1209/1209/1209 1186/1186/1186 1187/1187/1187
f 1186/1186/1186 1209/1209/1209 1210/1210/1210
f 1210/1210/1210 1185/1185/1185 1186/1186/1186
f 1185/1185/1185 1210/1210/1210 1211/1211/1211
f 1211/1211/1211 1184/1184/1184 1185/1185/1185
f 1184/1184/1184 1211/1211/1211 1212/1212/1212
f 1212/1212/1212 1183/1183/1183 1184/1184/1184
f 1183/1183/1183 1212/1212/1212 1213/1213/1213
f 1213/1213/1213 1182/1182/1182 1183/1183/1183
f 1182/1182/1182 1213/1213/1213 1214/1214/1214
f 1214/1214/1214 1181/1181/1181 1182/1182/1182
f 1181/1181/1181 1214/1214/1214 1215/1215/1215
f 1215/1215/1215 1180/1180/1180 1181/1181/1181
f 1180/1180/1180 1215/1215/1215 1216/1216/1216
f 1216/1216/1216 1179/1179/1179 1180/1180/1180
f 1179/1179/1179 1216/1216/1216 1178/1178/1178
f 1217/1217/1217 1178/1178/1178 1216/1216/1216
f 1178/1178/1178 1217/1217/1217 1218/1218/1218
f 1218/1218/1218 1177/1177/1177 1178/1178/1178
f 1177/1177/1177 1218/1218/1218 1219/1219/1219
f 1219/1219/1219 1176/1176/1176 1177/1177/1177
f 1176/1176/1176 1219/1219/1219 1220/1220/1220
f 1220/1220/1220 1175/1175/1175 1176/1176/1176
f 1175/1175/1175 1220/1220/1220 1221/1221/1221
f 1221/1221/1221 1174/1174/1174 1175/1175/1175
f 1174/1174/1174 1221/1221/1221 1222/1222/1222
f 1222/1222/1222 1173/1173/1173 1174/1174/1174
f 1173/1173/1173 1222/1222/1222 1223/1223/1223
f 1223/1223/1223 1172/1172/1172 1173/1173/1173
f 1172/1172/1172 1223/1223/1223 1224/1224/1224
f 1224/1224/1224 1164/1164/1164 1172/1172/1172
f 1164/1164/1164 1224/1224/1224 1225/1225/1225
f 1225/1225/1225 1165/1165/1165 1164/1164/1164
f 1165/1165/1165 1225/1225/1225 1226/1226/1226
f 1226/1226/1226 1166/1166/1166 1165/1165/1165
f 1166/1166/1166 1226/1226/1226 1227/1227/1227
f 1227/1227/1227 1167/1167/1167 1166/1166/1166
f 1167/1167/1167 1227/1227/1227 1228/1228/1228
f 1228/1228/1228 1168/1168/1168 1167/1167/1167
f 1168/1168/1168 1228/1228/1228 1229/1229/1229
f 1229/1229/1229 1169/1169/1169 1168/1168/1168
f 1169/1169/1169 1229/1229/1229 1230/1230/1230
f 1230/1230/1230 1231/1231/1231 1169/1169/1169
f 1232/1232/1232 1230/1230/1230 1229/1229/1229
f 1230/1230/1230 1232/1232/1232 1233/1233/1233
f 1233/1233/1233 1234/1234/1234 1230/1230/1230
f 1234/1234/1234 1235/1235/1235 1231/1231/1231
f 1234/1234/1234 1233/1233/1233 1236/1236/1236
f 1236/1236/1236 1237/1237/1237 1234/1234/1234
f 1237/1237/1237 1238/1238/1238 1235/1235/1235
f 1239/1239/1239 1235/1235/1235 1238/1238/1238
f 1235/1235/1235 1239/1239/1239 1240/1240/1240
f 1241/1241/1241 1240/1240/1240 1239/1239/1239
f 1240/1240/1240 1241/1241/1241 1242/1242/1242
f 1243/1243/1243 1242/1242/1242 1241/1241/1241
f 1242/1242/1242 1243/1243/1243 1244/1244/1244
f 1244/1244/1244 1100/1100/1100 1242/1242/1242
f 1170/1170/1170 1242/1242/1242 1100/1100/1100
f 1231/1231/1231 1240/1240/1240 1170/1170/1170
f 1242/1242/1242 1245/1245/1245 1240/1240/1240
f 1240/1240/1240 1246/1246/1246 1235/1235/1235
f 1238/1238/1238 1237/1237/1237 1247/1247/1247
f 1235/1235/1235 1248/1248/1248 1237/1237/1237
f 1249/1249/1249 1247/1247/1247 1237/1237/1237
f 1237/1237/1237 1236/1236/1236 1249/1249/1249
f 1247/1247/1247 1249/1249/1249 1250/1250/1250
f 1251/1251/1251 1250/1250/1250 1249/1249/1249
f 1250/1250/1250 1251/1251/1251 1252/1252/1252
f 1249/1249/1249 1253/1253/1253 1251/1251/1251
f 1253/1253/1253 1249/1249/1249 1236/1236/1236
f 1236/1236/1236 1254/1254/1254 1253/1253/1253
f 1254/1254/1254 1236/1236/1236 1233/1233/1233
f 1233/1233/1233 1255/1255/1255 1254/1254/1254
f 1255/1255/1255 1233/1233/1233 1232/1232/1232
f 1232/1232/1232 1256/1256/1256 1255/1255/1255
f 1256/1256/1256 1232/1232/1232 1257/1257/1257
f 1229/1229/1229 1257/1257/1257 1232/1232/1232
f 1257/1257/1257 1229/1229/1229 1228/1228/1228
f 1228/1228/1228 1258/1258/1258 1257/1257/1257
f 1258/1258/1258 1228/1228/1228 1227/1227/1227
f 1227/1227/1227 1259/1259/1259 1258/1258/1258
f 1259/1259/1259 1227/1227/1227 1226/1226/1226
f 1226/1226/1226 1260/1260/1260 1259/1259/1259
f 1260/1260/1260 1226/1226/1226 1225/1225/1225
f 1225/1225/1225 1261/1261/1261 1260/1260/1260
f 1261/1261/1261 1225/1225/1225 1224/1224/1224
f 1224/1224/1224 1262/1262/1262 1261/1261/1261
f 1262/1262/1262 1224/1224/1224 1223/1223/1223
f 1223/1223/1223 1263/1263/1263 1262/1262/1262
f 1263/1263/1263 1223/1223/1223 1222/1222/1222
f 1222/1222/1222 1264/1264/1264 1263/1263/1263
f 1264/1264/1264 1222/1222/1222 1221/1221/1221
f 1221/1221/1221 1265/1265/1265 1264/1264/1264
f 1265/1265/1265 1221/1221/1221 1220/1220/1220
f 1220/1220/1220 1266/1266/1266 1265/1265/1265
f 1266/1266/1266 1220/1220/1220 1219/1219/1219
f 1219/1219/1219 1267/1267/1267 1266/1266/1266
f 1267/1267/1267 1219/1219/1219 1218/1218/1218
f 1218/1218/1218 1268/1268/1268 1267/1267/1267
f 1268/1268/1268 1218/1218/1218 1217/1217/1217
f 1217/1217/1217 1269/1269/1269 1268/1268/1268
f 1269/1269/1269 1217/1217/1217 1270/1270/1270
f 1216/1216/1216 1270/1270/1270 1217/1217/1217
f 1270/1270/1270 1216/1216/1216 1215/1215/1215
f 1215/1215/1215 1271/1271/1271 1270/1270/1270
f 1271/1271/1271 1215/1215/1215 1214/1214/1214
f 1214/1214/1214 1272/1272/1272 1271/1271/1271
f 1272/1272/1272 1214/1214/1214 1213/1213/1213
f 1213/1213/1213 1273/1273/1273 1272/1272/1272
f 1273/1273/1273 1213/1213/1213 1212/1212/1212
f 1212/1212/1212 1274/1274/1274 1273/1273/1273
f 1274/1274/1274 1212/1212/1212 1211/1211/1211
f 1211/1211/1211 1275/1275/1275 1274/1274/1274
f 1275/1275/1275 1211/1211/1211 1210/1210/1210
f 1210/1210/1210 1276/1276/1276 1275/1275/1275
f 1276/1276/1276 1210/1210/1210 1209/1209/1209
f 1209/1209/1209 1277/1277/1277 1276/1276/1276
f 1277/1277/1277 1209/1209/1209 1208/1208/1208
f 1208/1208/1208 1278/1278/1278 1277/1277/1277
f 1278/1278/1278 1208/1208/1208 1207/1207/1207
f 1207/1207/1207 1279/1279/1279 1278/1278/1278
f 1279/1279/1279 1207/1207/1207 1206/1206/1206
f 1206/1206/1206 1205/1205/1205 1279/1279/1279
f 1280/1280/1280 1273/1273/1273 1274/1274/1274
f 1273/1273/1273 1280/1280/1280 1281/1281/1281
f 1281/1281/1281 1272/1272/1272 1273/1273/1273
f 1272/1272/1272 1281/1281/1281 1282/1282/1282
f 1282/1282/1282 1271/1271/1271 1272/1272/1272
f 1271/1271/1271 1282/1282/1282 1283/1283/1283
f 1283/1283/1283 1270/1270/1270 1271/1271/1271
f 1270/1270/1270 1283/1283/1283 1269/1269/1269
f 1284/1284/1284 1277/1277/1277 1278/1278/1278
f 1285/1285/1285 1278/1278/1278 1279/1279/1279
f 1278/1278/1278 1285/1285/1285 1284/1284/1284
f 1286/1286/1286 1279/1279/1279 1205/1205/1205
f 1279/1279/1279 1286/1286/1286 1285/1285/1285
f 1205/1205/1205 1287/1287/1287 1286/1286/1286
f 1287/1287/1287 1205/1205/1205 1204/1204/1204
f 1204/1204/1204 1288/1288/1288 1287/1287/1287
f 1288/1288/1288 1204/1204/1204 1289/1289/1289
f 1200/1200/1200 1289/1289/1289 1204/1204/1204
f 1289/1289/1289 1200/1200/1200 1201/1201/1201
f 1201/1201/1201 1290/1290/1290 1289/1289/1289
f 1290/1290/1290 1201/1201/1201 1202/1202/1202
f 1202/1202/1202 1291/1291/1291 1290/1290/1290
f 1291/1291/1291 1202/1202/1202 1203/1203/1203
f 1292/1292/1292 1289/1289/1289 1290/1290/1290
f 1289/1289/1289 1292/1292/1292 1288/1288/1288
f 1293/1293/1293 1290/1290/1290 1291/1291/1291
f 1290/1290/1290 1293/1293/1293 1292/1292/1292
f 1294/1294/1294 1284/1284/1284 1285/1285/1285
f 1284/1284/1284 1294/1294/1294 1295/1295/1295
f 1295/1295/1295 1296/1296/1296 1284/1284/1284
f 1277/1277/1277 1284/1284/1284 1296/1296/1296
f 1296/1296/1296 1276/1276/1276 1277/1277/1277
f 1276/1276/1276 1296/1296/1296 1297/1297/1297
f 1297/1297/1297 1275/1275/1275 1276/1276/1276
f 1275/1275/1275 1297/1297/1297 1298/1298/1298
f 1298/1298/1298 1274/1274/1274 1275/1275/1275
f 1274/1274/1274 1298/1298/1298 1280/1280/1280
f 1299/1299/1299 1280/1280/1280 1298/1298/1298
f 1280/1280/1280 1299/1299/1299 1300/1300/1300
f 1300/1300/1300 1281/1281/1281 1280/1280/1280
f 1281/1281/1281 1300/1300/1300 1301/1301/1301
f 1301/1301/1301 1282/1282/1282 1281/1281/1281
f 1282/1282/1282 1301/1301/1301 1302/1302/1302
f 1302/1302/1302 1283/1283/1283 1282/1282/1282
f 1283/1283/1283 1302/1302/1302 1303/1303/1303
f 1303/1303/1303 1269/1269/1269 1283/1283/1283
f 1269/1269/1269 1303/1303/1303 1304/1304/1304
f 1304/1304/1304 1268/1268/1268 1269/1269/1269
f 1268/1268/1268 1304/1304/1304 1305/1305/1305
f 1305/1305/1305 1267/1267/1267 1268/1268/1268
f 1267/1267/1267 1305/1305/1305 1306/1306/1306
f 1306/1306/1306 1266/1266/1266 1267/1267/1267
f 1266/1266/1266 1306/1306/1306 1307/1307/1307
f 1307/1307/1307 1265/1265/1265 1266/1266/1266
f 1265/1265/1265 1307/1307/1307 1308/1308/1308
f 1308/1308/1308 1264/1264/1264 1265/1265/1265
f 1264/1264/1264 1308/1308/1308 1309/1309/1309
f 1309/1309/1309 1263/1263/1263 1264/1264/1264
f 1263/1263/1263 1309/1309/1309 1310/1310/1310
f 1310/1310/1310 1262/1262/1262 1263/1263/1263
f 1262/1262/1262 1310/1310/1310 1311/1311/1311
f 1311/1311/1311 1261/1261/1261 1262/1262/1262
f 1261/1261/1261 1311/1311/1311 1312/1312/1312
f 1312/1312/1312 1260/1260/1260 1261/1261/1261
f 1260/1260/1260 1312/1312/1312 1313/1313/1313
f 1313/1313/1313 1259/1259/1259 1260/1260/1260
f 1259/1259/1259 1313/1313/1313 1314/1314/1314
f 1314/1314/1314 1258/1258/1258 1259/1259/1259
f 1258/1258/1258 1314/1314/1314 1315/1315/1315
f 1315/1315/1315 1257/1257/1257 1258/1258/1258
f 1257/1257/1257 1315/1315/1315 1256/1256/1256
f 1316/1316/1316 1256/1256/1256 1315/1315/1315
f 1256/1256/1256 1316/1316/1316 1317/1317/1317
f 1317/1317/1317 1255/1255/1255 1256/1256/1256
f 1255/1255/1255 1317/1317/1317 1318/1318/1318
f 1318/1318/1318 1254/1254/1254 1255/1255/1255
f 1254/1254/1254 1318/1318/1318 1319/1319/1319
f 1319/1319/1319 1253/1253/1253 1254/1254/1254
f 1253/1253/1253 1319/1319/1319 1320/1320/1320
f 1320/1320/1320 1251/1251/1251 1253/1253/1253
f 1251/1251/1251 1320/1320/1320 1321/1321/1321
f 1321/1321/1321 1252/1252/1252 1251/1251/1251
f 1252/1252/1252 1321/1321/1321 1322/1322/1322
f 1315/1315/1315 1323/1323/1323 1316/1316/1316
f 1323/1323/1323 1315/1315/1315 1314/1314/1314
f 1314/1314/1314 1324/1324/1324 1323/1323/1323
f 1324/1324/1324 1314/1314/1314 1313/1313/1313
f 1313/1313/1313 1325/1325/1325 1324/1324/1324
f 1325/1325/1325 1313/1313/1313 1312/1312/1312
f 1312/1312/1312 1326/1326/1326 1325/1325/1325
f 1326/1326/1326 1312/1312/1312 1311/1311/1311
f 1311/1311/1311 1327/1327/1327 1326/1326/1326
f 1327/1327/1327 1311/1311/1311 1310/1310/1310
f 1310/1310/1310 1328/1328/1328 1327/1327/1327
f 1328/1328/1328 1310/1310/1310 1309/1309/1309
f 1309/1309/1309 1329/1329/1329 1328/1328/1328
f 1329/1329/1329 1309/1309/1309 1308/1308/1308
f 1308/1308/1308 1330/1330/1330 1329/1329/1329
f 1330/1330/1330 1308/1308/1308 1307/1307/1307
f 1307/1307/1307 1331/1331/1331 1330/1330/1330
f 1331/1331/1331 1307/1307/1307 1306/1306/1306
f 1306/1306/1306 1332/1332/1332 1331/1331/1331
f 1332/1332/1332 1306/1306/1306 1305/1305/1305
f 1305/1305/1305 1333/1333/1333 1332/1332/1332
f 1333/1333/1333 1305/1305/1305 1304/1304/1304
f 1304/1304/1304 1334/1334/1334 1333/1333/1333
f 1334/1334/1334 1304/1304/1304 1303/1303/1303
f 1303/1303/1303 1335/1335/1335 1334/1334/1334
f 1335/1335/1335 1303/1303/1303 1302/1302/1302
f 1302/1302/1302 1336/1336/1336 1335/1335/1335
f 1336/1336/1336 1302/1302/1302 1301/1301/1301
f 1301/1301/1301 1337/1337/1337 1336/1336/1336
f 1337/1337/1337 1301/1301/1301 1300/1300/1300
f 1300/1300/1300 1338/1338/1338 1337/1337/1337
f 1338/1338/1338 1300/1300/1300 1299/1299/1299
f 1299/1299/1299 1339/1339/1339 1338/1338/1338
f 1339/1339/1339 1299/1299/1299 1340/1340/1340
f 1298/1298/1298 1340/1340/1340 1299/1299/1299
f 1340/1340/1340 1298/1298/1298 1297/1297/1297
f 1297/1297/1297 1341/1341/1341 1340/1340/1340
f 1341/1341/1341 1297/1297/1297 1296/1296/1296
f 1296/1296/1296 1295/1295/1295 1341/1341/1341
f 1342/1342/1342 1340/1340/1340 1341/1341/1341
f 1340/1340/1340 1342/1342/1342 1339/1339/1339
f 1343/1343/1343 1341/1341/1341 1295/1295/1295
f 1341/1341/1341 1343/1343/1343 1342/1342/1342
f 1295/1295/1295 1344/1344/1344 1343/1343/1343
f 1344/1344/1344 1295/1295/1295 1294/1294/1294
f 1294/1294/1294 1345/1345/1345 1344/1344/1344
f 1345/1345/1345 1294/1294/1294 1346/1346/1346
f 1285/1285/1285 1346/1346/1346 1294/1294/1294
f 1346/1346/1346 1285/1285/1285 1286/1286/1286
f 1286/1286/1286 1347/1347/1347 1346/1346/1346
f 1347/1347/1347 1286/1286/1286 1287/1287/1287
f 1287/1287/1287 1348/1348/1348 1347/1347/1347
f 1348/1348/1348 1287/1287/1287 1288/1288/1288
f 1288/1288/1288 1349/1349/1349 1348/1348/1348
f 1349/1349/1349 1288/1288/1288 1292/1292/1292
f 1292/1292/1292 1350/1350/1350 1349/1349/1349
f 1350/1350/1350 1292/1292/1292 1293/1293/1293
f 1351/1351/1351 1346/1346/1346 1347/1347/1347
f 1346/1346/1346 1351/1351/1351 1345/1345/1345
f 1352/1352/1352 1347/1347/1347 1348/1348/1348
f 1347/1347/1347 1352/1352/1352 1351/1351/1351
f 1353/1353/1353 1348/1348/1348 1349/1349/1349
f 1348/1348/1348 1353/1353/1353 1352/1352/1352
f 1354/1354/1354 1349/1349/1349 1350/1350/1350
f 1349/1349/1349 1354/1354/1354 1353/1353/1353
f 1355/1355/1355 1345/1345/1345 1351/1351/1351
f 1356/1356/1356 1351/1351/1351 1352/1352/1352
f 1351/1351/1351 1356/1356/1356 1355/1355/1355
f 1357/1357/1357 1352/1352/1352 1353/1353/1353
f 1352/1352/1352 1357/1357/1357 1356/1356/1356
f 1358/1358/1358 1353/1353/1353 1354/1354/1354
f 1353/1353/1353 1358/1358/1358 1357/1357/1357
f 1359/1359/1359 1355/1355/1355 1356/1356/1356
f 1355/1355/1355 1359/1359/1359 1360/1360/1360
f 1360/1360/1360 1361/1361/1361 1355/1355/1355
f 1345/1345/1345 1355/1355/1355 1361/1361/1361
f 1361/1361/1361 1344/1344/1344 1345/1345/1345
f 1344/1344/1344 1361/1361/1361 1362/1362/1362
f 1362/1362/1362 1343/1343/1343 1344/1344/1344
f 1343/1343/1343 1362/1362/1362 1363/1363/1363
f 1363/1363/1363 1342/1342/1342 1343/1343/1343
f 1342/1342/1342 1363/1363/1363 1364/1364/1364
f 1364/1364/1364 1339/1339/1339 1342/1342/1342
f 1339/1339/1339 1364/1364/1364 1365/1365/1365
f 1365/1365/1365 1338/1338/1338 1339/1339/1339
f 1338/1338/1338 1365/1365/1365 1366/1366/1366
f 1366/1366/1366 1337/1337/1337 1338/1338/1338
f 1337/1337/1337 1366/1366/1366 1367/1367/1367
f 1367/1367/1367 1336/1336/1336 1337/1337/1337
f 1336/1336/1336 1367/1367/1367 1368/1368/1368
f 1368/1368/1368 1335/1335/1335 1336/1336/1336
f 1335/1335/1335 1368/1368/1368 1369/1369/1369
f 1369/1369/1369 1334/1334/1334 1335/1335/1335
f 1334/1334/1334 1369/1369/1369 1370/1370/1370
f 1370/1370/1370 1333/1333/1333 1334/1334/1334
f 1333/1333/1333 1370/1370/1370 1371/1371/1371
f 1371/1371/1371 1332/1332/1332 1333/1333/1333
f 1332/1332/1332 1371/1371/1371 1372/1372/1372
f 1372/1372/1372 1331/1331/1331 1332/1332/1332
f 1331/1331/1331 1372/1372/1372 1373/1373/1373
f 1373/1373/1373 1330/1330/1330 1331/1331/1331
f 1330/1330/1330 1373/1373/1373 1374/1374/1374
f 1374/1374/1374 1329/1329/1329 1330/1330/1330
f 1329/1329/1329 1374/1374/1374 1375/1375/1375
f 1375/1375/1375 1328/1328/1328 1329/1329/1329
f 1328/1328/1328 1375/1375/1375 1376/1376/1376
f 1376/1376/1376 1327/1327/1327 1328/1328/1328
f 1327/1327/1327 1376/1376/1376 1377/1377/1377
f 1377/1377/1377 1326/1326/1326 1327/1327/1327
f 1326/1326/1326 1377/1377/1377 1378/1378/1378
f 1378/1378/1378 1325/1325/1325 1326/1326/1326
f 1325/1325/1325 1378/1378/1378 1379/1379/1379
f 1379/1379/1379 1324/1324/1324 1325/1325/1325
f 1324/1324/1324 1379/1379/1379 1380/1380/1380
f 1380/1380/1380 1323/1323/1323 1324/1324/1324
f 1323/1323/1323 1380/1380/1380 1381/1381/1381
f 1381/1381/1381 1316/1316/1316 1323/1323/1323
f 1316/1316/1316 1381/1381/1381 1382/1382/1382
f 1382/1382/1382 1317/1317/1317 1316/1316/1316
f 1317/1317/1317 1382/1382/1382 1383/1383/1383
f 1383/1383/1383 1318/1318/1318 1317/1317/1317
f 1318/1318/1318 1383/1383/1383 1384/1384/1384
f 1384/1384/1384 1319/1319/1319 1318/1318/1318
f 1319/1319/1319 1384/1384/1384 1385/1385/1385
f 1385/1385/1385 1320/1320/1320 1319/1319/1319
f 1320/1320/1320 1385/1385/1385 1386/1386/1386
f 1386/1386/1386 1321/1321/1321 1320/1320/1320
f 1321/1321/1321 1386/1386/1386 1387/1387/1387
f 1387/1387/1387 1322/1322/1322 1321/1321/1321
f 1322/1322/1322 1387/1387/1387 1388/1388/1388
f 1389/1389/1389 1388/1388/1388 1387/1387/1387
f 1388/1388/1388 1389/1389/1389 1390/1390/1390
f 1391/1391/1391 1387/1387/1387 1386/1386/1386
f 1387/1387/1387 1391/1391/1391 1389/1389/1389
f 1392/1392/1392 1386/1386/1386 1385/1385/1385
f 1386/1386/1386 1392/1392/1392 1391/1391/1391
f 1393/1393/1393 1385/1385/1385 1384/1384/1384
f 1385/1385/1385 1393/1393/1393 1392/1392/1392
f 1394/1394/1394 1384/1384/1384 1383/1383/1383
f 1384/1384/1384 1394/1394/1394 1393/1393/1393
f 1395/1395/1395 1390/1390/1390 1389/1389/1389
f 1390/1390/1390 1395/1395/1395 1396/1396/1396
f 1397/1397/1397 1389/1389/1389 1391/1391/1391
f 1389/1389/1389 1397/1397/1397 1395/1395/1395
f 1398/1398/1398 1391/1391/1391 1392/1392/1392
f 1391/1391/1391 1398/1398/1398 1397/1397/1397
f 1399/1399/1399 1392/1392/1392 1393/1393/1393
f 1392/1392/1392 1399/1399/1399 1398/1398/1398
f 1400/1400/1400 1393/1393/1393 1394/1394/1394
f 1393/1393/1393 1400/1400/1400 1399/1399/1399
f 1394/1394/1394 1401/1401/1401 1400/1400/1400
f 1401/1401/1401 1394/1394/1394 1402/1402/1402
f 1383/1383/1383 1402/1402/1402 1394/1394/1394
f 1402/1402/1402 1383/1383/1383 1382/1382/1382
f 1382/1382/1382 1403/1403/1403 1402/1402/1402
f 1403/1403/1403 1382/1382/1382 1381/1381/1381
f 1381/1381/1381 1404/1404/1404 1403/1403/1403
f 1404/1404/1404 1381/1381/1381 1380/1380/1380
f 1380/1380/1380 1405/1405/1405 1404/1404/1404
f 1405/1405/1405 1380/1380/1380 1379/1379/1379
f 1379/1379/1379 1406/1406/1406 1405/1405/1405
f 1406/1406/1406 1379/1379/1379 1378/1378/1378
f 1378/1378/1378 1407/1407/1407 1406/1406/1406
f 1407/1407/1407 1378/1378/1378 1377/1377/1377
f 1377/1377/1377 1408/1408/1408 1407/1407/1407
f 1408/1408/1408 1377/1377/1377 1376/1376/1376
f 1376/1376/1376 1409/1409/1409 1408/1408/1408
f 1409/1409/1409 1376/1376/1376 1375/1375/1375
f 1375/1375/1375 1410/1410/1410 1409/1409/1409
f 1410/1410/1410 1375/1375/1375 1374/1374/1374
f 1374/1374/1374 1411/1411/1411 1410/1410/1410
f 1411/1411/1411 1374/1374/1374 1373/1373/1373
f 1373/1373/1373 1412/1412/1412 1411/1411/1411
f 1412/1412/1412 1373/1373/1373 1372/1372/1372
f 1372/1372/1372 1413/1413/1413 1412/1412/1412
f 1413/1413/1413 1372/1372/1372 1371/1371/1371
f 1371/1371/1371 1414/1414/1414 1413/1413/1413
f 1414/1414/1414 1371/1371/1371 1370/1370/1370
f 1370/1370/1370 1415/1415/1415 1414/1414/1414
f 1415/1415/1415 1370/1370/1370 1369/1369/1369
f 1369/1369/1369 1416/1416/1416 1415/1415/1415
f 1416/1416/1416 1369/1369/1369 1368/1368/1368
f 1368/1368/1368 1417/1417/1417 1416/1416/1416
f 1417/1417/1417 1368/1368/1368 1367/1367/1367
f 1367/1367/1367 1418/1418/1418 1417/1417/1417
f 1418/1418/1418 1367/1367/1367 1366/1366/1366
f 1366/1366/1366 1419/1419/1419 1418/1418/1418
f 1419/1419/1419 1366/1366/1366 1365/1365/1365
f 1365/1365/1365 1420/1420/1420 1419/1419/1419
f 1420/1420/1420 1365/1365/1365 1364/1364/1364
f 1364/1364/1364 1421/1421/1421 1420/1420/1420
f 1421/1421/1421 1364/1364/1364 1363/1363/1363
f 1363/1363/1363 1422/1422/1422 1421/1421/1421
f 1422/1422/1422 1363/1363/1363 1362/1362/1362
f 1362/1362/1362 1423/1423/1423 1422/1422/1422
f 1423/1423/1423 1362/1362/1362 1361/1361/1361
f 1361/1361/1361 1360/1360/1360 1423/1423/1423
f 1424/1424/1424 1417/1417/1417 1418/1418/1418
f 1417/1417/1417 1424/1424/1424 1425/1425/1425
f 1425/1425/1425 1416/1416/1416 1417/1417/1417
f 1416/1416/1416 1425/1425/1425 1426/1426/1426
f 1426/1426/1426 1415/1415/1415 1416/1416/1416
f 1415/1415/1415 1426/1426/1426 1427/1427/1427
f 1427/1427/1427 1414/1414/1414 1415/1415/1415
f 1414/1414/1414 1427/1427/1427 1428/1428/1428
f 1428/1428/1428 1413/1413/1413 1414/1414/1414
f 1413/1413/1413 1428/1428/1428 1429/1429/1429
f 1429/1429/1429 1412/1412/1412 1413/1413/1413
f 1412/1412/1412 1429/1429/1429 1430/1430/1430
f 1430/1430/1430 1411/1411/1411 1412/1412/1412
f 1411/1411/1411 1430/1430/1430 1431/1431/1431
f 1431/1431/1431 1410/1410/1410 1411/1411/1411
f 1410/1410/1410 1431/1431/1431 1432/1432/1432
f 1432/1432/1432 1409/1409/1409 1410/1410/1410
f 1409/1409/1409 1432/1432/1432 1433/1433/1433
f 1433/1433/1433 1408/1408/1408 1409/1409/1409
f 1408/1408/1408 1433/1433/1433 1434/1434/1434
f 1434/1434/1434 1407/1407/1407 1408/1408/1408
f 1407/1407/1407 1434/1434/1434 1435/1435/1435
f 1435/1435/1435 1406/1406/1406 1407/1407/1407
f 1406/1406/1406 1435/1435/1435 1436/1436/1436
f 1436/1436/1436 1405/1405/1405 1406/1406/1406
f 1405/1405/1405 1436/1436/1436 1437/1437/1437
f 1437/1437/1437 1404/1404/1404 1405/1405/1405
f 1404/1404/1404 1437/1437/1437 1438/1438/1438
f 1438/1438/1438 1403/1403/1403 1404/1404/1404
f 1403/1403/1403 1438/1438/1438 1439/1439/1439
f 1439/1439/1439 1402/1402/1402 1403/1403/1403
f 1402/1402/1402 1439/1439/1439 1401/1401/1401
f 1440/1440/1440 1401/1401/1401 1439/1439/1439
f 1401/1401/1401 1440/1440/1440 1441/1441/1441
f 1441/1441/1441 1400/1400/1400 1401/1401/1401
f 1400/1400/1400 1441/1441/1441 1442/1442/1442
f 1442/1442/1442 1399/1399/1399 1400/1400/1400
f 1399/1399/1399 1442/1442/1442 1443/1443/1443
f 1443/1443/1443 1398/1398/1398 1399/1399/1399
f 1398/1398/1398 1443/1443/1443 1444/1444/1444
f 1444/1444/1444 1397/1397/1397 1398/1398/1398
f 1397/1397/1397 1444/1444/1444 1445/1445/1445
f 1445/1445/1445 1395/1395/1395 1397/1397/1397
f 1395/1395/1395 1445/1445/1445 1446/1446/1446
f 1446/1446/1446 1396/1396/1396 1395/1395/1395
f 1396/1396/1396 1446/1446/1446 1447/1447/1447
f 1448/1448/1448 1447/1447/1447 1446/1446/1446
f 1447/1447/1447 1448/1448/1448 1449/1449/1449
f 1450/1450/1450 1446/1446/1446 1445/1445/1445
f 1446/1446/1446 1450/1450/1450 1448/1448/1448
f 1451/1451/1451 1445/1445/1445 1444/1444/1444
f 1445/1445/1445 1451/1451/1451 1450/1450/1450
f 1452/1452/1452 1444/1444/1444 1443/1443/1443
f 1444/1444/1444 1452/1452/1452 1451/1451/1451
f 1453/1453/1453 1443/1443/1443 1442/1442/1442
f 1443/1443/1443 1453/1453/1453 1452/1452/1452
f 1454/1454/1454 1449/1449/1449 1448/1448/1448
f 1449/1449/1449 1454/1454/1454 1455/1455/1455
f 1456/1456/1456 1448/1448/1448 1450/1450/1450
f 1448/1448/1448 1456/1456/1456 1454/1454/1454
f 1457/1457/1457 1450/1450/1450 1451/1451/1451
f 1450/1450/1450 1457/1457/1457 1456/1456/1456
f 1458/1458/1458 1451/1451/1451 1452/1452/1452
f 1451/1451/1451 1458/1458/1458 1457/1457/1457
f 1459/1459/1459 1452/1452/1452 1453/1453/1453
f 1452/1452/1452 1459/1459/1459 1458/1458/1458
f 1453/1453/1453 1460/1460/1460 1459/1459/1459
f 1460/1460/1460 1453/1453/1453 1461/1461/1461
f 1442/1442/1442 1461/1461/1461 1453/1453/1453
f 1461/1461/1461 1442/1442/1442 1441/1441/1441
f 1441/1441/1441 1462/1462/1462 1461/1461/1461
f 1462/1462/1462 1441/1441/1441 1440/1440/1440
f 1440/1440/1440 1463/1463/1463 1462/1462/1462
f 1463/1463/1463 1440/1440/1440 1464/1464/1464
f 1439/1439/1439 1464/1464/1464 1440/1440/1440
f 1464/1464/1464 1439/1439/1439 1438/1438/1438
f 1438/1438/1438 1465/1465/1465 1464/1464/1464
f 1465/1465/1465 1438/1438/1438 1437/1437/1437
f 1437/1437/1437 1466/1466/1466 1465/1465/1465
f 1466/1466/1466 1437/1437/1437 1436/1436/1436
f 1436/1436/1436 1467/1467/1467 1466/1466/1466
f 1467/1467/1467 1436/1436/1436 1435/1435/1435
f 1435/1435/1435 1468/1468/1468 1467/1467/1467
f 1468/1468/1468 1435/1435/1435 1434/1434/1434
f 1434/1434/1434 1469/1469/1469 1468/1468/1468
f 1469/1469/1469 1434/1434/1434 1433/1433/1433
f 1433/1433/1433 1470/1470/1470 1469/1469/1469
f 1470/1470/1470 1433/1433/1433 1432/1432/1432
f 1432/1432/1432 1471/1471/1471 1470/1470/1470
f 1471/1471/1471 1432/1432/1432 1431/1431/1431
f 1431/1431/1431 1472/1472/1472 1471/1471/1471
f 1472/1472/1472 1431/1431/1431 1430/1430/1430
f 1430/1430/1430 1473/1473/1473 1472/1472/1472
f 1473/1473/1473 1430/1430/1430 1429/1429/1429
f 1429/1429/1429 1474/1474/1474 1473/1473/1473
f 1474/1474/1474 1429/1429/1429 1428/1428/1428
f 1428/1428/1428 1475/1475/1475 1474/1474/1474
f 1475/1475/1475 1428/1428/1428 1427/1427/1427
f 1427/1427/1427 1476/1476/1476 1475/1475/1475
f 1476/1476/1476 1427/1427/1427 1426/1426/1426
f 1426/1426/1426 1477/1477/1477 1476/1476/1476
f 1477/1477/1477 1426/1426/1426 1425/1425/1425
f 1425/1425/1425 1478/1478/1478 1477/1477/1477
f 1478/1478/1478 1425/1425/1425 1424/1424/1424
f 1424/1424/1424 1479/1479/1479 1478/1478/1478
f 1479/1479/1479 1424/1424/1424 1480/1480/1480
f 1418/1418/1418 1480/1480/1480 1424/1424/1424
f 1480/1480/1480 1418/1418/1418 1419/1419/1419
f 1419/1419/1419 1481/1481/1481 1480/1480/1480
f 1481/1481/1481 1419/1419/1419 1420/1420/1420
f 1420/1420/1420 1482/1482/1482 1481/1481/1481
f 1482/1482/1482 1420/1420/1420 1421/1421/1421
f 1421/1421/1421 1483/1483/1483 1482/1482/1482
f 1483/1483/1483 1421/1421/1421 1422/1422/1422
f 1422/1422/1422 1484/1484/1484 1483/1483/1483
f 1484/1484/1484 1422/1422/1422 1423/1423/1423
f 1423/1423/1423 1485/1485/1485 1484/1484/1484
f 1485/1485/1485 1423/1423/1423 1360/1360/1360
f 1360/1360/1360 1486/1486/1486 1485/1485/1485
f 1486/1486/1486 1360/1360/1360 1359/1359/1359
f 1359/1359/1359 1487/1487/1487 1486/1486/1486
f 1487/1487/1487 1359/1359/1359 1488/1488/1488
f 1356/1356/1356 1488/1488/1488 1359/1359/1359
f 1488/1488/1488 1356/1356/1356 1357/1357/1357
f 1357/1357/1357 1489/1489/1489 1488/1488/1488
f 1489/1489/1489 1357/1357/1357 1358/1358/1358
f 1490/1490/1490 1488/1488/1488 1489/1489/1489
f 1488/1488/1488 1490/1490/1490 1487/1487/1487
f 1491/1491/1491 1483/1483/1483 1484/1484/1484
f 1483/1483/1483 1491/1491/1491 1492/1492/1492
f 1492/1492/1492 1482/1482/1482 1483/1483/1483
f 1482/1482/1482 1492/1492/1492 1493/1493/1493
f 1493/1493/1493 1481/1481/1481 1482/1482/1482
f 1481/1481/1481 1493/1493/1493 1494/1494/1494
f 1494/1494/1494 1480/1480/1480 1481/1481/1481
f 1480/1480/1480 1494/1494/1494 1479/1479/1479
f 1495/1495/1495 1487/1487/1487 1490/1490/1490
f 1496/1496/1496 1479/1479/1479 1494/1494/1494
f 1479/1479/1479 1496/1496/1496 1497/1497/1497
f 1497/1497/1497 1478/1478/1478 1479/1479/1479
f 1478/1478/1478 1497/1497/1497 1498/1498/1498
f 1498/1498/1498 1477/1477/1477 1478/1478/1478
f 1477/1477/1477 1498/1498/1498 1499/1499/1499
f 1499/1499/1499 1476/1476/1476 1477/1477/1477
f 1476/1476/1476 1499/1499/1499 1500/1500/1500
f 1500/1500/1500 1475/1475/1475 1476/1476/1476
f 1475/1475/1475 1500/1500/1500 1501/1501/1501
f 1501/1501/1501 1474/1474/1474 1475/1475/1475
f 1474/1474/1474 1501/1501/1501 1502/1502/1502
f 1502/1502/1502 1473/1473/1473 1474/1474/1474
f 1473/1473/1473 1502/1502/1502 1503/1503/1503
f 1503/1503/1503 1472/1472/1472 1473/1473/1473
f 1472/1472/1472 1503/1503/1503 1504/1504/1504
f 1504/1504/1504 1471/1471/1471 1472/1472/1472
f 1471/1471/1471 1504/1504/1504 1505/1505/1505
f 1505/1505/1505 1470/1470/1470 1471/1471/1471
f 1470/1470/1470 1505/1505/1505 1506/1506/1506
f 1506/1506/1506 1469/1469/1469 1470/1470/1470
f 1469/1469/1469 1506/1506/1506 1507/1507/1507
f 1507/1507/1507 1468/1468/1468 1469/1469/1469
f 1468/1468/1468 1507/1507/1507 1508/1508/1508
f 1508/1508/1508 1467/1467/1467 1468/1468/1468
f 1467/1467/1467 1508/1508/1508 1509/1509/1509
f 1509/1509/1509 1466/1466/1466 1467/1467/1467
f 1466/1466/1466 1509/1509/1509 1510/1510/1510
f 1510/1510/1510 1465/1465/1465 1466/1466/1466
f 1465/1465/1465 1510/1510/1510 1511/1511/1511
f 1511/1511/1511 1464/1464/1464 1465/1465/1465
f 1464/1464/1464 1511/1511/1511 1463/1463/1463
f 1512/1512/1512 1463/1463/1463 1511/1511/1511
f 1463/1463/1463 1512/1512/1512 1513/1513/1513
f 1513/1513/1513 1462/1462/1462 1463/1463/1463
f 1462/1462/1462 1513/1513/1513 1514/1514/1514
f 1514/1514/1514 1461/1461/1461 1462/1462/1462
f 1461/1461/1461 1514/1514/1514 1460/1460/1460
f 1515/1515/1515 1511/1511/1511 1510/1510/1510
f 1511/1511/1511 1515/1515/1515 1512/1512/1512
f 1516/1516/1516 1510/1510/1510 1509/1509/1509
f 1510/1510/1510 1516/1516/1516 1515/1515/1515
f 1509/1509/1509 1517/1517/1517 1516/1516/1516
f 1517/1517/1517 1509/1509/1509 1508/1508/1508
f 1508/1508/1508 1518/1518/1518 1517/1517/1517
f 1518/1518/1518 1508/1508/1508 1507/1507/1507
f 1507/1507/1507 1519/1519/1519 1518/1518/1518
f 1519/1519/1519 1507/1507/1507 1506/1506/1506
f 1506/1506/1506 1520/1520/1520 1519/1519/1519
f 1520/1520/1520 1506/1506/1506 1505/1505/1505
f 1505/1505/1505 1521/1521/1521 1520/1520/1520
f 1521/1521/1521 1505/1505/1505 1504/1504/1504
f 1504/1504/1504 1522/1522/1522 1521/1521/1521
f 1522/1522/1522 1504/1504/1504 1503/1503/1503
f 1503/1503/1503 1523/1523/1523 1522/1522/1522
f 1523/1523/1523 1503/1503/1503 1502/1502/1502
f 1502/1502/1502 1524/1524/1524 1523/1523/1523
f 1524/1524/1524 1502/1502/1502 1501/1501/1501
f 1501/1501/1501 1525/1525/1525 1524/1524/1524
f 1525/1525/1525 1501/1501/1501 1500/1500/1500
f 1500/1500/1500 1526/1526/1526 1525/1525/1525
f 1526/1526/1526 1500/1500/1500 1499/1499/1499
f 1499/1499/1499 1527/1527/1527 1526/1526/1526
f 1527/1527/1527 1499/1499/1499 1498/1498/1498
f 1498/1498/1498 1528/1528/1528 1527/1527/1527
f 1528/1528/1528 1498/1498/1498 1497/1497/1497
f 1497/1497/1497 1529/1529/1529 1528/1528/1528
f 1529/1529/1529 1497/1497/1497 1496/1496/1496
f 1496/1496/1496 1530/1530/1530 1529/1529/1529
f 1530/1530/1530 1496/1496/1496 1531/1531/1531
f 1494/1494/1494 1531/1531/1531 1496/1496/1496
f 1531/1531/1531 1494/1494/1494 1493/1493/1493
f 1493/1493/1493 1532/1532/1532 1531/1531/1531
f 1532/1532/1532 1493/1493/1493 1492/1492/1492
f 1492/1492/1492 1533/1533/1533 1532/1532/1532
f 1533/1533/1533 1492/1492/1492 1491/1491/1491
f 1491/1491/1491 1534/1534/1534 1533/1533/1533
f 1534/1534/1534 1491/1491/1491 1535/1535/1535
f 1484/1484/1484 1535/1535/1535 1491/1491/1491
f 1535/1535/1535 1484/1484/1484 1485/1485/1485
f 1485/1485/1485 1536/1536/1536 1535/1535/1535
f 1536/1536/1536 1485/1485/1485 1486/1486/1486
f 1486/1486/1486 1537/1537/1537 1536/1536/1536
f 1537/1537/1537 1486/1486/1486 1487/1487/1487
f 1487/1487/1487 1495/1495/1495 1537/1537/1537
f 1538/1538/1538 1535/1535/1535 1536/1536/1536
f 1535/1535/1535 1538/1538/1538 1534/1534/1534
f 1539/1539/1539 1536/1536/1536 1537/1537/1537
f 1536/1536/1536 1539/1539/1539 1538/1538/1538
f 1540/1540/1540 1537/1537/1537 1495/1495/1495
f 1537/1537/1537 1540/1540/1540 1539/1539/1539
f 1541/1541/1541 1532/1532/1532 1533/1533/1533
f 1542/1542/1542 1533/1533/1533 1534/1534/1534
f 1533/1533/1533 1542/1542/1542 1541/1541/1541
f 1543/1543/1543 1534/1534/1534 1538/1538/1538
f 1534/1534/1534 1543/1543/1543 1542/1542/1542
f 1544/1544/1544 1538/1538/1538 1539/1539/1539
f 1538/1538/1538 1544/1544/1544 1543/1543/1543
f 1545/1545/1545 1539/1539/1539 1540/1540/1540
f 1539/1539/1539 1545/1545/1545 1544/1544/1544
f 1546/1546/1546 1541/1541/1541 1542/1542/1542
f 1541/1541/1541 1546/1546/1546 1547/1547/1547
f 1547/1547/1547 1548/1548/1548 1541/1541/1541
f 1532/1532/1532 1541/1541/1541 1548/1548/1548
f 1548/1548/1548 1531/1531/1531 1532/1532/1532
f 1531/1531/1531 1548/1548/1548 1530/1530/1530
f 1549/1549/1549 1530/1530/1530 1548/1548/1548
f 1548/1548/1548 1547/1547/1547 1549/1549/1549
f 1530/1530/1530 1549/1549/1549 1550/1550/1550
f 1550/1550/1550 1529/1529/1529 1530/1530/1530
f 1529/1529/1529 1550/1550/1550 1551/1551/1551
f 1551/1551/1551 1528/1528/1528 1529/1529/1529
f 1528/1528/1528 1551/1551/1551 1552/1552/1552
f 1552/1552/1552 1527/1527/1527 1528/1528/1528
f 1527/1527/1527 1552/1552/1552 1553/1553/1553
f 1553/1553/1553 1526/1526/1526 1527/1527/1527
f 1526/1526/1526 1553/1553/1553 1554/1554/1554
f 1554/1554/1554 1525/1525/1525 1526/1526/1526
f 1525/1525/1525 1554/1554/1554 1555/1555/1555
f 1555/1555/1555 1524/1524/1524 1525/1525/1525
f 1524/1524/1524 1555/1555/1555 1556/1556/1556
f 1556/1556/1556 1523/1523/1523 1524/1524/1524
f 1523/1523/1523 1556/1556/1556 1557/1557/1557
f 1557/1557/1557 1522/1522/1522 1523/1523/1523
f 1522/1522/1522 1557/1557/1557 1558/1558/1558
f 1558/1558/1558 1521/1521/1521 1522/1522/1522
f 1521/1521/1521 1558/1558/1558 1559/1559/1559
f 1559/1559/1559 1520/1520/1520 1521/1521/1521
f 1520/1520/1520 1559/1559/1559 1560/1560/1560
f 1560/1560/1560 1519/1519/1519 1520/1520/1520
f 1519/1519/1519 1560/1560/1560 1561/1561/1561
f 1561/1561/1561 1518/1518/1518 1519/1519/1519
f 1518/1518/1518 1561/1561/1561 1562/1562/1562
f 1562/1562/1562 1517/1517/1517 1518/1518/1518
f 1517/1517/1517 1562/1562/1562 1563/1563/1563
f 1563/1563/1563 1516/1516/1516 1517/1517/1517
f 1516/1516/1516 1563/1563/1563 1564/1564/1564
f 1564/1564/1564 1515/1515/1515 1516/1516/1516
f 1515/1515/1515 1564/1564/1564 1565/1565/1565
f 1565/1565/1565 1512/1512/1512 1515/1515/1515
f 1512/1512/1512 1565/1565/1565 1566/1566/1566
f 1566/1566/1566 1513/1513/1513 1512/1512/1512
f 1513/1513/1513 1566/1566/1566 1567/1567/1567
f 1567/1567/1567 1514/1514/1514 1513/1513/1513
f 1514/1514/1514 1567/1567/1567 1568/1568/1568
f 1568/1568/1568 1460/1460/1460 1514/1514/1514
f 1460/1460/1460 1568/1568/1568 1569/1569/1569
f 1569/1569/1569 1459/1459/1459 1460/1460/1460
f 1459/1459/1459 1569/1569/1569 1570/1570/1570
f 1570/1570/1570 1458/1458/1458 1459/1459/1459
f 1458/1458/1458 1570/1570/1570 1571/1571/1571
f 1571/1571/1571 1457/1457/1457 1458/1458/1458
f 1457/1457/1457 1571/1571/1571 1572/1572/1572
f 1572/1572/1572 1456/1456/1456 1457/1457/1457
f 1456/1456/1456 1572/1572/1572 1573/1573/1573
f 1573/1573/1573 1454/1454/1454 1456/1456/1456
f 1454/1454/1454 1573/1573/1573 1574/1574/1574
f 1574/1574/1574 1455/1455/1455 1454/1454/1454
f 1455/1455/1455 1574/1574/1574 1575/1575/1575
f 1576/1576/1576 1575/1575/1575 1574/1574/1574
f 1575/1575/1575 1576/1576/1576 1577/1577/1577
f 1578/1578/1578 1574/1574/1574 1573/1573/1573
f 1574/1574/1574 1578/1578/1578 1576/1576/1576
f 1579/1579/1579 1573/1573/1573 1572/1572/1572
f 1573/1573/1573 1579/1579/1579 1578/1578/1578
f 1580/1580/1580 1572/1572/1572 1571/1571/1571
f 1572/1572/1572 1580/1580/1580 1579/1579/1579
f 1581/1581/1581 1571/1571/1571 1570/1570/1570
f 1571/1571/1571 1581/1581/1581 1580/1580/1580
f 1582/1582/1582 1577/1577/1577 1576/1576/1576
f 1577/1577/1577 1582/1582/1582 1583/1583/1583
f 1584/1584/1584 1576/1576/1576 1578/1578/1578
f 1576/1576/1576 1584/1584/1584 1582/1582/1582
f 1585/1585/1585 1578/1578/1578 1579/1579/1579
f 1578/1578/1578 1585/1585/1585 1584/1584/1584
f 1586/1586/1586 1579/1579/1579 1580/1580/1580
f 1579/1579/1579 1586/1586/1586 1585/1585/1585
f 1587/1587/1587 1580/1580/1580 1581/1581/1581
f 1580/1580/1580 1587/1587/1587 1588/1588/1588
f 1581/1581/1581 1589/1589/1589 1587/1587/1587
f 1589/1589/1589 1581/1581/1581 1590/1590/1590
f 1570/1570/1570 1590/1590/1590 1581/1581/1581
f 1590/1590/1590 1570/1570/1570 1569/1569/1569
f 1569/1569/1569 1591/1591/1591 1590/1590/1590
f 1591/1591/1591 1569/1569/1569 1568/1568/1568
f 1568/1568/1568 1592/1592/1592 1591/1591/1591
f 1592/1592/1592 1568/1568/1568 1567/1567/1567
f 1567/1567/1567 1593/1593/1593 1592/1592/1592
f 1593/1593/1593 1567/1567/1567 1566/1566/1566
f 1566/1566/1566 1594/1594/1594 1593/1593/1593
f 1594/1594/1594 1566/1566/1566 1565/1565/1565
f 1565/1565/1565 1595/1595/1595 1594/1594/1594
f 1595/1595/1595 1565/1565/1565 1564/1564/1564
f 1564/1564/1564 1596/1596/1596 1595/1595/1595
f 1596/1596/1596 1564/1564/1564 1563/1563/1563
f 1563/1563/1563 1597/1597/1597 1596/1596/1596
f 1597/1597/1597 1563/1563/1563 1562/1562/1562
f 1562/1562/1562 1598/1598/1598 1597/1597/1597
f 1598/1598/1598 1562/1562/1562 1561/1561/1561
f 1561/1561/1561 1599/1599/1599 1598/1598/1598
f 1599/1599/1599 1561/1561/1561 1560/1560/1560
f 1560/1560/1560 1600/1600/1600 1599/1599/1599
f 1600/1600/1600 1560/1560/1560 1559/1559/1559
f 1559/1559/1559 1601/1601/1601 1600/1600/1600
f 1601/1601/1601 1559/1559/1559 1558/1558/1558
f 1558/1558/1558 1602/1602/1602 1601/1601/1601
f 1602/1602/1602 1558/1558/1558 1557/1557/1557
f 1557/1557/1557 1603/1603/1603 1602/1602/1602
f 1603/1603/1603 1557/1557/1557 1556/1556/1556
f 1556/1556/1556 1604/1604/1604 1603/1603/1603
f 1604/1604/1604 1556/1556/1556 1555/1555/1555
f 1555/1555/1555 1605/1605/1605 1604/1604/1604
f 1605/1605/1605 1555/1555/1555 1554/1554/1554
f 1554/1554/1554 1606/1606/1606 1605/1605/1605
f 1606/1606/1606 1554/1554/1554 1553/1553/1553
f 1553/1553/1553 1607/1607/1607 1606/1606/1606
f 1607/1607/1607 1553/1553/1553 1552/1552/1552
f 1552/1552/1552 1608/1608/1608 1607/1607/1607
f 1608/1608/1608 1552/1552/1552 1551/1551/1551
f 1551/1551/1551 1609/1609/1609 1608/1608/1608
f 1609/1609/1609 1551/1551/1551 1550/1550/1550
f 1550/1550/1550 1610/1610/1610 1609/1609/1609
f 1610/1610/1610 1550/1550/1550 1549/1549/1549
f 1549/1549/1549 1611/1611/1611 1610/1610/1610
f 1611/1611/1611 1549/1549/1549 1547/1547/1547
f 1547/1547/1547 1612/1612/1612 1611/1611/1611
f 1612/1612/1612 1547/1547/1547 1546/1546/1546
f 1546/1546/1546 1613/1613/1613 1612/1612/1612
f 1613/1613/1613 1546/1546/1546 1614/1614/1614
f 1542/1542/1542 1614/1614/1614 1546/1546/1546
f 1614/1614/1614 1542/1542/1542 1543/1543/1543
f 1543/1543/1543 1615/1615/1615 1614/1614/1614
f 1615/1615/1615 1543/1543/1543 1544/1544/1544
f 1544/1544/1544 1616/1616/1616 1615/1615/1615
f 1616/1616/1616 1544/1544/1544 1545/1545/1545
f 1617/1617/1617 1614/1614/1614 1615/1615/1615
f 1614/1614/1614 1617/1617/1617 1613/1613/1613
f 1618/1618/1618 1615/1615/1615 1616/1616/1616
f 1615/1615/1615 1618/1618/1618 1617/1617/1617
f 1619/1619/1619 1610/1610/1610 1611/1611/1611
f 1620/1620/1620 1611/1611/1611 1612/1612/1612
f 1611/1611/1611 1620/1620/1620 1619/1619/1619
f 1621/1621/1621 1612/1612/1612 1613/1613/1613
f 1612/1612/1612 1621/1621/1621 1620/1620/1620
f 1622/1622/1622 1613/1613/1613 1617/1617/1617
f 1613/1613/1613 1622/1622/1622 1621/1621/1621
f 1623/1623/1623 1617/1617/1617 1618/1618/1618
f 1617/1617/1617 1623/1623/1623 1622/1622/1622
f 1624/1624/1624 1619/1619/1619 1620/1620/1620
f 1619/1619/1619 1624/1624/1624 1625/1625/1625
f 1625/1625/1625 1626/1626/1626 1619/1619/1619
f 1610/1610/1610 1619/1619/1619 1626/1626/1626
f 1626/1626/1626 1609/1609/1609 1610/1610/1610
f 1609/1609/1609 1626/1626/1626 1627/1627/1627
f 1627/1627/1627 1608/1608/1608 1609/1609/1609
f 1608/1608/1608 1627/1627/1627 1628/1628/1628
f 1628/1628/1628 1607/1607/1607 1608/1608/1608
f 1607/1607/1607 1628/1628/1628 1629/1629/1629
f 1629/1629/1629 1606/1606/1606 1607/1607/1607
f 1606/1606/1606 1629/1629/1629 1630/1630/1630
f 1630/1630/1630 1605/1605/1605 1606/1606/1606
f 1605/1605/1605 1630/1630/1630 1631/1631/1631
f 1631/1631/1631 1604/1604/1604 1605/1605/1605
f 1604/1604/1604 1631/1631/1631 1632/1632/1632
f 1632/1632/1632 1603/1603/1603 1604/1604/1604
f 1603/1603/1603 1632/1632/1632 1633/1633/1633
f 1633/1633/1633 1602/1602/1602 1603/1603/1603
f 1602/1602/1602 1633/1633/1633 1634/1634/1634
f 1634/1634/1634 1601/1601/1601 1602/1602/1602
f 1601/1601/1601 1634/1634/1634 1635/1635/1635
f 1635/1635/1635 1600/1600/1600 1601/1601/1601
f 1600/1600/1600 1635/1635/1635 1636/1636/1636
f 1636/1636/1636 1599/1599/1599 1600/1600/1600
f 1599/1599/1599 1636/1636/1636 1637/1637/1637
f 1637/1637/1637 1598/1598/1598 1599/1599/1599
f 1598/1598/1598 1637/1637/1637 1638/1638/1638
f 1638/1638/1638 1597/1597/1597 1598/1598/1598
f 1597/1597/1597 1638/1638/1638 1639/1639/1639
f 1639/1639/1639 1596/1596/1596 1597/1597/1597
f 1596/1596/1596 1639/1639/1639 1640/1640/1640
f 1640/1640/1640 1595/1595/1595 1596/1596/1596
f 1595/1595/1595 1640/1640/1640 1641/1641/1641
f 1641/1641/1641 1594/1594/1594 1595/1595/1595
f 1594/1594/1594 1641/1641/1641 1642/1642/1642
f 1642/1642/1642 1593/1593/1593 1594/1594/1594
f 1593/1593/1593 1642/1642/1642 1643/1643/1643
f 1643/1643/1643 1592/1592/1592 1593/1593/1593
f 1592/1592/1592 1643/1643/1643 1644/1644/1644
f 1644/1644/1644 1591/1591/1591 1592/1592/1592
f 1591/1591/1591 1644/1644/1644 1645/1645/1645
f 1645/1645/1645 1590/1590/1590 1591/1591/1591
f 1590/1590/1590 1645/1645/1645 1589/1589/1589
f 1646/1646/1646 1589/1589/1589 1645/1645/1645
f 1589/1589/1589 1646/1646/1646 1647/1647/1647
f 1647/1647/1647 1587/1587/1587 1589/1589/1589
f 1587/1587/1587 1647/1647/1647 1648/1648/1648
f 1648/1648/1648 1588/1588/1588 1587/1587/1587
f 1649/1649/1649 1645/1645/1645 1644/1644/1644
f 1645/1645/1645 1649/1649/1649 1646/1646/1646
f 1650/1650/1650 1644/1644/1644 1643/1643/1643
f 1644/1644/1644 1650/1650/1650 1649/1649/1649
f 1651/1651/1651 1643/1643/1643 1642/1642/1642
f 1643/1643/1643 1651/1651/1651 1650/1650/1650
f 1652/1652/1652 1648/1648/1648 1647/1647/1647
f 1648/1648/1648 1652/1652/1652 1653/1653/1653
f 1653/1653/1653 1654/1654/1654 1648/1648/1648
f 1586/1586/1586 1648/1648/1648 1654/1654/1654
f 1654/1654/1654 1653/1653/1653 1655/1655/1655
f 1655/1655/1655 1656/1656/1656 1654/1654/1654
f 1585/1585/1585 1654/1654/1654 1656/1656/1656
f 1656/1656/1656 1584/1584/1584 1585/1585/1585
f 1584/1584/1584 1656/1656/1656 1657/1657/1657
f 1657/1657/1657 1582/1582/1582 1584/1584/1584
f 1582/1582/1582 1657/1657/1657 1658/1658/1658
f 1658/1658/1658 1583/1583/1583 1582/1582/1582
f 1583/1583/1583 1658/1658/1658 1659/1659/1659
f 1654/1654/1654 1585/1585/1585 1660/1660/1660
f 1661/1661/1661 1659/1659/1659 1658/1658/1658
f 1659/1659/1659 1661/1661/1661 1662/1662/1662
f 1663/1663/1663 1658/1658/1658 1657/1657/1657
f 1658/1658/1658 1663/1663/1663 1661/1661/1661
f 1664/1664/1664 1657/1657/1657 1656/1656/1656
f 1657/1657/1657 1664/1664/1664 1663/1663/1663
f 1656/1656/1656 1655/1655/1655 1664/1664/1664
f 1665/1665/1665 1662/1662/1662 1661/1661/1661
f 1662/1662/1662 1665/1665/1665 1666/1666/1666
f 1667/1667/1667 1661/1661/1661 1663/1663/1663
f 1661/1661/1661 1667/1667/1667 1665/1665/1665
f 1668/1668/1668 1663/1663/1663 1664/1664/1664
f 1663/1663/1663 1668/1668/1668 1667/1667/1667
f 1664/1664/1664 1669/1669/1669 1668/1668/1668
f 1669/1669/1669 1664/1664/1664 1655/1655/1655
f 1670/1670/1670 1666/1666/1666 1665/1665/1665
f 1666/1666/1666 1670/1670/1670 1671/1671/1671
f 1672/1672/1672 1665/1665/1665 1667/1667/1667
f 1665/1665/1665 1672/1672/1672 1670/1670/1670
f 1673/1673/1673 1667/1667/1667 1668/1668/1668
f 1667/1667/1667 1673/1673/1673 1672/1672/1672
f 1668/1668/1668 1674/1674/1674 1673/1673/1673
f 1674/1674/1674 1668/1668/1668 1675/1675/1675
f 1655/1655/1655 1676/1676/1676 1675/1675/1675
f 1676/1676/1676 1655/1655/1655 1653/1653/1653
f 1675/1675/1675 1677/1677/1677 1674/1674/1674
f 1676/1676/1676 1678/1678/1678 1677/1677/1677
f 1678/1678/1678 1676/1676/1676 1679/1679/1679
f 1679/1679/1679 1653/1653/1653 1652/1652/1652
f 1653/1653/1653 1679/1679/1679 1680/1680/1680
f 1652/1652/1652 1681/1681/1681 1679/1679/1679
f 1681/1681/1681 1652/1652/1652 1682/1682/1682
f 1647/1647/1647 1682/1682/1682 1652/1652/1652
f 1682/1682/1682 1647/1647/1647 1646/1646/1646
f 1646/1646/1646 1683/1683/1683 1682/1682/1682
f 1683/1683/1683 1646/1646/1646 1649/1649/1649
f 1649/1649/1649 1684/1684/1684 1683/1683/1683
f 1684/1684/1684 1649/1649/1649 1650/1650/1650
f 1650/1650/1650 1685/1685/1685 1684/1684/1684
f 1685/1685/1685 1650/1650/1650 1651/1651/1651
f 1651/1651/1651 1686/1686/1686 1685/1685/1685
f 1686/1686/1686 1651/1651/1651 1687/1687/1687
f 1642/1642/1642 1687/1687/1687 1651/1651/1651
f 1687/1687/1687 1642/1642/1642 1641/1641/1641
f 1641/1641/1641 1688/1688/1688 1687/1687/1687
f 1688/1688/1688 1641/1641/1641 1640/1640/1640
f 1640/1640/1640 1689/1689/1689 1688/1688/1688
f 1689/1689/1689 1640/1640/1640 1639/1639/1639
f 1639/1639/1639 1690/1690/1690 1689/1689/1689
f 1690/1690/1690 1639/1639/1639 1638/1638/1638
f 1638/1638/1638 1691/1691/1691 1690/1690/1690
f 1691/1691/1691 1638/1638/1638 1637/1637/1637
f 1637/1637/1637 1692/1692/1692 1691/1691/1691
f 1692/1692/1692 1637/1637/1637 1636/1636/1636
f 1636/1636/1636 1693/1693/1693 1692/1692/1692
f 1693/1693/1693 1636/1636/1636 1635/1635/1635
f 1635/1635/1635 1694/1694/1694 1693/1693/1693
f 1694/1694/1694 1635/1635/1635 1634/1634/1634
f 1634/1634/1634 1695/1695/1695 1694/1694/1694
f 1695/1695/1695 1634/1634/1634 1633/1633/1633
f 1633/1633/1633 1696/1696/1696 1695/1695/1695
f 1696/1696/1696 1633/1633/1633 1632/1632/1632
f 1632/1632/1632 1697/1697/1697 1696/1696/1696
f 1697/1697/1697 1632/1632/1632 1631/1631/1631
f 1631/1631/1631 1698/1698/1698 1697/1697/1697
f 1698/1698/1698 1631/1631/1631 1630/1630/1630
f 1630/1630/1630 1699/1699/1699 1698/1698/1698
f 1699/1699/1699 1630/1630/1630 1629/1629/1629
f 1629/1629/1629 1700/1700/1700 1699/1699/1699
f 1700/1700/1700 1629/1629/1629 1628/1628/1628
f 1628/1628/1628 1701/1701/1701 1700/1700/1700
f 1701/1701/1701 1628/1628/1628 1627/1627/1627
f 1627/1627/1627 1702/1702/1702 1701/1701/1701
f 1702/1702/1702 1627/1627/1627 1626/1626/1626
f 1626/1626/1626 1625/1625/1625 1702/1702/1702
f 1703/1703/1703 1696/1696/1696 1697/1697/1697
f 1696/1696/1696 1703/1703/1703 1704/1704/1704
f 1704/1704/1704 1695/1695/1695 1696/1696/1696
f 1695/1695/1695 1704/1704/1704 1705/1705/1705
f 1705/1705/1705 1694/1694/1694 1695/1695/1695
f 1694/1694/1694 1705/1705/1705 1706/1706/1706
f 1706/1706/1706 1693/1693/1693 1694/1694/1694
f 1693/1693/1693 1706/1706/1706 1707/1707/1707
f 1707/1707/1707 1692/1692/1692 1693/1693/1693
f 1692/1692/1692 1707/1707/1707 1708/1708/1708
f 1708/1708/1708 1691/1691/1691 1692/1692/1692
f 1691/1691/1691 1708/1708/1708 1709/1709/1709
f 1709/1709/1709 1690/1690/1690 1691/1691/1691
f 1690/1690/1690 1709/1709/1709 1710/1710/1710
f 1710/1710/1710 1689/1689/1689 1690/1690/1690
f 1689/1689/1689 1710/1710/1710 1711/1711/1711
f 1711/1711/1711 1688/1688/1688 1689/1689/1689
f 1688/1688/1688 1711/1711/1711 1712/1712/1712
f 1712/1712/1712 1687/1687/1687 1688/1688/1688
f 1687/1687/1687 1712/1712/1712 1686/1686/1686
f 1713/1713/1713 1686/1686/1686 1712/1712/1712
f 1686/1686/1686 1713/1713/1713 1714/1714/1714
f 1714/1714/1714 1685/1685/1685 1686/1686/1686
f 1685/1685/1685 1714/1714/1714 1715/1715/1715
f 1715/1715/1715 1684/1684/1684 1685/1685/1685
f 1684/1684/1684 1715/1715/1715 1716/1716/1716
f 1716/1716/1716 1683/1683/1683 1684/1684/1684
f 1683/1683/1683 1716/1716/1716 1717/1717/1717
f 1717/1717/1717 1682/1682/1682 1683/1683/1683
f 1682/1682/1682 1717/1717/1717 1681/1681/1681
f 1718/1718/1718 1712/1712/1712 1711/1711/1711
f 1712/1712/1712 1718/1718/1718 1713/1713/1713
f 1711/1711/1711 1719/1719/1719 1718/1718/1718
f 1719/1719/1719 1711/1711/1711 1710/1710/1710
f 1710/1710/1710 1720/1720/1720 1719/1719/1719
f 1720/1720/1720 1710/1710/1710 1709/1709/1709
f 1709/1709/1709 1721/1721/1721 1720/1720/1720
f 1721/1721/1721 1709/1709/1709 1708/1708/1708
f 1708/1708/1708 1722/1722/1722 1721/1721/1721
f 1722/1722/1722 1708/1708/1708 1707/1707/1707
f 1707/1707/1707 1723/1723/1723 1722/1722/1722
f 1723/1723/1723 1707/1707/1707 1706/1706/1706
f 1706/1706/1706 1724/1724/1724 1723/1723/1723
f 1724/1724/1724 1706/1706/1706 1705/1705/1705
f 1705/1705/1705 1725/1725/1725 1724/1724/1724
f 1725/1725/1725 1705/1705/1705 1704/1704/1704
f 1704/1704/1704 1726/1726/1726 1725/1725/1725
f 1726/1726/1726 1704/1704/1704 1703/1703/1703
f 1703/1703/1703 1727/1727/1727 1726/1726/1726
f 1727/1727/1727 1703/1703/1703 1728/1728/1728
f 1697/1697/1697 1728/1728/1728 1703/1703/1703
f 1728/1728/1728 1697/1697/1697 1698/1698/1698
f 1698/1698/1698 1729/1729/1729 1728/1728/1728
f 1729/1729/1729 1698/1698/1698 1699/1699/1699
f 1699/1699/1699 1730/1730/1730 1729/1729/1729
f 1730/1730/1730 1699/1699/1699 1700/1700/1700
f 1700/1700/1700 1731/1731/1731 1730/1730/1730
f 1731/1731/1731 1700/1700/1700 1701/1701/1701
f 1701/1701/1701 1732/1732/1732 1731/1731/1731
f 1732/1732/1732 1701/1701/1701 1702/1702/1702
f 1702/1702/1702 1733/1733/1733 1732/1732/1732
f 1733/1733/1733 1702/1702/1702 1625/1625/1625
f 1625/1625/1625 1734/1734/1734 1733/1733/1733
f 1734/1734/1734 1625/1625/1625 1624/1624/1624
f 1624/1624/1624 1735/1735/1735 1734/1734/1734
f 1735/1735/1735 1624/1624/1624 1736/1736/1736
f 1620/1620/1620 1736/1736/1736 1624/1624/1624
f 1736/1736/1736 1620/1620/1620 1621/1621/1621
f 1621/1621/1621 1737/1737/1737 1736/1736/1736
f 1737/1737/1737 1621/1621/1621 1622/1622/1622
f 1622/1622/1622 1738/1738/1738 1737/1737/1737
f 1738/1738/1738 1622/1622/1622 1623/1623/1623
f 1739/1739/1739 1736/1736/1736 1737/1737/1737
f 1736/1736/1736 1739/1739/1739 1735/1735/1735
f 1740/1740/1740 1737/1737/1737 1738/1738/1738
f 1737/1737/1737 1740/1740/1740 1739/1739/1739
f 1741/1741/1741 1732/1732/1732 1733/1733/1733
f 1742/1742/1742 1733/1733/1733 1734/1734/1734
f 1733/1733/1733 1742/1742/1742 1741/1741/1741
f 1743/1743/1743 1734/1734/1734 1735/1735/1735
f 1734/1734/1734 1743/1743/1743 1742/1742/1742
f 1744/1744/1744 1735/1735/1735 1739/1739/1739
f 1735/1735/1735 1744/1744/1744 1743/1743/1743
f 1745/1745/1745 1739/1739/1739 1740/1740/1740
f 1739/1739/1739 1745/1745/1745 1744/1744/1744
f 1746/1746/1746 1741/1741/1741 1742/1742/1742
f 1741/1741/1741 1746/1746/1746 1747/1747/1747
f 1747/1747/1747 1748/1748/1748 1741/1741/1741
f 1732/1732/1732 1741/1741/1741 1748/1748/1748
f 1748/1748/1748 1731/1731/1731 1732/1732/1732
f 1731/1731/1731 1748/1748/1748 1749/1749/1749
f 1749/1749/1749 1730/1730/1730 1731/1731/1731
f 1730/1730/1730 1749/1749/1749 1750/1750/1750
f 1750/1750/1750 1729/1729/1729 1730/1730/1730
f 1729/1729/1729 1750/1750/1750 1751/1751/1751
f 1751/1751/1751 1728/1728/1728 1729/1729/1729
f 1728/1728/1728 1751/1751/1751 1727/1727/1727
f 1752/1752/1752 1727/1727/1727 1751/1751/1751
f 1727/1727/1727 1752/1752/1752 1753/1753/1753
f 1753/1753/1753 1726/1726/1726 1727/1727/1727
f 1726/1726/1726 1753/1753/1753 1754/1754/1754
f 1754/1754/1754 1725/1725/1725 1726/1726/1726
f 1725/1725/1725 1754/1754/1754 1755/1755/1755
f 1755/1755/1755 1724/1724/1724 1725/1725/1725
f 1724/1724/1724 1755/1755/1755 1756/1756/1756
f 1756/1756/1756 1723/1723/1723 1724/1724/1724
f 1723/1723/1723 1756/1756/1756 1757/1757/1757
f 1757/1757/1757 1722/1722/1722 1723/1723/1723
f 1722/1722/1722 1757/1757/1757 1758/1758/1758
f 1758/1758/1758 1721/1721/1721 1722/1722/1722
f 1721/1721/1721 1758/1758/1758 1759/1759/1759
f 1759/1759/1759 1720/1720/1720 1721/1721/1721
f 1720/1720/1720 1759/1759/1759 1760/1760/1760
f 1760/1760/1760 1719/1719/1719 1720/1720/1720
f 1719/1719/1719 1760/1760/1760 1761/1761/1761
f 1761/1761/1761 1718/1718/1718 1719/1719/1719
f 1718/1718/1718 1761/1761/1761 1762/1762/1762
f 1762/1762/1762 1713/1713/1713 1718/1718/1718
f 1713/1713/1713 1762/1762/1762 1763/1763/1763
f 1763/1763/1763 1714/1714/1714 1713/1713/1713
f 1714/1714/1714 1763/1763/1763 1764/1764/1764
f 1764/1764/1764 1715/1715/1715 1714/1714/1714
f 1715/1715/1715 1764/1764/1764 1765/1765/1765
f 1765/1765/1765 1716/1716/1716 1715/1715/1715
f 1716/1716/1716 1765/1765/1765 1766/1766/1766
f 1766/1766/1766 1717/1717/1717 1716/1716/1716
f 1717/1717/1717 1766/1766/1766 1767/1767/1767
f 1767/1767/1767 1681/1681/1681 1717/1717/1717
f 1681/1681/1681 1767/1767/1767 1768/1768/1768
f 1768/1768/1768 1679/1679/1679 1681/1681/1681
f 1679/1679/1679 1768/1768/1768 1678/1678/1678
f 1769/1769/1769 1678/1678/1678 1768/1768/1768
f 1678/1678/1678 1769/1769/1769 1770/1770/1770
f 1770/1770/1770 1677/1677/1677 1678/1678/1678
f 1677/1677/1677 1770/1770/1770 1771/1771/1771
f 1771/1771/1771 1674/1674/1674 1677/1677/1677
f 1674/1674/1674 1771/1771/1771 1772/1772/1772
f 1772/1772/1772 1673/1673/1673 1674/1674/1674
f 1773/1773/1773 1768/1768/1768 1767/1767/1767
f 1768/1768/1768 1773/1773/1773 1769/1769/1769
f 1774/1774/1774 1767/1767/1767 1766/1766/1766
f 1767/1767/1767 1774/1774/1774 1773/1773/1773
f 1766/1766/1766 1775/1775/1775 1774/1774/1774
f 1775/1775/1775 1766/1766/1766 1765/1765/1765
f 1765/1765/1765 1776/1776/1776 1775/1775/1775
f 1776/1776/1776 1765/1765/1765 1764/1764/1764
f 1764/1764/1764 1777/1777/1777 1776/1776/1776
f 1777/1777/1777 1764/1764/1764 1763/1763/1763
f 1763/1763/1763 1778/1778/1778 1777/1777/1777
f 1778/1778/1778 1763/1763/1763 1762/1762/1762
f 1762/1762/1762 1779/1779/1779 1778/1778/1778
f 1779/1779/1779 1762/1762/1762 1761/1761/1761
f 1761/1761/1761 1780/1780/1780 1779/1779/1779
f 1780/1780/1780 1761/1761/1761 1760/1760/1760
f 1760/1760/1760 1781/1781/1781 1780/1780/1780
f 1781/1781/1781 1760/1760/1760 1759/1759/1759
f 1759/1759/1759 1782/1782/1782 1781/1781/1781
f 1782/1782/1782 1759/1759/1759 1758/1758/1758
f 1758/1758/1758 1783/1783/1783 1782/1782/1782
f 1783/1783/1783 1758/1758/1758 1757/1757/1757
f 1757/1757/1757 1784/1784/1784 1783/1783/1783
f 1784/1784/1784 1757/1757/1757 1756/1756/1756
f 1756/1756/1756 1785/1785/1785 1784/1784/1784
f 1785/1785/1785 1756/1756/1756 1755/1755/1755
f 1755/1755/1755 1786/1786/1786 1785/1785/1785
f 1786/1786/1786 1755/1755/1755 1754/1754/1754
f 1754/1754/1754 1787/1787/1787 1786/1786/1786
f 1787/1787/1787 1754/1754/1754 1753/1753/1753
f 1753/1753/1753 1788/1788/1788 1787/1787/1787
f 1789/1789/1789 1781/1781/1781 1782/1782/1782
f 1781/1781/1781 1789/1789/1789 1790/1790/1790
f 1790/1790/1790 1780/1780/1780 1781/1781/1781
f 1780/1780/1780 1790/1790/1790 1791/1791/1791
f 1791/1791/1791 1779/1779/1779 1780/1780/1780
f 1779/1779/1779 1791/1791/1791 1792/1792/1792
f 1792/1792/1792 1778/1778/1778 1779/1779/1779
f 1778/1778/1778 1792/1792/1792 1793/1793/1793
f 1793/1793/1793 1777/1777/1777 1778/1778/1778
f 1777/1777/1777 1793/1793/1793 1794/1794/1794
f 1794/1794/1794 1776/1776/1776 1777/1777/1777
f 1776/1776/1776 1794/1794/1794 1795/1795/1795
f 1795/1795/1795 1775/1775/1775 1776/1776/1776
f 1775/1775/1775 1795/1795/1795 1796/1796/1796
f 1796/1796/1796 1774/1774/1774 1775/1775/1775
f 1774/1774/1774 1796/1796/1796 1797/1797/1797
f 1797/1797/1797 1773/1773/1773 1774/1774/1774
f 1773/1773/1773 1797/1797/1797 1798/1798/1798
f 1798/1798/1798 1769/1769/1769 1773/1773/1773
f 1769/1769/1769 1798/1798/1798 1799/1799/1799
f 1799/1799/1799 1770/1770/1770 1769/1769/1769
f 1770/1770/1770 1799/1799/1799 1800/1800/1800
f 1800/1800/1800 1771/1771/1771 1770/1770/1770
f 1771/1771/1771 1800/1800/1800 1801/1801/1801
f 1801/1801/1801 1802/1802/1802 1771/1771/1771
f 1803/1803/1803 1801/1801/1801 1800/1800/1800
f 1801/1801/1801 1803/1803/1803 1804/1804/1804
f 1804/1804/1804 1805/1805/1805 1801/1801/1801
f 1806/1806/1806 1800/1800/1800 1799/1799/1799
f 1800/1800/1800 1806/1806/1806 1803/1803/1803
f 1807/1807/1807 1799/1799/1799 1798/1798/1798
f 1799/1799/1799 1807/1807/1807 1806/1806/1806
f 1808/1808/1808 1798/1798/1798 1797/1797/1797
f 1798/1798/1798 1808/1808/1808 1807/1807/1807
f 1797/1797/1797 1809/1809/1809 1808/1808/1808
f 1809/1809/1809 1797/1797/1797 1796/1796/1796
f 1796/1796/1796 1810/1810/1810 1809/1809/1809
f 1810/1810/1810 1796/1796/1796 1795/1795/1795
f 1795/1795/1795 1811/1811/1811 1810/1810/1810
f 1811/1811/1811 1795/1795/1795 1794/1794/1794
f 1794/1794/1794 1812/1812/1812 1811/1811/1811
f 1812/1812/1812 1794/1794/1794 1793/1793/1793
f 1793/1793/1793 1813/1813/1813 1812/1812/1812
f 1813/1813/1813 1793/1793/1793 1792/1792/1792
f 1792/1792/1792 1814/1814/1814 1813/1813/1813
f 1814/1814/1814 1792/1792/1792 1791/1791/1791
f 1791/1791/1791 1815/1815/1815 1814/1814/1814
f 1815/1815/1815 1791/1791/1791 1790/1790/1790
f 1790/1790/1790 1816/1816/1816 1815/1815/1815
f 1816/1816/1816 1790/1790/1790 1789/1789/1789
f 1789/1789/1789 1817/1817/1817 1816/1816/1816
f 1817/1817/1817 1789/1789/1789 1818/1818/1818
f 1782/1782/1782 1818/1818/1818 1789/1789/1789
f 1818/1818/1818 1782/1782/1782 1783/1783/1783
f 1783/1783/1783 1819/1819/1819 1818/1818/1818
f 1819/1819/1819 1783/1783/1783 1784/1784/1784
f 1784/1784/1784 1820/1820/1820 1819/1819/1819
f 1820/1820/1820 1784/1784/1784 1785/1785/1785
f 1785/1785/1785 1821/1821/1821 1820/1820/1820
f 1821/1821/1821 1785/1785/1785 1786/1786/1786
f 1786/1786/1786 1822/1822/1822 1821/1821/1821
f 1822/1822/1822 1786/1786/1786 1787/1787/1787
f 1787/1787/1787 1823/1823/1823 1822/1822/1822
f 1823/1823/1823 1787/1787/1787 1824/1824/1824
f 1824/1824/1824 1825/1825/1825 1823/1823/1823
f 1826/1826/1826 1818/1818/1818 1819/1819/1819
f 1818/1818/1818 1826/1826/1826 1817/1817/1817
f 1827/1827/1827 1819/1819/1819 1820/1820/1820
f 1819/1819/1819 1827/1827/1827 1826/1826/1826
f 1828/1828/1828 1820/1820/1820 1821/1821/1821
f 1820/1820/1820 1828/1828/1828 1827/1827/1827
f 1829/1829/1829 1821/1821/1821 1822/1822/1822
f 1821/1821/1821 1829/1829/1829 1828/1828/1828
f 1830/1830/1830 1822/1822/1822 1823/1823/1823
f 1822/1822/1822 1830/1830/1830 1829/1829/1829
f 1831/1831/1831 1823/1823/1823 1825/1825/1825
f 1823/1823/1823 1831/1831/1831 1830/1830/1830
f 1825/1825/1825 1832/1832/1832 1831/1831/1831
f 1832/1832/1832 1825/1825/1825 1833/1833/1833
f 1834/1834/1834 1833/1833/1833 1825/1825/1825
f 1752/1752/1752 1834/1834/1834 1824/1824/1824
f 1824/1824/1824 1753/1753/1753 1752/1752/1752
f 1834/1834/1834 1752/1752/1752 1835/1835/1835
f 1751/1751/1751 1835/1835/1835 1752/1752/1752
f 1835/1835/1835 1751/1751/1751 1750/1750/1750
f 1750/1750/1750 1836/1836/1836 1835/1835/1835
f 1836/1836/1836 1750/1750/1750 1749/1749/1749
f 1749/1749/1749 1837/1837/1837 1836/1836/1836
f 1837/1837/1837 1749/1749/1749 1748/1748/1748
f 1748/1748/1748 1747/1747/1747 1837/1837/1837
f 1838/1838/1838 1835/1835/1835 1836/1836/1836
f 1835/1835/1835 1838/1838/1838 1834/1834/1834
f 1833/1833/1833 1834/1834/1834 1838/1838/1838
f 1839/1839/1839 1836/1836/1836 1837/1837/1837
f 1836/1836/1836 1839/1839/1839 1838/1838/1838
f 1840/1840/1840 1837/1837/1837 1747/1747/1747
f 1837/1837/1837 1840/1840/1840 1839/1839/1839
f 1747/1747/1747 1841/1841/1841 1840/1840/1840
f 1841/1841/1841 1747/1747/1747 1746/1746/1746
f 1746/1746/1746 1842/1842/1842 1841/1841/1841
f 1842/1842/1842 1746/1746/1746 1843/1843/1843
f 1742/1742/1742 1843/1843/1843 1746/1746/1746
f 1843/1843/1843 1742/1742/1742 1743/1743/1743
f 1743/1743/1743 1844/1844/1844 1843/1843/1843
f 1844/1844/1844 1743/1743/1743 1744/1744/1744
f 1744/1744/1744 1845/1845/1845 1844/1844/1844
f 1845/1845/1845 1744/1744/1744 1745/1745/1745
f 1846/1846/1846 1843/1843/1843 1844/1844/1844
f 1843/1843/1843 1846/1846/1846 1842/1842/1842
f 1847/1847/1847 1844/1844/1844 1845/1845/1845
f 1844/1844/1844 1847/1847/1847 1846/1846/1846
f 1848/1848/1848 1838/1838/1838 1839/1839/1839
f 1838/1838/1838 1848/1848/1848 1833/1833/1833
f 1849/1849/1849 1840/1840/1840 1841/1841/1841
f 1850/1850/1850 1841/1841/1841 1842/1842/1842
f 1841/1841/1841 1850/1850/1850 1849/1849/1849
f 1851/1851/1851 1842/1842/1842 1846/1846/1846
f 1842/1842/1842 1851/1851/1851 1850/1850/1850
f 1852/1852/1852 1846/1846/1846 1847/1847/1847
f 1846/1846/1846 1852/1852/1852 1851/1851/1851
f 1853/1853/1853 1833/1833/1833 1848/1848/1848
f 1833/1833/1833 1853/1853/1853 1832/1832/1832
f 1848/1848/1848 1854/1854/1854 1853/1853/1853
f 1854/1854/1854 1848/1848/1848 1855/1855/1855
f 1839/1839/1839 1855/1855/1855 1848/1848/1848
f 1855/1855/1855 1839/1839/1839 1840/1840/1840
f 1840/1840/1840 1849/1849/1849 1855/1855/1855
f 1856/1856/1856 1855/1855/1855 1849/1849/1849
f 1855/1855/1855 1856/1856/1856 1854/1854/1854
f 1857/1857/1857 1849/1849/1849 1850/1850/1850
f 1849/1849/1849 1857/1857/1857 1856/1856/1856
f 1858/1858/1858 1850/1850/1850 1851/1851/1851
f 1850/1850/1850 1858/1858/1858 1857/1857/1857
f 1859/1859/1859 1851/1851/1851 1852/1852/1852
f 1851/1851/1851 1859/1859/1859 1858/1858/1858
f 1860/1860/1860 1832/1832/1832 1853/1853/1853
f 1832/1832/1832 1860/1860/1860 1861/1861/1861
f 1861/1861/1861 1831/1831/1831 1832/1832/1832
f 1831/1831/1831 1861/1861/1861 1862/1862/1862
f 1862/1862/1862 1830/1830/1830 1831/1831/1831
f 1830/1830/1830 1862/1862/1862 1863/1863/1863
f 1863/1863/1863 1829/1829/1829 1830/1830/1830
f 1829/1829/1829 1863/1863/1863 1864/1864/1864
f 1864/1864/1864 1828/1828/1828 1829/1829/1829
f 1828/1828/1828 1864/1864/1864 1865/1865/1865
f 1865/1865/1865 1827/1827/1827 1828/1828/1828
f 1827/1827/1827 1865/1865/1865 1866/1866/1866
f 1866/1866/1866 1826/1826/1826 1827/1827/1827
f 1826/1826/1826 1866/1866/1866 1867/1867/1867
f 1867/1867/1867 1817/1817/1817 1826/1826/1826
f 1817/1817/1817 1867/1867/1867 1868/1868/1868
f 1868/1868/1868 1816/1816/1816 1817/1817/1817
f 1816/1816/1816 1868/1868/1868 1869/1869/1869
f 1869/1869/1869 1815/1815/1815 1816/1816/1816
f 1815/1815/1815 1869/1869/1869 1870/1870/1870
f 1870/1870/1870 1814/1814/1814 1815/1815/1815
f 1814/1814/1814 1870/1870/1870 1871/1871/1871
f 1871/1871/1871 1813/1813/1813 1814/1814/1814
f 1813/1813/1813 1871/1871/1871 1872/1872/1872
f 1872/1872/1872 1812/1812/1812 1813/1813/1813
f 1812/1812/1812 1872/1872/1872 1873/1873/1873
f 1873/1873/1873 1811/1811/1811 1812/1812/1812
f 1811/1811/1811 1873/1873/1873 1874/1874/1874
f 1874/1874/1874 1810/1810/1810 1811/1811/1811
f 1810/1810/1810 1874/1874/1874 1875/1875/1875
f 1876/1876/1876 1875/1875/1875 1874/1874/1874
f 1875/1875/1875 1876/1876/1876 1877/1877/1877
f 1877/1877/1877 1878/1878/1878 1875/1875/1875
f 1878/1878/1878 1877/1877/1877 1879/1879/1879
f 1879/1879/1879 1880/1880/1880 1878/1878/1878
f 1808/1808/1808 1878/1878/1878 1880/1880/1880
f 1880/1880/1880 1807/1807/1807 1808/1808/1808
f 1807/1807/1807 1880/1880/1880 1881/1881/1881
f 1881/1881/1881 1806/1806/1806 1807/1807/1807
f 1806/1806/1806 1881/1881/1881 1882/1882/1882
f 1882/1882/1882 1803/1803/1803 1806/1806/1806
f 1803/1803/1803 1882/1882/1882 1883/1883/1883
f 1883/1883/1883 1804/1804/1804 1803/1803/1803
f 1804/1804/1804 1883/1883/1883 1884/1884/1884
f 1884/1884/1884 1885/1885/1885 1804/1804/1804
f 1885/1885/1885 1884/1884/1884 1886/1886/1886
f 1878/1878/1878 1808/1808/1808 1809/1809/1809
f 1887/1887/1887 1884/1884/1884 1883/1883/1883
f 1884/1884/1884 1887/1887/1887 1888/1888/1888
f 1888/1888/1888 1889/1889/1889 1884/1884/1884
f 1889/1889/1889 1888/1888/1888 1890/1890/1890
f 1890/1890/1890 1891/1891/1891 1886/1886/1886
f 1891/1891/1891 1890/1890/1890 1892/1892/1892
f 1892/1892/1892 1893/1893/1893 1891/1891/1891
f 1894/1894/1894 1891/1891/1891 1893/1893/1893
f 1893/1893/1893 1895/1895/1895 1894/1894/1894
f 1896/1896/1896 1894/1894/1894 1895/1895/1895
f 1895/1895/1895 1897/1897/1897 1896/1896/1896
f 1898/1898/1898 1896/1896/1896 1897/1897/1897
f 1896/1896/1896 1898/1898/1898 1899/1899/1899
f 1671/1671/1671 1899/1899/1899 1898/1898/1898
f 1899/1899/1899 1671/1671/1671 1670/1670/1670
f 1670/1670/1670 1900/1900/1900 1899/1899/1899
f 1900/1900/1900 1670/1670/1670 1672/1672/1672
f 1672/1672/1672 1901/1901/1901 1900/1900/1900
f 1901/1901/1901 1672/1672/1672 1673/1673/1673
f 1673/1673/1673 1902/1902/1902 1901/1901/1901
f 1903/1903/1903 1899/1899/1899 1900/1900/1900
f 1899/1899/1899 1903/1903/1903 1896/1896/1896
f 1894/1894/1894 1896/1896/1896 1903/1903/1903
f 1904/1904/1904 1900/1900/1900 1901/1901/1901
f 1900/1900/1900 1904/1904/1904 1903/1903/1903
f 1901/1901/1901 1905/1905/1905 1904/1904/1904
f 1897/1897/1897 1895/1895/1895 1906/1906/1906
f 1907/1907/1907 1903/1903/1903 1904/1904/1904
f 1903/1903/1903 1907/1907/1907 1894/1894/1894
f 1904/1904/1904 1908/1908/1908 1907/1907/1907
f 1891/1891/1891 1894/1894/1894 1907/1907/1907
f 1907/1907/1907 1909/1909/1909 1891/1891/1891
f 1909/1909/1909 1907/1907/1907 1910/1910/1910
f 1910/1910/1910 1904/1904/1904 1911/1911/1911
f 1911/1911/1911 1901/1901/1901 1772/1772/1772
f 1772/1772/1772 1801/1801/1801 1911/1911/1911
f 1911/1911/1911 1804/1804/1804 1910/1910/1910
f 1912/1912/1912 1906/1906/1906 1895/1895/1895
f 1906/1906/1906 1912/1912/1912 1913/1913/1913
f 1895/1895/1895 1893/1893/1893 1912/1912/1912
f 1914/1914/1914 1913/1913/1913 1912/1912/1912
f 1913/1913/1913 1914/1914/1914 1915/1915/1915
f 1916/1916/1916 1912/1912/1912 1893/1893/1893
f 1912/1912/1912 1916/1916/1916 1914/1914/1914
f 1893/1893/1893 1892/1892/1892 1916/1916/1916
f 1917/1917/1917 1915/1915/1915 1914/1914/1914
f 1916/1916/1916 1917/1917/1917 1914/1914/1914
f 1917/1917/1917 1916/1916/1916 1918/1918/1918
f 1892/1892/1892 1918/1918/1918 1916/1916/1916
f 1918/1918/1918 1892/1892/1892 1919/1919/1919
f 1890/1890/1890 1919/1919/1919 1892/1892/1892
f 1919/1919/1919 1890/1890/1890 1920/1920/1920
f 1888/1888/1888 1921/1921/1921 1890/1890/1890
f 1923/1923/1923 1888/1888/1888 1922/1922/1922
f 1887/1887/1887 1922/1922/1922 1888/1888/1888
f 1922/1922/1922 1887/1887/1887 1924/1924/1924
f 1925/1925/1925 1924/1924/1924 1887/1887/1887
f 1883/1883/1883 1925/1925/1925 1887/1887/1887
f 1925/1925/1925 1883/1883/1883 1882/1882/1882
f 1882/1882/1882 1926/1926/1926 1925/1925/1925
f 1926/1926/1926 1882/1882/1882 1881/1881/1881
f 1881/1881/1881 1927/1927/1927 1926/1926/1926
f 1927/1927/1927 1881/1881/1881 1880/1880/1880
f 1880/1880/1880 1879/1879/1879 1927/1927/1927
f 1924/1924/1924 1925/1925/1925 1928/1928/1928
f 1926/1926/1926 1928/1928/1928 1925/1925/1925
f 1928/1928/1928 1926/1926/1926 1929/1929/1929
f 1927/1927/1927 1929/1929/1929 1926/1926/1926
f 1929/1929/1929 1927/1927/1927 1930/1930/1930
f 1879/1879/1879 1930/1930/1930 1927/1927/1927
f 1930/1930/1930 1879/1879/1879 1931/1931/1931
f 1877/1877/1877 1931/1931/1931 1879/1879/1879
f 1931/1931/1931 1877/1877/1877 1932/1932/1932
f 1876/1876/1876 1932/1932/1932 1877/1877/1877
f 1932/1932/1932 1876/1876/1876 1933/1933/1933
f 1934/1934/1934 1933/1933/1933 1876/1876/1876
f 1874/1874/1874 1934/1934/1934 1876/1876/1876
f 1934/1934/1934 1874/1874/1874 1873/1873/1873
f 1873/1873/1873 1935/1935/1935 1934/1934/1934
f 1935/1935/1935 1873/1873/1873 1872/1872/1872
f 1872/1872/1872 1936/1936/1936 1935/1935/1935
f 1936/1936/1936 1872/1872/1872 1871/1871/1871
f 1871/1871/1871 1937/1937/1937 1936/1936/1936
f 1937/1937/1937 1871/1871/1871 1870/1870/1870
f 1870/1870/1870 1938/1938/1938 1937/1937/1937
f 1938/1938/1938 1870/1870/1870 1869/1869/1869
f 1869/1869/1869 1939/1939/1939 1938/1938/1938
f 1939/1939/1939 1869/1869/1869 1868/1868/1868
f 1868/1868/1868 1940/1940/1940 1939/1939/1939
f 1940/1940/1940 1868/1868/1868 1867/1867/1867
f 1867/1867/1867 1941/1941/1941 1940/1940/1940
f 1941/1941/1941 1867/1867/1867 1866/1866/1866
f 1866/1866/1866 1942/1942/1942 1941/1941/1941
f 1942/1942/1942 1866/1866/1866 1865/1865/1865
f 1865/1865/1865 1943/1943/1943 1942/1942/1942
f 1943/1943/1943 1865/1865/1865 1864/1864/1864
f 1864/1864/1864 1944/1944/1944 1943/1943/1943
f 1944/1944/1944 1864/1864/1864 1863/1863/1863
f 1863/1863/1863 1945/1945/1945 1944/1944/1944
f 1945/1945/1945 1863/1863/1863 1862/1862/1862
f 1862/1862/1862 1946/1946/1946 1945/1945/1945
f 1946/1946/1946 1862/1862/1862 1861/1861/1861
f 1861/1861/1861 1947/1947/1947 1946/1946/1946
f 1947/1947/1947 1861/1861/1861 1860/1860/1860
f 1860/1860/1860 1948/1948/1948 1947/1947/1947
f 1948/1948/1948 1860/1860/1860 1949/1949/1949
f 1853/1853/1853 1949/1949/1949 1860/1860/1860
f 1949/1949/1949 1853/1853/1853 1854/1854/1854
f 1854/1854/1854 1950/1950/1950 1949/1949/1949
f 1950/1950/1950 1854/1854/1854 1856/1856/1856
f 1856/1856/1856 1951/1951/1951 1950/1950/1950
f 1951/1951/1951 1856/1856/1856 1857/1857/1857
f 1857/1857/1857 1952/1952/1952 1951/1951/1951
f 1952/1952/1952 1857/1857/1857 1858/1858/1858
f 1858/1858/1858 1953/1953/1953 1952/1952/1952
f 1953/1953/1953 1858/1858/1858 1859/1859/1859
f 1954/1954/1954 1949/1949/1949 1950/1950/1950
f 1949/1949/1949 1954/1954/1954 1948/1948/1948
f 1955/1955/1955 1950/1950/1950 1951/1951/1951
f 1950/1950/1950 1955/1955/1955 1954/1954/1954
f 1956/1956/1956 1951/1951/1951 1952/1952/1952
f 1951/1951/1951 1956/1956/1956 1955/1955/1955
f 1957/1957/1957 1952/1952/1952 1953/1953/1953
f 1952/1952/1952 1957/1957/1957 1956/1956/1956
f 1954/1954/1954 1958/1958/1958 1948/1948/1948
f 1958/1958/1958 1954/1954/1954 1959/1959/1959
f 1955/1955/1955 1959/1959/1959 1954/1954/1954
f 1959/1959/1959 1955/1955/1955 1960/1960/1960
f 1956/1956/1956 1960/1960/1960 1955/1955/1955
f 1960/1960/1960 1956/1956/1956 1961/1961/1961
f 1957/1957/1957 1961/1961/1961 1956/1956/1956
f 1962/1962/1962 1948/1948/1948 1958/1958/1958
f 1948/1948/1948 1962/1962/1962 1947/1947/1947
f 1963/1963/1963 1947/1947/1947 1962/1962/1962
f 1947/1947/1947 1963/1963/1963 1946/1946/1946
f 1964/1964/1964 1946/1946/1946 1963/1963/1963
f 1946/1946/1946 1964/1964/1964 1945/1945/1945
f 1965/1965/1965 1945/1945/1945 1964/1964/1964
f 1945/1945/1945 1965/1965/1965 1944/1944/1944
f 1966/1966/1966 1944/1944/1944 1965/1965/1965
f 1944/1944/1944 1966/1966/1966 1943/1943/1943
f 1967/1967/1967 1943/1943/1943 1966/1966/1966
f 1943/1943/1943 1967/1967/1967 1942/1942/1942
f 1968/1968/1968 1942/1942/1942 1967/1967/1967
f 1942/1942/1942 1968/1968/1968 1941/1941/1941
f 1969/1969/1969 1941/1941/1941 1968/1968/1968
f 1941/1941/1941 1969/1969/1969 1940/1940/1940
f 1970/1970/1970 1940/1940/1940 1969/1969/1969
f 1940/1940/1940 1970/1970/1970 1939/1939/1939
f 1971/1971/1971 1939/1939/1939 1970/1970/1970
f 1939/1939/1939 1971/1971/1971 1938/1938/1938
f 1972/1972/1972 1938/1938/1938 1971/1971/1971
f 1938/1938/1938 1972/1972/1972 1937/1937/1937
f 1973/1973/1973 1937/1937/1937 1972/1972/1972
f 1937/1937/1937 1973/1973/1973 1936/1936/1936
f 1974/1974/1974 1936/1936/1936 1973/1973/1973
f 1936/1936/1936 1974/1974/1974 1935/1935/1935
f 1975/1975/1975 1935/1935/1935 1974/1974/1974
f 1935/1935/1935 1975/1975/1975 1934/1934/1934
f 1933/1933/1933 1934/1934/1934 1975/1975/1975
f 1977/1977/1977 1/1/1 1976/1976/1976
f 1978/1978/1978 92/92/92 1977/1977/1977
f 1977/1977/1977 91/91/91 7/7/7
f 1980/1980/1980 95/95/95 1979/1979/1979
f 1979/1979/1979 1981/1981/1981 1980/1980/1980
f 1983/1983/1983 111/111/111 1982/1982/1982
f 1982/1982/1982 1984/1984/1984 1983/1983/1983
f 122/122/122 1985/1985/1985 127/127/127
f 1987/1987/1987 1986/1986/1986 98/98/98
f 98/98/98 84/84/84 1987/1987/1987
f 1987/1987/1987 82/82/82 21/21/21
f 1989/1989/1989 1988/1988/1988 82/82/82
f 73/73/73 69/69/69 1990/1990/1990
f 1991/1991/1991 713/713/713 712/712/712
f 713/713/713 1991/1991/1991 1992/1992/1992
f 712/712/712 1993/1993/1993 1991/1991/1991
f 1993/1993/1993 712/712/712 714/714/714
f 714/714/714 1994/1994/1994 1993/1993/1993
f 1995/1995/1995 1992/1992/1992 1991/1991/1991
f 1996/1996/1996 1991/1991/1991 1993/1993/1993
f 1991/1991/1991 1996/1996/1996 1995/1995/1995
f 1993/1993/1993 1997/1997/1997 1996/1996/1996
f 1998/1998/1998 1996/1996/1996 1997/1997/1997
f 1999/1999/1999 714/714/714 715/715/715
f 2000/2000/2000 1993/1993/1993 1999/1999/1999
f 1992/1992/1992 2002/2002/2002 2001/2001/2001
f 2003/2003/2003 2001/2001/2001 1995/1995/1995
f 2004/2004/2004 2002/2002/2002 1996/1996/1996
f 1996/1996/1996 2005/2005/2005 2004/2004/2004
f 2001/2001/2001 2007/2007/2007 2006/2006/2006
f 2009/2009/2009 2006/2006/2006 2008/2008/2008
f 2011/2011/2011 2010/2010/2010 2008/2008/2008
f 2006/2006/2006 2013/2013/2013 2012/2012/2012
f 2004/2004/2004 2015/2015/2015 2014/2014/2014
f 2009/2009/2009 2017/2017/2017 2016/2016/2016
f 2019/2019/2019 2016/2016/2016 2018/2018/2018
f 2021/2021/2021 2014/2014/2014 2020/2020/2020
f 2014/2014/2014 2023/2023/2023 2022/2022/2022
f 2025/2025/2025 2024/2024/2024 2021/2021/2021
f 2024/2024/2024 2027/2027/2027 2026/2026/2026
f 2026/2026/2026 2029/2029/2029 2028/2028/2028
f 2031/2031/2031 2028/2028/2028 2030/2030/2030
f 1019/1019/1019 2032/2032/2032 2024/2024/2024
f 2032/2032/2032 1019/1019/1019 2033/2033/2033
f 2022/2022/2022 2034/2034/2034 1019/1019/1019
f 2032/2032/2032 2036/2036/2036 2035/2035/2035
f 2033/2033/2033 2038/2038/2038 2037/2037/2037
f 2040/2040/2040 1019/1019/1019 2039/2039/2039
f 2043/2043/2043 2042/2042/2042 2041/2041/2041
f 2044/2044/2044 852/852/852 950/950/950
f 2047/2047/2047 2046/2046/2046 2045/2045/2045
f 2049/2049/2049 2045/2045/2045 2048/2048/2048
f 2045/2045/2045 2051/2051/2051 2050/2050/2050
f 2052/2052/2052 2050/2050/2050 2049/2049/2049
f 2049/2049/2049 2053/2053/2053 2052/2052/2052
f 2055/2055/2055 1018/1018/1018 2054/2054/2054
f 2056/2056/2056 952/952/952 1017/1017/1017
f 2058/2058/2058 1026/1026/1026 2057/2057/2057
f 2059/2059/2059 2057/2057/2057 1026/1026/1026
f 2057/2057/2057 1029/1029/1029 2060/2060/2060
f 2062/2062/2062 2060/2060/2060 2061/2061/2061
f 2060/2060/2060 2062/2062/2062 2063/2063/2063
f 2064/2064/2064 1028/1028/1028 2062/2062/2062
f 2066/2066/2066 1025/1025/1025 2065/2065/2065
f 2069/2069/2069 2068/2068/2068 2067/2067/2067
f 2067/2067/2067 2070/2070/2070 2069/2069/2069
f 2073/2073/2073 2072/2072/2072 2071/2071/2071
f 1171/1171/1171 1230/1230/1230 2074/2074/2074
f 1677/1677/1677 2076/2076/2076 2075/2075/2075
f 1825/1825/1825 2077/2077/2077 1834/1834/1834
f 2079/2079/2079 2078/2078/2078 1810/1810/1810
f 2081/2081/2081 2080/2080/2080 1878/1878/1878
f 2084/2084/2084 2083/2083/2083 2082/2082/2082
f 2087/2087/2087 2086/2086/2086 2085/2085/2085
f 2086/2086/2086 2087/2087/2087 2088/2088/2088
f 2089/2089/2089 2087/2087/2087 2085/2085/2085
f 2087/2087/2087 2089/2089/2089 2090/2090/2090
f 2089/2089/2089 2092/2092/2092 2091/2091/2091
f 2095/2095/2095 2094/2094/2094 2093/2093/2093
f 2098/2098/2098 2097/2097/2097 2096/2096/2096
f 2098/2098/2098 2100/2100/2100 2099/2099/2099
f 2103/2103/2103 2102/2102/2102 2101/2101/2101
f 2102/2102/2102 2103/2103/2103 2104/2104/2104
f 2104/2104/2104 2105/2105/2105 2102/2102/2102
f 2105/2105/2105 2104/2104/2104 2106/2106/2106
f 2106/2106/2106 2107/2107/2107 2105/2105/2105
f 2107/2107/2107 2106/2106/2106 2108/2108/2108
f 2109/2109/2109 2106/2106/2106 2104/2104/2104
f 2112/2112/2112 2111/2111/2111 2110/2110/2110
f 2114/2114/2114 2111/2111/2111 2113/2113/2113
f 2117/2117/2117 2116/2116/2116 2115/2115/2115
f 2120/2120/2120 2119/2119/2119 2118/2118/2118
f 2123/2123/2123 2122/2122/2122 2121/2121/2121
f 2122/2122/2122 2125/2125/2125 2124/2124/2124
f 2124/2124/2124 2126/2126/2126 2122/2122/2122
f 2124/2124/2124 2125/2125/2125 2127/2127/2127
f 2124/2124/2124 2127/2127/2127 2128/2128/2128
f 2128/2128/2128 2129/2129/2129 2124/2124/2124
f 2124/2124/2124 2130/2130/2130 2126/2126/2126
f 2130/2130/2130 2124/2124/2124 2129/2129/2129
f 2133/2133/2133 2132/2132/2132 2131/2131/2131
f 2134/2134/2134 2131/2131/2131 2132/2132/2132
f 2131/2131/2131 2134/2134/2134 2135/2135/2135
f 2137/2137/2137 2136/2136/2136 2133/2133/2133
f 2136/2136/2136 2137/2137/2137 2138/2138/2138
f 2140/2140/2140 2139/2139/2139 2136/2136/2136
f 2143/2143/2143 2142/2142/2142 2141/2141/2141
f 2144/2144/2144 2141/2141/2141 2142/2142/2142
f 2147/2147/2147 2146/2146/2146 2145/2145/2145
f 2150/2150/2150 2149/2149/2149 2148/2148/2148
f 2152/2152/2152 2151/2151/2151 2150/2150/2150
f 2154/2154/2154 2152/2152/2152 2153/2153/2153
f 2156/2156/2156 2153/2153/2153 2155/2155/2155
f 2157/2157/2157 2156/2156/2156 2155/2155/2155
f 2153/2153/2153 2156/2156/2156 2158/2158/2158
f 2160/2160/2160 2150/2150/2150 2159/2159/2159
f 2162/2162/2162 2161/2161/2161 2158/2158/2158
f 2162/2162/2162 2164/2164/2164 2163/2163/2163
f 2159/2159/2159 2166/2166/2166 2165/2165/2165
f 2165/2165/2165 2168/2168/2168 2167/2167/2167
f 2171/2171/2171 2170/2170/2170 2169/2169/2169
f 2173/2173/2173 2172/2172/2172 2171/2171/2171
f 2173/2173/2173 2171/2171/2171 2174/2174/2174
f 2177/2177/2177 2176/2176/2176 2175/2175/2175
f 2178/2178/2178 2177/2177/2177 2175/2175/2175
f 2177/2177/2177 2178/2178/2178 2179/2179/2179
f 2176/2176/2176 2181/2181/2181 2180/2180/2180
f 2184/2184/2184 2183/2183/2183 2182/2182/2182
f 2187/2187/2187 2186/2186/2186 2185/2185/2185
f 2188/2188/2188 2185/2185/2185 2186/2186/2186
f 2189/2189/2189 2185/2185/2185 2188/2188/2188
f 2191/2191/2191 2188/2188/2188 2190/2190/2190
f 2190/2190/2190 2192/2192/2192 2186/2186/2186
f 2195/2195/2195 2194/2194/2194 2193/2193/2193
f 2198/2198/2198 2197/2197/2197 2196/2196/2196
f 2196/2196/2196 2197/2197/2197 2199/2199/2199
f 2197/2197/2197 2201/2201/2201 2200/2200/2200
f 2201/2201/2201 2197/2197/2197 2202/2202/2202
f 2201/2201/2201 2204/2204/2204 2203/2203/2203
f 2197/2197/2197 2206/2206/2206 2205/2205/2205
f 2205/2205/2205 2206/2206/2206 2207/2207/2207
f 2208/2208/2208 2207/2207/2207 2206/2206/2206
f 2209/2209/2209 2207/2207/2207 2208/2208/2208
f 2207/2207/2207 2210/2210/2210 2205/2205/2205
f 2211/2211/2211 2209/2209/2209 2208/2208/2208
f 2209/2209/2209 2212/2212/2212 2207/2207/2207
f 2209/2209/2209 2213/2213/2213 2212/2212/2212
f 2214/2214/2214 2212/2212/2212 2213/2213/2213
f 2212/2212/2212 2214/2214/2214 2215/2215/2215
f 2207/2207/2207 2212/2212/2212 2216/2216/2216
f 2213/2213/2213 2209/2209/2209 2217/2217/2217
f 2217/2217/2217 2218/2218/2218 2213/2213/2213
f 2213/2213/2213 2218/2218/2218 2219/2219/2219
f 2218/2218/2218 2217/2217/2217 2220/2220/2220
f 2220/2220/2220 2217/2217/2217 2221/2221/2221
f 2208/2208/2208 2206/2206/2206 2222/2222/2222
f 2209/2209/2209 2211/2211/2211 2223/2223/2223
f 2225/2225/2225 2224/2224/2224 2214/2214/2214
f 2214/2214/2214 2226/2226/2226 2225/2225/2225
f 2214/2214/2214 2228/2228/2228 2227/2227/2227
f 2230/2230/2230 2228/2228/2228 2229/2229/2229
f 2223/2223/2223 2232/2232/2232 2231/2231/2231
f 2235/2235/2235 2234/2234/2234 2233/2233/2233
f 2238/2238/2238 2237/2237/2237 2236/2236/2236
f 2240/2240/2240 2236/2236/2236 2239/2239/2239
f 2243/2243/2243 2242/2242/2242 2241/2241/2241
f 2243/2243/2243 2241/2241/2241 2244/2244/2244
f 2243/2243/2243 2244/2244/2244 2245/2245/2245
f 2245/2245/2245 2244/2244/2244 2246/2246/2246
f 2247/2247/2247 2245/2245/2245 2246/2246/2246
f 2245/2245/2245 2247/2247/2247 2248/2248/2248
f 2250/2250/2250 2249/2249/2249 2247/2247/2247
f 2252/2252/2252 2250/2250/2250 2251/2251/2251
f 2252/2252/2252 2253/2253/2253 2250/2250/2250
f 2255/2255/2255 2254/2254/2254 2242/2242/2242
f 2242/2242/2242 2256/2256/2256 2255/2255/2255
f 2252/2252/2252 2258/2258/2258 2257/2257/2257
f 2260/2260/2260 2249/2249/2249 2259/2259/2259
f 2261/2261/2261 2208/2208/2208 2245/2245/2245
f 2264/2264/2264 2263/2263/2263 2262/2262/2262
f 2267/2267/2267 2266/2266/2266 2265/2265/2265
f 2266/2266/2266 2269/2269/2269 2268/2268/2268
f 2271/2271/2271 2267/2267/2267 2270/2270/2270
f 2274/2274/2274 2273/2273/2273 2272/2272/2272
f 2277/2277/2277 2276/2276/2276 2275/2275/2275
f 2280/2280/2280 2279/2279/2279 2278/2278/2278
f 2283/2283/2283 2282/2282/2282 2281/2281/2281
f 2286/2286/2286 2285/2285/2285 2284/2284/2284
f 2286/2286/2286 2284/2284/2284 2287/2287/2287
f 2290/2290/2290 2289/2289/2289 2288/2288/2288
f 2289/2289/2289 2290/2290/2290 2291/2291/2291
f 2292/2292/2292 2290/2290/2290 2288/2288/2288
f 2290/2290/2290 2292/2292/2292 2293/2293/2293
f 2294/2294/2294 2293/2293/2293 2292/2292/2292
f 2297/2297/2297 2296/2296/2296 2295/2295/2295
f 2297/2297/2297 2298/2298/2298 2296/2296/2296
f 2301/2301/2301 2300/2300/2300 2299/2299/2299
f 2300/2300/2300 2301/2301/2301 2302/2302/2302
f 2303/2303/2303 2299/2299/2299 2300/2300/2300
f 2299/2299/2299 2303/2303/2303 2304/2304/2304
f 2300/2300/2300 2305/2305/2305 2303/2303/2303
f 2302/2302/2302 2305/2305/2305 2300/2300/2300
f 2305/2305/2305 2302/2302/2302 2306/2306/2306
f 2306/2306/2306 2307/2307/2307 2305/2305/2305
f 2307/2307/2307 2306/2306/2306 2308/2308/2308
f 2311/2311/2311 2310/2310/2310 2309/2309/2309
f 2313/2313/2313 2312/2312/2312 2310/2310/2310
f 2315/2315/2315 2309/2309/2309 2314/2314/2314
f 2317/2317/2317 2316/2316/2316 2314/2314/2314
f 2316/2316/2316 2318/2318/2318 2314/2314/2314
f 2320/2320/2320 2319/2319/2319 2317/2317/2317
f 2322/2322/2322 2320/2320/2320 2321/2321/2321
f 2324/2324/2324 2321/2321/2321 2323/2323/2323
f 2326/2326/2326 2325/2325/2325 2323/2323/2323
f 2328/2328/2328 2324/2324/2324 2327/2327/2327
f 2324/2324/2324 2328/2328/2328 2329/2329/2329
f 2327/2327/2327 2330/2330/2330 2328/2328/2328
f 2331/2331/2331 2328/2328/2328 2330/2330/2330
f 2330/2330/2330 2332/2332/2332 2331/2331/2331
f 2331/2331/2331 2332/2332/2332 2333/2333/2333
f 2332/2332/2332 2330/2330/2330 2334/2334/2334
f 2334/2334/2334 2335/2335/2335 2332/2332/2332
f 2334/2334/2334 2336/2336/2336 2335/2335/2335
f 2334/2334/2334 2330/2330/2330 2337/2337/2337
f 2338/2338/2338 2337/2337/2337 2330/2330/2330
f 2337/2337/2337 2339/2339/2339 2334/2334/2334
f 2339/2339/2339 2337/2337/2337 2340/2340/2340
f 2341/2341/2341 2335/2335/2335 2336/2336/2336
f 2336/2336/2336 2342/2342/2342 2341/2341/2341
f 2343/2343/2343 2342/2342/2342 2336/2336/2336
f 2332/2332/2332 2335/2335/2335 2344/2344/2344
f 2332/2332/2332 2344/2344/2344 2345/2345/2345
f 2345/2345/2345 2346/2346/2346 2332/2332/2332
f 2347/2347/2347 2332/2332/2332 2346/2346/2346
f 2349/2349/2349 2340/2340/2340 2348/2348/2348
f 2350/2350/2350 2340/2340/2340 2349/2349/2349
f 2352/2352/2352 2338/2338/2338 2351/2351/2351
f 2338/2338/2338 2353/2353/2353 2351/2351/2351
f 2353/2353/2353 2338/2338/2338 2354/2354/2354
f 2356/2356/2356 2352/2352/2352 2355/2355/2355
f 2357/2357/2357 2352/2352/2352 2356/2356/2356
f 2357/2357/2357 2356/2356/2356 2358/2358/2358
f 2355/2355/2355 2360/2360/2360 2359/2359/2359
f 2362/2362/2362 2361/2361/2361 2353/2353/2353
f 2365/2365/2365 2364/2364/2364 2363/2363/2363
f 2367/2367/2367 2366/2366/2366 2365/2365/2365
f 2370/2370/2370 2369/2369/2369 2368/2368/2368
f 2369/2369/2369 2370/2370/2370 2371/2371/2371
f 2369/2369/2369 2373/2373/2373 2372/2372/2372
f 2372/2372/2372 2374/2374/2374 2369/2369/2369
f 2369/2369/2369 2374/2374/2374 2375/2375/2375
f 2377/2377/2377 2376/2376/2376 2369/2369/2369
f 2369/2369/2369 2379/2379/2379 2378/2378/2378
f 2381/2381/2381 2372/2372/2372 2380/2380/2380
f 2384/2384/2384 2383/2383/2383 2382/2382/2382
f 2385/2385/2385 2382/2382/2382 2383/2383/2383
f 2382/2382/2382 2385/2385/2385 2386/2386/2386
f 2387/2387/2387 2383/2383/2383 2384/2384/2384
f 2383/2383/2383 2387/2387/2387 2388/2388/2388
f 2389/2389/2389 2385/2385/2385 2383/2383/2383
f 2392/2392/2392 2391/2391/2391 2390/2390/2390
f 2390/2390/2390 2393/2393/2393 2392/2392/2392
f 2396/2396/2396 2395/2395/2395 2394/2394/2394
f 2394/2394/2394 2398/2398/2398 2397/2397/2397
f 2394/2394/2394 2400/2400/2400 2399/2399/2399
f 2402/2402/2402 2401/2401/2401 2399/2399/2399
f 2405/2405/2405 2404/2404/2404 2403/2403/2403
f 2406/2406/2406 2405/2405/2405 2403/2403/2403
f 2405/2405/2405 2406/2406/2406 2407/2407/2407
f 2409/2409/2409 2405/2405/2405 2408/2408/2408
f 2412/2412/2412 2411/2411/2411 2410/2410/2410
f 2415/2415/2415 2414/2414/2414 2413/2413/2413
f 2415/2415/2415 2417/2417/2417 2416/2416/2416
f 2416/2416/2416 2419/2419/2419 2418/2418/2418
f 2421/2421/2421 2420/2420/2420 2418/2418/2418
f 2422/2422/2422 2421/2421/2421 2418/2418/2418
f 2424/2424/2424 2423/2423/2423 2415/2415/2415
f 2425/2425/2425 2423/2423/2423 2424/2424/2424
f 2427/2427/2427 2426/2426/2426 2421/2421/2421
f 2429/2429/2429 2421/2421/2421 2428/2428/2428
f 2417/2417/2417 2431/2431/2431 2430/2430/2430
f 2434/2434/2434 2433/2433/2433 2432/2432/2432
f 2437/2437/2437 2436/2436/2436 2435/2435/2435
f 2435/2435/2435 2439/2439/2439 2438/2438/2438
f 2442/2442/2442 2441/2441/2441 2440/2440/2440
f 2440/2440/2440 2443/2443/2443 2442/2442/2442
f 2446/2446/2446 2445/2445/2445 2444/2444/2444
f 2449/2449/2449 2448/2448/2448 2447/2447/2447
f 2452/2452/2452 2451/2451/2451 2450/2450/2450
f 2451/2451/2451 2454/2454/2454 2453/2453/2453
f 2456/2456/2456 2455/2455/2455 2452/2452/2452
f 2459/2459/2459 2458/2458/2458 2457/2457/2457
f 2462/2462/2462 2461/2461/2461 2460/2460/2460
f 2465/2465/2465 2464/2464/2464 2463/2463/2463
f 2466/2466/2466 2465/2465/2465 2463/2463/2463
f 2465/2465/2465 2468/2468/2468 2467/2467/2467
f 2471/2471/2471 2470/2470/2470 2469/2469/2469
f 2474/2474/2474 2473/2473/2473 2472/2472/2472
f 2477/2477/2477 2476/2476/2476 2475/2475/2475
f 2480/2480/2480 2479/2479/2479 2478/2478/2478
f 2483/2483/2483 2482/2482/2482 2481/2481/2481
f 2485/2485/2485 2484/2484/2484 2482/2482/2482
f 2487/2487/2487 2485/2485/2485 2486/2486/2486
f 2489/2489/2489 2485/2485/2485 2488/2488/2488
f 2492/2492/2492 2491/2491/2491 2490/2490/2490
f 2491/2491/2491 2492/2492/2492 2493/2493/2493
f 2494/2494/2494 2490/2490/2490 2491/2491/2491
f 2490/2490/2490 2494/2494/2494 2495/2495/2495
f 2498/2498/2498 2497/2497/2497 2496/2496/2496
f 2497/2497/2497 2500/2500/2500 2499/2499/2499
f 2500/2500/2500 2501/2501/2501 2499/2499/2499
f 2502/2502/2502 2500/2500/2500 2497/2497/2497
f 2502/2502/2502 2503/2503/2503 2500/2500/2500
f 2502/2502/2502 2497/2497/2497 2504/2504/2504
f 2497/2497/2497 2505/2505/2505 2504/2504/2504
f 2504/2504/2504 2505/2505/2505 2506/2506/2506
f 2504/2504/2504 2507/2507/2507 2502/2502/2502
f 2506/2506/2506 2508/2508/2508 2504/2504/2504
f 2509/2509/2509 2504/2504/2504 2508/2508/2508
f 2496/2496/2496 2501/2501/2501 2510/2510/2510
f 2502/2502/2502 2512/2512/2512 2511/2511/2511
f 2514/2514/2514 2504/2504/2504 2513/2513/2513
f 2504/2504/2504 2515/2515/2515 2513/2513/2513
f 2517/2517/2517 2505/2505/2505 2516/2516/2516
f 2515/2515/2515 2519/2519/2519 2518/2518/2518
f 2521/2521/2521 2520/2520/2520 2515/2515/2515
f 2523/2523/2523 2520/2520/2520 2522/2522/2522
f 2523/2523/2523 2525/2525/2525 2524/2524/2524
f 2527/2527/2527 2523/2523/2523 2526/2526/2526
f 2527/2527/2527 2529/2529/2529 2528/2528/2528
f 2531/2531/2531 2514/2514/2514 2530/2530/2530
f 2531/2531/2531 2533/2533/2533 2532/2532/2532
f 2532/2532/2532 2502/2502/2502 2534/2534/2534
f 2534/2534/2534 2502/2502/2502 2535/2535/2535
f 2532/2532/2532 2536/2536/2536 2503/2503/2503
f 2538/2538/2538 2503/2503/2503 2537/2537/2537
f 2503/2503/2503 2538/2538/2538 2539/2539/2539
f 2541/2541/2541 2534/2534/2534 2540/2540/2540
f 2544/2544/2544 2543/2543/2543 2542/2542/2542
f 2546/2546/2546 2544/2544/2544 2545/2545/2545
f 2547/2547/2547 2545/2545/2545 2544/2544/2544
f 2547/2547/2547 2549/2549/2549 2548/2548/2548
f 2551/2551/2551 2547/2547/2547 2550/2550/2550
f 2551/2551/2551 2553/2553/2553 2552/2552/2552
f 2554/2554/2554 2545/2545/2545 2552/2552/2552
f 2553/2553/2553 2551/2551/2551 2555/2555/2555
f 2556/2556/2556 2545/2545/2545 2554/2554/2554
f 2545/2545/2545 2556/2556/2556 2557/2557/2557
f 2551/2551/2551 2558/2558/2558 2555/2555/2555
f 2551/2551/2551 2559/2559/2559 2558/2558/2558
f 2561/2561/2561 2558/2558/2558 2560/2560/2560
f 2563/2563/2563 2558/2558/2558 2562/2562/2562
f 2564/2564/2564 2563/2563/2563 2562/2562/2562
f 2564/2564/2564 2565/2565/2565 2563/2563/2563
f 2566/2566/2566 2558/2558/2558 2563/2563/2563
f 2558/2558/2558 2566/2566/2566 2567/2567/2567
f 2566/2566/2566 2568/2568/2568 2567/2567/2567
f 2567/2567/2567 2568/2568/2568 2569/2569/2569
f 2570/2570/2570 2556/2556/2556 2568/2568/2568
f 2566/2566/2566 2571/2571/2571 2568/2568/2568
f 2566/2566/2566 2572/2572/2572 2571/2571/2571
f 2573/2573/2573 2568/2568/2568 2571/2571/2571
f 2571/2571/2571 2574/2574/2574 2573/2573/2573
f 2566/2566/2566 2563/2563/2563 2575/2575/2575
f 2576/2576/2576 2566/2566/2566 2575/2575/2575
f 2576/2576/2576 2577/2577/2577 2566/2566/2566
f 2578/2578/2578 2566/2566/2566 2577/2577/2577
f 2568/2568/2568 2573/2573/2573 2579/2579/2579
f 2581/2581/2581 2569/2569/2569 2580/2580/2580
f 2584/2584/2584 2583/2583/2583 2582/2582/2582
f 2583/2583/2583 2586/2586/2586 2585/2585/2585
f 2583/2583/2583 2585/2585/2585 2587/2587/2587
f 2589/2589/2589 2587/2587/2587 2588/2588/2588
f 2588/2588/2588 2590/2590/2590 2589/2589/2589
f 2591/2591/2591 2590/2590/2590 2588/2588/2588
f 2592/2592/2592 2589/2589/2589 2590/2590/2590
f 2589/2589/2589 2592/2592/2592 2593/2593/2593
f 2594/2594/2594 2592/2592/2592 2590/2590/2590
f 2595/2595/2595 2594/2594/2594 2590/2590/2590
f 2595/2595/2595 2596/2596/2596 2594/2594/2594
f 2597/2597/2597 2596/2596/2596 2595/2595/2595
f 2597/2597/2597 2598/2598/2598 2596/2596/2596
f 2598/2598/2598 2597/2597/2597 2599/2599/2599
f 2599/2599/2599 2600/2600/2600 2598/2598/2598
f 2600/2600/2600 2601/2601/2601 2598/2598/2598
f 2601/2601/2601 2602/2602/2602 2598/2598/2598
f 2596/2596/2596 2598/2598/2598 2602/2602/2602
f 2595/2595/2595 2603/2603/2603 2597/2597/2597
f 2597/2597/2597 2603/2603/2603 2604/2604/2604
f 2599/2599/2599 2597/2597/2597 2604/2604/2604
f 2605/2605/2605 2601/2601/2601 2600/2600/2600
f 2605/2605/2605 2600/2600/2600 2606/2606/2606
f 2607/2607/2607 2605/2605/2605 2606/2606/2606
f 2608/2608/2608 2606/2606/2606 2600/2600/2600
f 2606/2606/2606 2608/2608/2608 2609/2609/2609
f 2606/2606/2606 2609/2609/2609 2210/2210/2210
f 2210/2210/2210 2609/2609/2609 2610/2610/2610
f 2210/2210/2210 2207/2207/2207 2606/2606/2606
f 2207/2207/2207 2611/2611/2611 2606/2606/2606
f 2612/2612/2612 2611/2611/2611 2207/2207/2207
f 2612/2612/2612 2613/2613/2613 2611/2611/2611
f 2613/2613/2613 2606/2606/2606 2611/2611/2611
f 2601/2601/2601 2615/2615/2615 2614/2614/2614
f 2212/2212/2212 2616/2616/2616 2612/2612/2612
f 2617/2617/2617 2616/2616/2616 2212/2212/2212
f 2589/2589/2589 2616/2616/2616 2215/2215/2215
f 2619/2619/2619 2618/2618/2618 2589/2589/2589
f 2620/2620/2620 2619/2619/2619 2583/2583/2583
f 2583/2583/2583 2619/2619/2619 2214/2214/2214
f 2623/2623/2623 2622/2622/2622 2621/2621/2621
f 2625/2625/2625 2624/2624/2624 2623/2623/2623
f 2622/2622/2622 2627/2627/2627 2626/2626/2626
f 2630/2630/2630 2629/2629/2629 2628/2628/2628
f 2629/2629/2629 2632/2632/2632 2631/2631/2631
f 2635/2635/2635 2634/2634/2634 2633/2633/2633
f 2638/2638/2638 2637/2637/2637 2636/2636/2636
f 2639/2639/2639 2637/2637/2637 2638/2638/2638
f 2636/2636/2636 2640/2640/2640 2638/2638/2638
f 2641/2641/2641 2637/2637/2637 2639/2639/2639
f 2643/2643/2643 2642/2642/2642 2637/2637/2637
f 2643/2643/2643 2637/2637/2637 2644/2644/2644
f 2646/2646/2646 2645/2645/2645 2643/2643/2643
f 2645/2645/2645 2646/2646/2646 2647/2647/2647
f 2649/2649/2649 2648/2648/2648 2644/2644/2644
f 2651/2651/2651 2648/2648/2648 2650/2650/2650
f 2648/2648/2648 2653/2653/2653 2652/2652/2652
f 2655/2655/2655 2654/2654/2654 2647/2647/2647
f 2658/2658/2658 2657/2657/2657 2656/2656/2656
f 2661/2661/2661 2660/2660/2660 2659/2659/2659
f 2664/2664/2664 2663/2663/2663 2662/2662/2662
f 2666/2666/2666 2663/2663/2663 2665/2665/2665
f 2663/2663/2663 2666/2666/2666 2667/2667/2667
f 2669/2669/2669 2667/2667/2667 2668/2668/2668
f 2672/2672/2672 2671/2671/2671 2670/2670/2670
f 2674/2674/2674 2671/2671/2671 2673/2673/2673
f 2209/2209/2209 2675/2675/2675 2672/2672/2672
f 2678/2678/2678 2677/2677/2677 2676/2676/2676
f 2681/2681/2681 2680/2680/2680 2679/2679/2679
f 2680/2680/2680 2683/2683/2683 2682/2682/2682
f 2686/2686/2686 2685/2685/2685 2684/2684/2684
f 2688/2688/2688 2687/2687/2687 2685/2685/2685
f 2685/2685/2685 2690/2690/2690 2689/2689/2689
f 2693/2693/2693 2692/2692/2692 2691/2691/2691
f 2693/2693/2693 2694/2694/2694 2692/2692/2692
f 2697/2697/2697 2696/2696/2696 2695/2695/2695
f 2697/2697/2697 2695/2695/2695 2698/2698/2698
f 2696/2696/2696 2699/2699/2699 2695/2695/2695
f 2695/2695/2695 2699/2699/2699 2700/2700/2700
f 2700/2700/2700 2698/2698/2698 2695/2695/2695
f 2701/2701/2701 2700/2700/2700 2699/2699/2699
f 2700/2700/2700 2701/2701/2701 2702/2702/2702
f 2703/2703/2703 2702/2702/2702 2701/2701/2701
f 2704/2704/2704 2700/2700/2700 2702/2702/2702
f 2700/2700/2700 2704/2704/2704 2705/2705/2705
f 2698/2698/2698 2700/2700/2700 2705/2705/2705
f 2697/2697/2697 2698/2698/2698 2706/2706/2706
f 2707/2707/2707 2706/2706/2706 2698/2698/2698
f 2707/2707/2707 2698/2698/2698 2705/2705/2705
f 2706/2706/2706 2707/2707/2707 2708/2708/2708
f 2708/2708/2708 2709/2709/2709 2706/2706/2706
f 2711/2711/2711 2702/2702/2702 2710/2710/2710
f 2712/2712/2712 2711/2711/2711 2710/2710/2710
f 2713/2713/2713 2702/2702/2702 2711/2711/2711
f 2714/2714/2714 2713/2713/2713 2711/2711/2711
f 2702/2702/2702 2713/2713/2713 2715/2715/2715
f 2704/2704/2704 2716/2716/2716 2715/2715/2715
f 2711/2711/2711 2717/2717/2717 2714/2714/2714
f 2717/2717/2717 2711/2711/2711 2718/2718/2718
f 2714/2714/2714 2717/2717/2717 2719/2719/2719
f 2719/2719/2719 2717/2717/2717 2720/2720/2720
f 2717/2717/2717 2721/2721/2721 2720/2720/2720
f 2721/2721/2721 2717/2717/2717 2712/2712/2712
f 2703/2703/2703 2710/2710/2710 2722/2722/2722
f 2725/2725/2725 2724/2724/2724 2723/2723/2723
f 2724/2724/2724 2725/2725/2725 2726/2726/2726
f 2727/2727/2727 2726/2726/2726 2725/2725/2725
f 2728/2728/2728 2724/2724/2724 2726/2726/2726
f 2728/2728/2728 2729/2729/2729 2724/2724/2724
f 2729/2729/2729 2730/2730/2730 2724/2724/2724
f 2724/2724/2724 2730/2730/2730 2731/2731/2731
f 2728/2728/2728 2732/2732/2732 2729/2729/2729
f 2732/2732/2732 2728/2728/2728 2733/2733/2733
f 2733/2733/2733 2734/2734/2734 2732/2732/2732
f 2735/2735/2735 2729/2729/2729 2732/2732/2732
f 2729/2729/2729 2735/2735/2735 2736/2736/2736
f 2730/2730/2730 2729/2729/2729 2736/2736/2736
f 2737/2737/2737 2736/2736/2736 2735/2735/2735
f 2725/2725/2725 2739/2739/2739 2738/2738/2738
f 2739/2739/2739 2741/2741/2741 2740/2740/2740
f 2741/2741/2741 2742/2742/2742 2740/2740/2740
f 2743/2743/2743 2740/2740/2740 2742/2742/2742
f 2723/2723/2723 2742/2742/2742 2741/2741/2741
f 2740/2740/2740 2744/2744/2744 2739/2739/2739
f 2745/2745/2745 2741/2741/2741 2725/2725/2725
f 2746/2746/2746 2725/2725/2725 2741/2741/2741
f 2749/2749/2749 2748/2748/2748 2747/2747/2747
f 2749/2749/2749 2750/2750/2750 2748/2748/2748
f 2750/2750/2750 2749/2749/2749 2751/2751/2751
f 2751/2751/2751 2345/2345/2345 2750/2750/2750
f 2752/2752/2752 2751/2751/2751 2749/2749/2749
f 2753/2753/2753 2749/2749/2749 2747/2747/2747
f 2749/2749/2749 2753/2753/2753 2754/2754/2754
f 2754/2754/2754 2755/2755/2755 2751/2751/2751
f 2755/2755/2755 2756/2756/2756 2346/2346/2346
f 2757/2757/2757 2346/2346/2346 2756/2756/2756
f 2758/2758/2758 2751/2751/2751 2346/2346/2346
f 2346/2346/2346 2751/2751/2751 2759/2759/2759
f 2761/2761/2761 2760/2760/2760 2755/2755/2755
f 2763/2763/2763 2753/2753/2753 2762/2762/2762
f 2765/2765/2765 2764/2764/2764 2762/2762/2762
f 2766/2766/2766 2762/2762/2762 2764/2764/2764
f 2762/2762/2762 2766/2766/2766 2767/2767/2767
f 2768/2768/2768 2767/2767/2767 2766/2766/2766
f 2769/2769/2769 2767/2767/2767 2768/2768/2768
f 2767/2767/2767 2770/2770/2770 2762/2762/2762
f 2770/2770/2770 2767/2767/2767 2771/2771/2771
f 2747/2747/2747 2764/2764/2764 2765/2765/2765
f 2766/2766/2766 2772/2772/2772 2768/2768/2768
f 2343/2343/2343 2768/2768/2768 2772/2772/2772
f 2773/2773/2773 2343/2343/2343 2772/2772/2772
f 2774/2774/2774 2768/2768/2768 2343/2343/2343
f 2775/2775/2775 2768/2768/2768 2774/2774/2774
f 2777/2777/2777 2776/2776/2776 2772/2772/2772
f 2780/2780/2780 2779/2779/2779 2778/2778/2778
f 2779/2779/2779 2780/2780/2780 2781/2781/2781
f 2782/2782/2782 2781/2781/2781 2780/2780/2780
f 2781/2781/2781 2782/2782/2782 2783/2783/2783
f 2782/2782/2782 2784/2784/2784 2783/2783/2783
f 2780/2780/2780 2778/2778/2778 2785/2785/2785
f 2786/2786/2786 2780/2780/2780 2785/2785/2785
f 2780/2780/2780 2786/2786/2786 2782/2782/2782
f 2785/2785/2785 2787/2787/2787 2786/2786/2786
f 2783/2783/2783 2784/2784/2784 2788/2788/2788
f 2789/2789/2789 2782/2782/2782 2786/2786/2786
f 2790/2790/2790 2782/2782/2782 2789/2789/2789
f 2791/2791/2791 2782/2782/2782 2790/2790/2790
f 2792/2792/2792 2790/2790/2790 2789/2789/2789
f 2789/2789/2789 2786/2786/2786 2793/2793/2793
f 2792/2792/2792 2794/2794/2794 2790/2790/2790
f 2794/2794/2794 2784/2784/2784 2790/2790/2790
f 2794/2794/2794 2796/2796/2796 2795/2795/2795
f 2797/2797/2797 2795/2795/2795 2796/2796/2796
f 2795/2795/2795 2797/2797/2797 2788/2788/2788
f 2796/2796/2796 2794/2794/2794 2798/2798/2798
f 2799/2799/2799 2796/2796/2796 2798/2798/2798
f 2802/2802/2802 2801/2801/2801 2800/2800/2800
f 2803/2803/2803 2800/2800/2800 2801/2801/2801
f 2804/2804/2804 2801/2801/2801 2802/2802/2802
f 2801/2801/2801 2804/2804/2804 2805/2805/2805
f 2804/2804/2804 2802/2802/2802 2806/2806/2806
f 2806/2806/2806 2802/2802/2802 2807/2807/2807
f 2802/2802/2802 2808/2808/2808 2807/2807/2807
f 2800/2800/2800 2808/2808/2808 2802/2802/2802
f 2807/2807/2807 2809/2809/2809 2806/2806/2806
f 2809/2809/2809 2807/2807/2807 2810/2810/2810
f 2810/2810/2810 2811/2811/2811 2809/2809/2809
f 2804/2804/2804 2806/2806/2806 2812/2812/2812
f 2806/2806/2806 2809/2809/2809 2812/2812/2812
f 2813/2813/2813 2812/2812/2812 2809/2809/2809
f 2812/2812/2812 2813/2813/2813 2814/2814/2814
f 2815/2815/2815 2812/2812/2812 2814/2814/2814
f 2812/2812/2812 2815/2815/2815 2804/2804/2804
f 2816/2816/2816 2813/2813/2813 2809/2809/2809
f 2813/2813/2813 2816/2816/2816 2817/2817/2817
f 2819/2819/2819 2818/2818/2818 2803/2803/2803
f 2818/2818/2818 2821/2821/2821 2820/2820/2820
f 2801/2801/2801 2821/2821/2821 2818/2818/2818
f 2822/2822/2822 2821/2821/2821 2801/2801/2801
f 2822/2822/2822 2823/2823/2823 2815/2815/2815
f 2826/2826/2826 2825/2825/2825 2824/2824/2824
f 2825/2825/2825 2826/2826/2826 2501/2501/2501
f 2828/2828/2828 2824/2824/2824 2827/2827/2827
f 2830/2830/2830 2829/2829/2829 2501/2501/2501
f 2829/2829/2829 2831/2831/2831 2496/2496/2496
f 2832/2832/2832 2505/2505/2505 2831/2831/2831
f 2505/2505/2505 2833/2833/2833 2831/2831/2831
f 2836/2836/2836 2835/2835/2835 2834/2834/2834
f 2837/2837/2837 2835/2835/2835 2836/2836/2836
f 2835/2835/2835 2838/2838/2838 2834/2834/2834
f 2841/2841/2841 2840/2840/2840 2839/2839/2839
f 2844/2844/2844 2843/2843/2843 2842/2842/2842
f 2847/2847/2847 2846/2846/2846 2845/2845/2845
f 2850/2850/2850 2849/2849/2849 2848/2848/2848
f 2853/2853/2853 2852/2852/2852 2851/2851/2851
f 2851/2851/2851 2852/2852/2852 2854/2854/2854
f 2855/2855/2855 2852/2852/2852 2853/2853/2853
f 2858/2858/2858 2857/2857/2857 2856/2856/2856
f 2859/2859/2859 2858/2858/2858 2856/2856/2856
f 2862/2862/2862 2861/2861/2861 2860/2860/2860
f 2865/2865/2865 2864/2864/2864 2863/2863/2863
f 2868/2868/2868 2867/2867/2867 2866/2866/2866
f 2871/2871/2871 2870/2870/2870 2869/2869/2869
f 2874/2874/2874 2873/2873/2873 2872/2872/2872
f 2873/2873/2873 2874/2874/2874 2875/2875/2875
f 2872/2872/2872 2876/2876/2876 2874/2874/2874
f 2879/2879/2879 2878/2878/2878 2877/2877/2877
f 2882/2882/2882 2881/2881/2881 2880/2880/2880
f 2883/2883/2883 2882/2882/2882 2561/2561/2561
f 2882/2882/2882 2884/2884/2884 2561/2561/2561
f 2886/2886/2886 2884/2884/2884 2885/2885/2885
f 2885/2885/2885 2887/2887/2887 2886/2886/2886
f 2890/2890/2890 2889/2889/2889 2888/2888/2888
f 2892/2892/2892 2334/2334/2334 2891/2891/2891
f 2336/2336/2336 2893/2893/2893 2892/2892/2892
f 2336/2336/2336 2892/2892/2892 2894/2894/2894
f 2897/2897/2897 2896/2896/2896 2895/2895/2895
f 2900/2900/2900 2899/2899/2899 2898/2898/2898
f 2898/2898/2898 2902/2902/2902 2901/2901/2901
f 2905/2905/2905 2904/2904/2904 2903/2903/2903
f 2908/2908/2908 2907/2907/2907 2906/2906/2906
f 2911/2911/2911 2910/2910/2910 2909/2909/2909
f 2912/2912/2912 2756/2756/2756 2909/2909/2909
f 2914/2914/2914 2756/2756/2756 2913/2913/2913
f 2913/2913/2913 2915/2915/2915 2914/2914/2914
f 2913/2913/2913 2760/2760/2760 2916/2916/2916
f 2919/2919/2919 2918/2918/2918 2917/2917/2917
f 2919/2919/2919 2921/2921/2921 2920/2920/2920
f 2924/2924/2924 2923/2923/2923 2922/2922/2922
f 2925/2925/2925 2922/2922/2922 2923/2923/2923
f 2928/2928/2928 2927/2927/2927 2926/2926/2926
f 2926/2926/2926 2930/2930/2930 2929/2929/2929
f 2933/2933/2933 2932/2932/2932 2931/2931/2931
f 2933/2933/2933 2931/2931/2931 2521/2521/2521
f 2754/2754/2754 2935/2935/2935 2934/2934/2934
f 2754/2754/2754 2937/2937/2937 2936/2936/2936
f 2936/2936/2936 2937/2937/2937 2761/2761/2761
f 2940/2940/2940 2939/2939/2939 2938/2938/2938
f 2942/2942/2942 2941/2941/2941 2938/2938/2938
f 2945/2945/2945 2944/2944/2944 2943/2943/2943
f 2948/2948/2948 2947/2947/2947 2946/2946/2946
f 2946/2946/2946 2947/2947/2947 2949/2949/2949
f 2952/2952/2952 2951/2951/2951 2950/2950/2950
f 2954/2954/2954 2330/2330/2330 2953/2953/2953
f 2957/2957/2957 2956/2956/2956 2955/2955/2955
f 2960/2960/2960 2959/2959/2959 2958/2958/2958
f 2962/2962/2962 2961/2961/2961 2960/2960/2960
f 2965/2965/2965 2964/2964/2964 2963/2963/2963
f 2968/2968/2968 2967/2967/2967 2966/2966/2966
f 2970/2970/2970 2552/2552/2552 2969/2969/2969
f 2972/2972/2972 2551/2551/2551 2971/2971/2971
f 2971/2971/2971 2974/2974/2974 2973/2973/2973
f 2977/2977/2977 2976/2976/2976 2975/2975/2975
f 2979/2979/2979 2333/2333/2333 2978/2978/2978
f 2331/2331/2331 2979/2979/2979 2328/2328/2328
f 2979/2979/2979 2331/2331/2331 2980/2980/2980
f 2983/2983/2983 2982/2982/2982 2981/2981/2981
f 2986/2986/2986 2985/2985/2985 2984/2984/2984
f 2988/2988/2988 2987/2987/2987 2213/2213/2213
f 2991/2991/2991 2990/2990/2990 2989/2989/2989
f 2994/2994/2994 2993/2993/2993 2992/2992/2992
f 2997/2997/2997 2996/2996/2996 2995/2995/2995
f 3000/3000/3000 2999/2999/2999 2998/2998/2998
f 3003/3003/3003 3002/3002/3002 3001/3001/3001
f 3006/3006/3006 3005/3005/3005 3004/3004/3004
f 3009/3009/3009 3008/3008/3008 3007/3007/3007
f 3011/3011/3011 3010/3010/3010 2560/2560/2560
f 3014/3014/3014 3013/3013/3013 3012/3012/3012
f 3017/3017/3017 3016/3016/3016 3015/3015/3015
f 3020/3020/3020 3019/3019/3019 3018/3018/3018
f 3023/3023/3023 3022/3022/3022 3021/3021/3021
f 3026/3026/3026 3025/3025/3025 3024/3024/3024
f 3029/3029/3029 3028/3028/3028 3027/3027/3027
f 3032/3032/3032 3031/3031/3031 3030/3030/3030
f 3035/3035/3035 3034/3034/3034 3033/3033/3033
f 3037/3037/3037 3034/3034/3034 3036/3036/3036
f 3040/3040/3040 3039/3039/3039 3038/3038/3038
f 3043/3043/3043 3042/3042/3042 3041/3041/3041
f 3045/3045/3045 3043/3043/3043 3044/3044/3044
f 3048/3048/3048 3047/3047/3047 3046/3046/3046
f 3051/3051/3051 3050/3050/3050 3049/3049/3049
f 3054/3054/3054 3053/3053/3053 3052/3052/3052
f 3057/3057/3057 3056/3056/3056 3055/3055/3055
f 3060/3060/3060 3059/3059/3059 3058/3058/3058
f 3063/3063/3063 3062/3062/3062 3061/3061/3061
f 3066/3066/3066 3065/3065/3065 3064/3064/3064
f 3069/3069/3069 3068/3068/3068 3067/3067/3067
f 3072/3072/3072 3071/3071/3071 3070/3070/3070
f 3074/3074/3074 2245/2245/2245 3073/3073/3073
f 3076/3076/3076 3075/3075/3075 2245/2245/2245
f 2245/2245/2245 3078/3078/3078 3077/3077/3077
f 3081/3081/3081 3080/3080/3080 3079/3079/3079
f 3084/3084/3084 3083/3083/3083 3082/3082/3082
f 3086/3086/3086 3084/3084/3084 3085/3085/3085
f 3089/3089/3089 3088/3088/3088 3087/3087/3087
f 3092/3092/3092 3091/3091/3091 3090/3090/3090
f 3095/3095/3095 3094/3094/3094 3093/3093/3093
f 3097/3097/3097 3096/3096/3096 2512/2512/2512
f 3100/3100/3100 3099/3099/3099 3098/3098/3098
f 3103/3103/3103 3102/3102/3102 3101/3101/3101
f 3106/3106/3106 3105/3105/3105 3104/3104/3104
f 3109/3109/3109 3108/3108/3108 3107/3107/3107
f 3112/3112/3112 3111/3111/3111 3110/3110/3110
f 3115/3115/3115 3114/3114/3114 3113/3113/3113
f 3118/3118/3118 3117/3117/3117 3116/3116/3116
f 3121/3121/3121 3120/3120/3120 3119/3119/3119
f 3122/3122/3122 3120/3120/3120 3121/3121/3121
f 3125/3125/3125 3124/3124/3124 3123/3123/3123
f 3126/3126/3126 3124/3124/3124 3125/3125/3125
f 3129/3129/3129 3128/3128/3128 3127/3127/3127
f 3130/3130/3130 3128/3128/3128 3129/3129/3129
f 3133/3133/3133 3132/3132/3132 3131/3131/3131
f 3134/3134/3134 3132/3132/3132 3133/3133/3133
f 3135/3135/3135 3132/3132/3132 3134/3134/3134
f 3136/3136/3136 3132/3132/3132 3135/3135/3135
f 3137/3137/3137 3132/3132/3132 3136/3136/3136
f 3138/3138/3138 3132/3132/3132 3137/3137/3137
f 3138/3138/3138 3139/3139/3139 3132/3132/3132
f 3132/3132/3132 3139/3139/3139 3140/3140/3140
f 3138/3138/3138 3137/3137/3137 3141/3141/3141
f 3141/3141/3141 3142/3142/3142 3138/3138/3138
f 3138/3138/3138 3142/3142/3142 3143/3143/3143
f 3141/3141/3141 3134/3134/3134 3144/3144/3144
f 3144/3144/3144 3134/3134/3134 3145/3145/3145
f 3141/3141/3141 3137/3137/3137 3146/3146/3146
f 3146/3146/3146 3134/3134/3134 3141/3141/3141
f 3135/3135/3135 3134/3134/3134 3146/3146/3146
f 3135/3135/3135 3146/3146/3146 3147/3147/3147
f 3135/3135/3135 3147/3147/3147 3136/3136/3136
f 3147/3147/3147 3146/3146/3146 3148/3148/3148
f 3147/3147/3147 3148/3148/3148 3149/3149/3149
f 3149/3149/3149 3137/3137/3137 3136/3136/3136
f 3136/3136/3136 3147/3147/3147 3149/3149/3149
f 3149/3149/3149 3148/3148/3148 3150/3150/3150
f 3150/3150/3150 3137/3137/3137 3149/3149/3149
f 3150/3150/3150 3146/3146/3146 3137/3137/3137
f 3148/3148/3148 3146/3146/3146 3150/3150/3150
f 3153/3153/3153 3152/3152/3152 3151/3151/3151
f 3154/3154/3154 3152/3152/3152 3153/3153/3153
f 3157/3157/3157 3156/3156/3156 3155/3155/3155
f 3158/3158/3158 3156/3156/3156 3157/3157/3157
f 3157/3157/3157 3155/3155/3155 3159/3159/3159
f 3159/3159/3159 3155/3155/3155 3160/3160/3160
f 3159/3159/3159 3160/3160/3160 3161/3161/3161
f 3161/3161/3161 3160/3160/3160 3162/3162/3162
f 3165/3165/3165 3164/3164/3164 3163/3163/3163
f 3166/3166/3166 3164/3164/3164 3165/3165/3165
f 3169/3169/3169 3168/3168/3168 3167/3167/3167
f 3170/3170/3170 3168/3168/3168 3169/3169/3169
f 3169/3169/3169 3167/3167/3167 3171/3171/3171
f 3171/3171/3171 3167/3167/3167 3172/3172/3172
f 3171/3171/3171 3172/3172/3172 3173/3173/3173
f 3173/3173/3173 3172/3172/3172 3174/3174/3174
f 3177/3177/3177 3176/3176/3176 3175/3175/3175
f 3178/3178/3178 3176/3176/3176 3177/3177/3177
f 3175/3175/3175 3179/3179/3179 3177/3177/3177
f 3177/3177/3177 3179/3179/3179 3180/3180/3180
f 3180/3180/3180 3179/3179/3179 3181/3181/3181
f 3181/3181/3181 3179/3179/3179 3182/3182/3182
f 3185/3185/3185 3184/3184/3184 3183/3183/3183
f 3186/3186/3186 3184/3184/3184 3185/3185/3185
f 3184/3184/3184 3186/3186/3186 3187/3187/3187
f 3187/3187/3187 3186/3186/3186 3188/3188/3188
f 3187/3187/3187 3188/3188/3188 3189/3189/3189
f 3189/3189/3189 3188/3188/3188 3190/3190/3190
f 3193/3193/3193 3192/3192/3192 3191/3191/3191
f 3194/3194/3194 3192/3192/3192 3193/3193/3193
f 3193/3193/3193 3191/3191/3191 3195/3195/3195
f 3195/3195/3195 3191/3191/3191 3196/3196/3196
f 3195/3195/3195 3196/3196/3196 3197/3197/3197
f 3196/3196/3196 3198/3198/3198 3197/3197/3197
f 3197/3197/3197 3198/3198/3198 3199/3199/3199
f 3199/3199/3199 3198/3198/3198 3200/3200/3200
f 3201/3201/3201 3199/3199/3199 3200/3200/3200
f 3202/3202/3202 3201/3201/3201 3200/3200/3200
f 3202/3202/3202 3203/3203/3203 3201/3201/3201
f 3202/3202/3202 3204/3204/3204 3203/3203/3203
f 3205/3205/3205 3203/3203/3203 3204/3204/3204
f 3208/3208/3208 3207/3207/3207 3206/3206/3206
f 3209/3209/3209 3207/3207/3207 3208/3208/3208
f 3212/3212/3212 3211/3211/3211 3210/3210/3210
f 3213/3213/3213 3211/3211/3211 3212/3212/3212
f 3214/3214/3214 3213/3213/3213 3212/3212/3212
f 3215/3215/3215 3213/3213/3213 3214/3214/3214
f 3214/3214/3214 3216/3216/3216 3215/3215/3215
f 3217/3217/3217 3216/3216/3216 3214/3214/3214
f 3217/3217/3217 3218/3218/3218 3216/3216/3216
f 3219/3219/3219 3218/3218/3218 3217/3217/3217
f 3220/3220/3220 3218/3218/3218 3219/3219/3219
f 3220/3220/3220 3221/3221/3221 3218/3218/3218
f 3222/3222/3222 3221/3221/3221 3220/3220/3220
f 3223/3223/3223 3221/3221/3221 3222/3222/3222
f 3222/3222/3222 3224/3224/3224 3223/3223/3223
f 3225/3225/3225 3224/3224/3224 3222/3222/3222
f 3228/3228/3228 3227/3227/3227 3226/3226/3226
f 3229/3229/3229 3227/3227/3227 3228/3228/3228
f 3229/3229/3229 3230/3230/3230 3227/3227/3227
f 3231/3231/3231 3230/3230/3230 3229/3229/3229
f 3231/3231/3231 3232/3232/3232 3230/3230/3230
f 3233/3233/3233 3232/3232/3232 3231/3231/3231
f 3234/3234/3234 3232/3232/3232 3233/3233/3233
f 3235/3235/3235 3232/3232/3232 3234/3234/3234
f 3236/3236/3236 3235/3235/3235 3234/3234/3234
f 3236/3236/3236 3234/3234/3234 3237/3237/3237
f 3237/3237/3237 3238/3238/3238 3236/3236/3236
f 3239/3239/3239 3238/3238/3238 3237/3237/3237
f 3238/3238/3238 3239/3239/3239 3240/3240/3240
f 3240/3240/3240 3239/3239/3239 3241/3241/3241
f 3244/3244/3244 3243/3243/3243 3242/3242/3242
f 3245/3245/3245 3243/3243/3243 3244/3244/3244
f 3244/3244/3244 3242/3242/3242 3246/3246/3246
f 3246/3246/3246 3242/3242/3242 3247/3247/3247
f 3247/3247/3247 3248/3248/3248 3246/3246/3246
f 3246/3246/3246 3248/3248/3248 3249/3249/3249
f 3249/3249/3249 3248/3248/3248 3250/3250/3250
f 3250/3250/3250 3248/3248/3248 3251/3251/3251
f 3252/3252/3252 3250/3250/3250 3251/3251/3251
f 3253/3253/3253 3250/3250/3250 3252/3252/3252
f 3253/3253/3253 3252/3252/3252 3254/3254/3254
f 3253/3253/3253 3254/3254/3254 3255/3255/3255
f 3256/3256/3256 3255/3255/3255 3254/3254/3254
f 3259/3259/3259 3258/3258/3258 3257/3257/3257
f 3260/3260/3260 3258/3258/3258 3259/3259/3259
f 3263/3263/3263 3262/3262/3262 3261/3261/3261
f 3264/3264/3264 3262/3262/3262 3263/3263/3263
f 3267/3267/3267 3266/3266/3266 3265/3265/3265
f 3268/3268/3268 3266/3266/3266 3267/3267/3267
f 3267/3267/3267 3265/3265/3265 3269/3269/3269
f 3269/3269/3269 3265/3265/3265 3270/3270/3270
f 3270/3270/3270 3271/3271/3271 3269/3269/3269
f 3269/3269/3269 3271/3271/3271 3272/3272/3272
f 3273/3273/3273 3272/3272/3272 3271/3271/3271
f 3273/3273/3273 3274/3274/3274 3272/3272/3272
f 3274/3274/3274 3273/3273/3273 3275/3275/3275
f 3275/3275/3275 3273/3273/3273 3276/3276/3276
f 3276/3276/3276 3277/3277/3277 3275/3275/3275
f 3275/3275/3275 3277/3277/3277 3278/3278/3278
f 3278/3278/3278 3277/3277/3277 3279/3279/3279
f 3279/3279/3279 3277/3277/3277 3280/3280/3280
f 3281/3281/3281 3279/3279/3279 3280/3280/3280
f 3281/3281/3281 3282/3282/3282 3279/3279/3279
f 3281/3281/3281 3283/3283/3283 3282/3282/3282
f 3284/3284/3284 3283/3283/3283 3281/3281/3281
f 3287/3287/3287 3286/3286/3286 3285/3285/3285
f 3288/3288/3288 3286/3286/3286 3287/3287/3287
f 3285/3285/3285 3289/3289/3289 3287/3287/3287
f 3290/3290/3290 3289/3289/3289 3285/3285/3285
f 3290/3290/3290 3291/3291/3291 3289/3289/3289
f 3290/3290/3290 3292/3292/3292 3291/3291/3291
f 3293/3293/3293 3291/3291/3291 3292/3292/3292
f 3294/3294/3294 3291/3291/3291 3293/3293/3293
f 3294/3294/3294 3293/3293/3293 3295/3295/3295
f 3295/3295/3295 3293/3293/3293 3296/3296/3296
f 3296/3296/3296 3297/3297/3297 3295/3295/3295
f 3295/3295/3295 3297/3297/3297 3298/3298/3298
f 3298/3298/3298 3297/3297/3297 3299/3299/3299
f 3299/3299/3299 3297/3297/3297 3300/3300/3300
f 3301/3301/3301 3299/3299/3299 3300/3300/3300
f 3302/3302/3302 3299/3299/3299 3301/3301/3301
f 3301/3301/3301 3303/3303/3303 3302/3302/3302
f 3304/3304/3304 3303/3303/3303 3301/3301/3301
f 3307/3307/3307 3306/3306/3306 3305/3305/3305
f 3308/3308/3308 3306/3306/3306 3307/3307/3307
f 3309/3309/3309 3305/3305/3305 3306/3306/3306
f 3310/3310/3310 3305/3305/3305 3309/3309/3309
f 3310/3310/3310 3309/3309/3309 3311/3311/3311
f 3309/3309/3309 3312/3312/3312 3311/3311/3311
f 3312/3312/3312 3313/3313/3313 3311/3311/3311
f 3314/3314/3314 3313/3313/3313 3312/3312/3312
f 3314/3314/3314 3315/3315/3315 3313/3313/3313
f 3313/3313/3313 3315/3315/3315 3316/3316/3316
f 3316/3316/3316 3315/3315/3315 3317/3317/3317
f 3317/3317/3317 3315/3315/3315 3318/3318/3318
f 3317/3317/3317 3318/3318/3318 3319/3319/3319
f 3319/3319/3319 3318/3318/3318 3320/3320/3320
f 3320/3320/3320 3321/3321/3321 3319/3319/3319
f 3322/3322/3322 3321/3321/3321 3320/3320/3320
f 3323/3323/3323 3321/3321/3321 3322/3322/3322
f 3324/3324/3324 3321/3321/3321 3323/3323/3323
f 3327/3327/3327 3326/3326/3326 3325/3325/3325
f 3328/3328/3328 3326/3326/3326 3327/3327/3327
f 3327/3327/3327 3325/3325/3325 3329/3329/3329
f 3329/3329/3329 3325/3325/3325 3330/3330/3330
f 3329/3329/3329 3330/3330/3330 3331/3331/3331
f 3330/3330/3330 3332/3332/3332 3331/3331/3331
f 3333/3333/3333 3331/3331/3331 3332/3332/3332
f 3333/3333/3333 3332/3332/3332 3334/3334/3334
f 3333/3333/3333 3334/3334/3334 3335/3335/3335
f 3335/3335/3335 3334/3334/3334 3336/3336/3336
f 3335/3335/3335 3336/3336/3336 3337/3337/3337
f 3336/3336/3336 3338/3338/3338 3337/3337/3337
f 3337/3337/3337 3338/3338/3338 3339/3339/3339
f 3339/3339/3339 3338/3338/3338 3340/3340/3340
f 3341/3341/3341 3339/3339/3339 3340/3340/3340
f 3341/3341/3341 3340/3340/3340 3342/3342/3342
f 3342/3342/3342 3343/3343/3343 3341/3341/3341
f 3344/3344/3344 3343/3343/3343 3342/3342/3342
f 3347/3347/3347 3346/3346/3346 3345/3345/3345
f 3348/3348/3348 3346/3346/3346 3347/3347/3347
f 3351/3351/3351 3350/3350/3350 3349/3349/3349
f 3352/3352/3352 3350/3350/3350 3351/3351/3351
f 3355/3355/3355 3354/3354/3354 3353/3353/3353
f 3356/3356/3356 3354/3354/3354 3355/3355/3355
f 3355/3355/3355 3353/3353/3353 3357/3357/3357
f 3357/3357/3357 3353/3353/3353 3358/3358/3358
f 3358/3358/3358 3359/3359/3359 3357/3357/3357
f 3360/3360/3360 3359/3359/3359 3358/3358/3358
f 3359/3359/3359 3360/3360/3360 3361/3361/3361
f 3361/3361/3361 3360/3360/3360 3362/3362/3362
f 3365/3365/3365 3364/3364/3364 3363/3363/3363
f 3366/3366/3366 3364/3364/3364 3365/3365/3365
f 3363/3363/3363 3367/3367/3367 3365/3365/3365
f 3368/3368/3368 3367/3367/3367 3363/3363/3363
f 3368/3368/3368 3369/3369/3369 3367/3367/3367
f 3370/3370/3370 3369/3369/3369 3368/3368/3368
f 3371/3371/3371 3369/3369/3369 3370/3370/3370
f 3372/3372/3372 3369/3369/3369 3371/3371/3371
f 3375/3375/3375 3374/3374/3374 3373/3373/3373
f 3376/3376/3376 3374/3374/3374 3375/3375/3375
f 3377/3377/3377 3373/3373/3373 3374/3374/3374
f 3378/3378/3378 3373/3373/3373 3377/3377/3377
f 3379/3379/3379 3378/3378/3378 3377/3377/3377
f 3380/3380/3380 3378/3378/3378 3379/3379/3379
f 3379/3379/3379 3381/3381/3381 3380/3380/3380
f 3382/3382/3382 3381/3381/3381 3379/3379/3379
f 3385/3385/3385 3384/3384/3384 3383/3383/3383
f 3386/3386/3386 3384/3384/3384 3385/3385/3385
f 3385/3385/3385 3383/3383/3383 3387/3387/3387
f 3387/3387/3387 3383/3383/3383 3388/3388/3388
f 3389/3389/3389 3387/3387/3387 3388/3388/3388
f 3390/3390/3390 3387/3387/3387 3389/3389/3389
f 3390/3390/3390 3389/3389/3389 3391/3391/3391
f 3391/3391/3391 3389/3389/3389 3392/3392/3392
f 3395/3395/3395 3394/3394/3394 3393/3393/3393
f 3396/3396/3396 3394/3394/3394 3395/3395/3395
f 3399/3399/3399 3398/3398/3398 3397/3397/3397
f 3400/3400/3400 3398/3398/3398 3399/3399/3399
f 3403/3403/3403 3402/3402/3402 3401/3401/3401
f 3404/3404/3404 3402/3402/3402 3403/3403/3403
f 3407/3407/3407 3406/3406/3406 3405/3405/3405
f 3408/3408/3408 3406/3406/3406 3407/3407/3407
f 3411/3411/3411 3410/3410/3410 3409/3409/3409
f 3412/3412/3412 3410/3410/3410 3411/3411/3411
f 3415/3415/3415 3414/3414/3414 3413/3413/3413
f 3416/3416/3416 3414/3414/3414 3415/3415/3415
f 3419/3419/3419 3418/3418/3418 3417/3417/3417
f 3420/3420/3420 3418/3418/3418 3419/3419/3419
f 3423/3423/3423 3422/3422/3422 3421/3421/3421
f 3424/3424/3424 3422/3422/3422 3423/3423/3423
f 3427/3427/3427 3426/3426/3426 3425/3425/3425
f 3428/3428/3428 3426/3426/3426 3427/3427/3427
f 3431/3431/3431 3430/3430/3430 3429/3429/3429
f 3432/3432/3432 3430/3430/3430 3431/3431/3431
f 3435/3435/3435 3434/3434/3434 3433/3433/3433
f 3436/3436/3436 3434/3434/3434 3435/3435/3435
f 3439/3439/3439 3438/3438/3438 3437/3437/3437
f 3440/3440/3440 3438/3438/3438 3439/3439/3439
f 3443/3443/3443 3442/3442/3442 3441/3441/3441
f 3444/3444/3444 3442/3442/3442 3443/3443/3443
f 3447/3447/3447 3446/3446/3446 3445/3445/3445
f 3448/3448/3448 3446/3446/3446 3447/3447/3447
f 3451/3451/3451 3450/3450/3450 3449/3449/3449
f 3451/3451/3451 3452/3452/3452 3450/3450/3450
f 3451/3451/3451 3449/3449/3449 3453/3453/3453
f 3454/3454/3454 3453/3453/3453 3449/3449/3449
f 3454/3454/3454 3455/3455/3455 3453/3453/3453
f 3455/3455/3455 3456/3456/3456 3453/3453/3453
f 3457/3457/3457 3453/3453/3453 3456/3456/3456
f 3454/3454/3454 3458/3458/3458 3455/3455/3455
f 3457/3457/3457 3459/3459/3459 3453/3453/3453
f 3458/3458/3458 3459/3459/3459 3457/3457/3457
f 3451/3451/3451 3460/3460/3460 3452/3452/3452
f 3460/3460/3460 3461/3461/3461 3459/3459/3459
f 3462/3462/3462 3459/3459/3459 3461/3461/3461
f 3462/3462/3462 3461/3461/3461 3463/3463/3463
f 3462/3462/3462 3463/3463/3463 3464/3464/3464
f 3451/3451/3451 3462/3462/3462 3464/3464/3464
f 3451/3451/3451 3464/3464/3464 3460/3460/3460
f 3460/3460/3460 3459/3459/3459 3465/3465/3465
f 3465/3465/3465 3459/3459/3459 3466/3466/3466
f 3467/3467/3467 3466/3466/3466 3459/3459/3459
f 3458/3458/3458 3467/3467/3467 3459/3459/3459
f 3460/3460/3460 3465/3465/3465 3468/3468/3468
f 3454/3454/3454 3468/3468/3468 3458/3458/3458
f 3458/3458/3458 3468/3468/3468 3467/3467/3467
f 3452/3452/3452 3460/3460/3460 3468/3468/3468
f 3452/3452/3452 3468/3468/3468 3454/3454/3454
f 3471/3471/3471 3470/3470/3470 3469/3469/3469
f 3472/3472/3472 3470/3470/3470 3471/3471/3471
f 3469/3469/3469 3473/3473/3473 3471/3471/3471
f 3471/3471/3471 3473/3473/3473 3474/3474/3474
f 3477/3477/3477 3476/3476/3476 3475/3475/3475
f 3478/3478/3478 3476/3476/3476 3477/3477/3477
f 3477/3477/3477 3475/3475/3475 3479/3479/3479
f 3479/3479/3479 3475/3475/3475 3480/3480/3480
f 3483/3483/3483 3482/3482/3482 3481/3481/3481
f 3484/3484/3484 3482/3482/3482 3483/3483/3483
f 3483/3483/3483 3481/3481/3481 3485/3485/3485
f 3485/3485/3485 3481/3481/3481 3486/3486/3486
f 3489/3489/3489 3488/3488/3488 3487/3487/3487
f 3490/3490/3490 3488/3488/3488 3489/3489/3489
f 3487/3487/3487 3491/3491/3491 3489/3489/3489
f 3489/3489/3489 3491/3491/3491 3492/3492/3492
f 3495/3495/3495 3494/3494/3494 3493/3493/3493
f 3495/3495/3495 3493/3493/3493 3496/3496/3496
f 3497/3497/3497 3496/3496/3496 3493/3493/3493
f 3498/3498/3498 3494/3494/3494 3495/3495/3495
f 3499/3499/3499 3497/3497/3497 3493/3493/3493
f 3500/3500/3500 3497/3497/3497 3499/3499/3499
f 3500/3500/3500 3498/3498/3498 3497/3497/3497
f 3500/3500/3500 3494/3494/3494 3498/3498/3498
f 3493/3493/3493 3494/3494/3494 3501/3501/3501
f 3501/3501/3501 3494/3494/3494 3502/3502/3502
f 3505/3505/3505 3504/3504/3504 3503/3503/3503
f 3506/3506/3506 3505/3505/3505 3503/3503/3503
f 3507/3507/3507 3506/3506/3506 3503/3503/3503
f 3508/3508/3508 3504/3504/3504 3505/3505/3505
f 3509/3509/3509 3507/3507/3507 3503/3503/3503
f 3509/3509/3509 3510/3510/3510 3507/3507/3507
f 3510/3510/3510 3508/3508/3508 3507/3507/3507
f 3510/3510/3510 3504/3504/3504 3508/3508/3508
f 3504/3504/3504 3511/3511/3511 3503/3503/3503
f 3503/3503/3503 3511/3511/3511 3512/3512/3512
f 3515/3515/3515 3514/3514/3514 3513/3513/3513
f 3516/3516/3516 3514/3514/3514 3515/3515/3515
f 3517/3517/3517 3514/3514/3514 3516/3516/3516
f 3518/3518/3518 3515/3515/3515 3513/3513/3513
f 3519/3519/3519 3514/3514/3514 3517/3517/3517
f 3519/3519/3519 3517/3517/3517 3520/3520/3520
f 3520/3520/3520 3518/3518/3518 3513/3513/3513
f 3520/3520/3520 3517/3517/3517 3518/3518/3518
f 3513/3513/3513 3514/3514/3514 3521/3521/3521
f 3521/3521/3521 3514/3514/3514 3522/3522/3522
f 3525/3525/3525 3524/3524/3524 3523/3523/3523
f 3525/3525/3525 3526/3526/3526 3524/3524/3524
f 3527/3527/3527 3524/3524/3524 3526/3526/3526
f 3528/3528/3528 3525/3525/3525 3523/3523/3523
f 3529/3529/3529 3524/3524/3524 3527/3527/3527
f 3530/3530/3530 3529/3529/3529 3527/3527/3527
f 3530/3530/3530 3528/3528/3528 3523/3523/3523
f 3530/3530/3530 3527/3527/3527 3528/3528/3528
f 3524/3524/3524 3531/3531/3531 3523/3523/3523
f 3523/3523/3523 3531/3531/3531 3532/3532/3532
f 3535/3535/3535 3534/3534/3534 3533/3533/3533
f 3536/3536/3536 3534/3534/3534 3535/3535/3535
f 3533/3533/3533 3537/3537/3537 3535/3535/3535
f 3535/3535/3535 3537/3537/3537 3538/3538/3538
f 3541/3541/3541 3540/3540/3540 3539/3539/3539
f 3542/3542/3542 3540/3540/3540 3541/3541/3541
f 3541/3541/3541 3539/3539/3539 3543/3543/3543
f 3543/3543/3543 3539/3539/3539 3544/3544/3544
f 3547/3547/3547 3546/3546/3546 3545/3545/3545
f 3548/3548/3548 3546/3546/3546 3547/3547/3547
f 3545/3545/3545 3549/3549/3549 3547/3547/3547
f 3547/3547/3547 3549/3549/3549 3550/3550/3550
f 3553/3553/3553 3552/3552/3552 3551/3551/3551
f 3553/3553/3553 3554/3554/3554 3552/3552/3552
f 3555/3555/3555 3552/3552/3552 3554/3554/3554
f 3556/3556/3556 3553/3553/3553 3551/3551/3551
f 3557/3557/3557 3552/3552/3552 3555/3555/3555
f 3558/3558/3558 3557/3557/3557 3555/3555/3555
f 3558/3558/3558 3556/3556/3556 3551/3551/3551
f 3558/3558/3558 3555/3555/3555 3556/3556/3556
f 3551/3551/3551 3552/3552/3552 3559/3559/3559
f 3559/3559/3559 3552/3552/3552 3560/3560/3560
f 3563/3563/3563 3562/3562/3562 3561/3561/3561
f 3562/3562/3562 3564/3564/3564 3561/3561/3561
f 3561/3561/3561 3564/3564/3564 3565/3565/3565
f 3565/3565/3565 3564/3564/3564 3566/3566/3566
f 3569/3569/3569 3568/3568/3568 3567/3567/3567
f 3569/3569/3569 3567/3567/3567 3570/3570/3570
f 3571/3571/3571 3570/3570/3570 3567/3567/3567
f 3572/3572/3572 3568/3568/3568 3569/3569/3569
f 3573/3573/3573 3571/3571/3571 3567/3567/3567
f 3574/3574/3574 3571/3571/3571 3573/3573/3573
f 3574/3574/3574 3572/3572/3572 3571/3571/3571
f 3574/3574/3574 3568/3568/3568 3572/3572/3572
f 3568/3568/3568 3575/3575/3575 3567/3567/3567
f 3567/3567/3567 3575/3575/3575 3576/3576/3576
f 3579/3579/3579 3578/3578/3578 3577/3577/3577
f 3580/3580/3580 3578/3578/3578 3579/3579/3579
f 3581/3581/3581 3578/3578/3578 3580/3580/3580
f 3582/3582/3582 3579/3579/3579 3577/3577/3577
f 3583/3583/3583 3578/3578/3578 3581/3581/3581
f 3583/3583/3583 3581/3581/3581 3584/3584/3584
f 3584/3584/3584 3582/3582/3582 3577/3577/3577
f 3584/3584/3584 3581/3581/3581 3582/3582/3582
f 3577/3577/3577 3578/3578/3578 3585/3585/3585
f 3585/3585/3585 3578/3578/3578 3586/3586/3586
f 3589/3589/3589 3588/3588/3588 3587/3587/3587
f 3590/3590/3590 3589/3589/3589 3587/3587/3587
f 3591/3591/3591 3590/3590/3590 3587/3587/3587
f 3592/3592/3592 3588/3588/3588 3589/3589/3589
f 3593/3593/3593 3591/3591/3591 3587/3587/3587
f 3593/3593/3593 3594/3594/3594 3591/3591/3591
f 3594/3594/3594 3592/3592/3592 3591/3591/3591
f 3594/3594/3594 3588/3588/3588 3592/3592/3592
f 3588/3588/3588 3595/3595/3595 3587/3587/3587
f 3587/3587/3587 3595/3595/3595 3596/3596/3596
f 3599/3599/3599 3598/3598/3598 3597/3597/3597
f 3600/3600/3600 3598/3598/3598 3599/3599/3599
f 3603/3603/3603 3602/3602/3602 3601/3601/3601
f 3604/3604/3604 3602/3602/3602 3603/3603/3603
f 3607/3607/3607 3606/3606/3606 3605/3605/3605
f 3608/3608/3608 3606/3606/3606 3607/3607/3607
f 3611/3611/3611 3610/3610/3610 3609/3609/3609
f 3612/3612/3612 3610/3610/3610 3611/3611/3611
f 3615/3615/3615 3614/3614/3614 3613/3613/3613
f 3616/3616/3616 3614/3614/3614 3615/3615/3615
f 3619/3619/3619 3618/3618/3618 3617/3617/3617
f 3620/3620/3620 3618/3618/3618 3619/3619/3619
f 3623/3623/3623 3622/3622/3622 3621/3621/3621
f 3623/3623/3623 3624/3624/3624 3622/3622/3622
f 3623/3623/3623 3625/3625/3625 3624/3624/3624
f 3626/3626/3626 3621/3621/3621 3622/3622/3622
f 3626/3626/3626 3622/3622/3622 3627/3627/3627
f 3627/3627/3627 3622/3622/3622 3628/3628/3628
f 3629/3629/3629 3627/3627/3627 3628/3628/3628
f 3629/3629/3629 3628/3628/3628 3630/3630/3630
f 3630/3630/3630 3628/3628/3628 3631/3631/3631
f 3632/3632/3632 3630/3630/3630 3631/3631/3631
f 3632/3632/3632 3631/3631/3631 3633/3633/3633
f 3633/3633/3633 3631/3631/3631 3634/3634/3634
f 3635/3635/3635 3633/3633/3633 3634/3634/3634
f 3635/3635/3635 3634/3634/3634 3636/3636/3636
f 3636/3636/3636 3634/3634/3634 3637/3637/3637
f 3637/3637/3637 3634/3634/3634 3638/3638/3638
f 3639/3639/3639 3637/3637/3637 3638/3638/3638
f 3639/3639/3639 3638/3638/3638 3640/3640/3640
f 3640/3640/3640 3638/3638/3638 3641/3641/3641
f 3641/3641/3641 3642/3642/3642 3640/3640/3640
f 3642/3642/3642 3641/3641/3641 3643/3643/3643
